station_name,amphoe,tambon,station_id,station_type,cand_number,candidate_name,party_name,color_hex,score
election_data\ล่วงหน้านอกเขตเลือกตั้งและนอกราชอาณาจักร\ส.ส.5-17 ชุดที่ 9,ล่วงหน้านอกเขต,ล่วงหน้านอกเขต,ส.ส.5-17 ชุดที่ 9,advance_out,1,นายเกษม ฉิมพลี,ภูมิใจไทย,#212b6b,36
election_data\ล่วงหน้านอกเขตเลือกตั้งและนอกราชอาณาจักร\ส.ส.5-17 ชุดที่ 9,ล่วงหน้านอกเขต,ล่วงหน้านอกเขต,ส.ส.5-17 ชุดที่ 9,advance_out,2,นายสมศักดิ์ บุญประชม,เพื่อไทรวมพลัง,#ff66cc,257
election_data\ล่วงหน้านอกเขตเลือกตั้งและนอกราชอาณาจักร\ส.ส.5-17 ชุดที่ 9,ล่วงหน้านอกเขต,ล่วงหน้านอกเขต,ส.ส.5-17 ชุดที่ 9,advance_out,3,นายวัชรพล เชื้อคง,เพื่อไทย,#e0002b,4
election_data\ล่วงหน้านอกเขตเลือกตั้งและนอกราชอาณาจักร\ส.ส.5-17 ชุดที่ 9,ล่วงหน้านอกเขต,ล่วงหน้านอกเขต,ส.ส.5-17 ชุดที่ 9,advance_out,4,นางสาวมิลิณ กำเนิดสิงห์,พลังประชารัฐ,#1f56a3,6
election_data\ล่วงหน้านอกเขตเลือกตั้งและนอกราชอาณาจักร\ส.ส.5-17 ชุดที่ 9,ล่วงหน้านอกเขต,ล่วงหน้านอกเขต,ส.ส.5-17 ชุดที่ 9,advance_out,5,นายสิโรตม์ แสนทวีสุข,ประชาชน,#f47933,20
election_data\ล่วงหน้านอกเขตเลือกตั้งและนอกราชอาณาจักร\ส.ส.5-17 ชุดที่ 9,ล่วงหน้านอกเขต,ล่วงหน้านอกเขต,ส.ส.5-17 ชุดที่ 9,advance_out,6,นายยิ่ง ภูผา,ประชาธิปัตย์,#00a2e8,0
election_data\อำเภอทุ่งศรีอุดม\ตำบลกุดเรือ\หน่วยที่ 1,อำเภอทุ่งศรีอุดม,ตำบลกุดเรือ,หน่วยที่ 1,election_day,1,นายเกษม ฉิมพลี,ภูมิใจไทย,#212b6b,17
election_data\อำเภอทุ่งศรีอุดม\ตำบลกุดเรือ\หน่วยที่ 1,อำเภอทุ่งศรีอุดม,ตำบลกุดเรือ,หน่วยที่ 1,election_day,2,นายสมศักดิ์ บุญประชม,เพื่อไทรวมพลัง,#ff66cc,304
election_data\อำเภอทุ่งศรีอุดม\ตำบลกุดเรือ\หน่วยที่ 1,อำเภอทุ่งศรีอุดม,ตำบลกุดเรือ,หน่วยที่ 1,election_day,3,นายวัชรพล เชื้อคง,เพื่อไทย,#e0002b,52
election_data\อำเภอทุ่งศรีอุดม\ตำบลกุดเรือ\หน่วยที่ 1,อำเภอทุ่งศรีอุดม,ตำบลกุดเรือ,หน่วยที่ 1,election_day,4,นางสาวมิลิณ กำเนิดสิงห์,พลังประชารัฐ,#1f56a3,1
election_data\อำเภอทุ่งศรีอุดม\ตำบลกุดเรือ\หน่วยที่ 1,อำเภอทุ่งศรีอุดม,ตำบลกุดเรือ,หน่วยที่ 1,election_day,5,นายสิโรตม์ แสนทวีสุข,ประชาชน,#f47933,3
election_data\อำเภอทุ่งศรีอุดม\ตำบลกุดเรือ\หน่วยที่ 1,อำเภอทุ่งศรีอุดม,ตำบลกุดเรือ,หน่วยที่ 1,election_day,6,นายยิ่ง ภูผา,ประชาธิปัตย์,#00a2e8,1
election_data\อำเภอทุ่งศรีอุดม\ตำบลกุดเรือ\หน่วยที่ 10,อำเภอทุ่งศรีอุดม,ตำบลกุดเรือ,หน่วยที่ 10,election_day,1,นายเกษม ฉิมพลี,ภูมิใจไทย,#212b6b,186
election_data\อำเภอทุ่งศรีอุดม\ตำบลกุดเรือ\หน่วยที่ 10,อำเภอทุ่งศรีอุดม,ตำบลกุดเรือ,หน่วยที่ 10,election_day,2,นายสมศักดิ์ บุญประชม,เพื่อไทรวมพลัง,#ff66cc,186
election_data\อำเภอทุ่งศรีอุดม\ตำบลกุดเรือ\หน่วยที่ 10,อำเภอทุ่งศรีอุดม,ตำบลกุดเรือ,หน่วยที่ 10,election_day,3,นายวัชรพล เชื้อคง,เพื่อไทย,#e0002b,0
election_data\อำเภอทุ่งศรีอุดม\ตำบลกุดเรือ\หน่วยที่ 10,อำเภอทุ่งศรีอุดม,ตำบลกุดเรือ,หน่วยที่ 10,election_day,4,นางสาวมิลิณ กำเนิดสิงห์,พลังประชารัฐ,#1f56a3,0
election_data\อำเภอทุ่งศรีอุดม\ตำบลกุดเรือ\หน่วยที่ 10,อำเภอทุ่งศรีอุดม,ตำบลกุดเรือ,หน่วยที่ 10,election_day,5,นายสิโรตม์ แสนทวีสุข,ประชาชน,#f47933,15
election_data\อำเภอทุ่งศรีอุดม\ตำบลกุดเรือ\หน่วยที่ 10,อำเภอทุ่งศรีอุดม,ตำบลกุดเรือ,หน่วยที่ 10,election_day,6,นายยิ่ง ภูผา,ประชาธิปัตย์,#00a2e8,0
election_data\อำเภอทุ่งศรีอุดม\ตำบลกุดเรือ\หน่วยที่ 11,อำเภอทุ่งศรีอุดม,ตำบลกุดเรือ,หน่วยที่ 11,election_day,1,นายเกษม ฉิมพลี,ภูมิใจไทย,#212b6b,3
election_data\อำเภอทุ่งศรีอุดม\ตำบลกุดเรือ\หน่วยที่ 11,อำเภอทุ่งศรีอุดม,ตำบลกุดเรือ,หน่วยที่ 11,election_day,2,นายสมศักดิ์ บุญประชม,เพื่อไทรวมพลัง,#ff66cc,126
election_data\อำเภอทุ่งศรีอุดม\ตำบลกุดเรือ\หน่วยที่ 11,อำเภอทุ่งศรีอุดม,ตำบลกุดเรือ,หน่วยที่ 11,election_day,3,นายวัชรพล เชื้อคง,เพื่อไทย,#e0002b,8
election_data\อำเภอทุ่งศรีอุดม\ตำบลกุดเรือ\หน่วยที่ 11,อำเภอทุ่งศรีอุดม,ตำบลกุดเรือ,หน่วยที่ 11,election_day,4,นางสาวมิลิณ กำเนิดสิงห์,พลังประชารัฐ,#1f56a3,1
election_data\อำเภอทุ่งศรีอุดม\ตำบลกุดเรือ\หน่วยที่ 11,อำเภอทุ่งศรีอุดม,ตำบลกุดเรือ,หน่วยที่ 11,election_day,5,นายสิโรตม์ แสนทวีสุข,ประชาชน,#f47933,0
election_data\อำเภอทุ่งศรีอุดม\ตำบลกุดเรือ\หน่วยที่ 11,อำเภอทุ่งศรีอุดม,ตำบลกุดเรือ,หน่วยที่ 11,election_day,6,นายยิ่ง ภูผา,ประชาธิปัตย์,#00a2e8,0
election_data\อำเภอทุ่งศรีอุดม\ตำบลกุดเรือ\หน่วยที่ 2,อำเภอทุ่งศรีอุดม,ตำบลกุดเรือ,หน่วยที่ 2,election_day,1,นายเกษม ฉิมพลี,ภูมิใจไทย,#212b6b,11
election_data\อำเภอทุ่งศรีอุดม\ตำบลกุดเรือ\หน่วยที่ 2,อำเภอทุ่งศรีอุดม,ตำบลกุดเรือ,หน่วยที่ 2,election_day,2,นายสมศักดิ์ บุญประชม,เพื่อไทรวมพลัง,#ff66cc,363
election_data\อำเภอทุ่งศรีอุดม\ตำบลกุดเรือ\หน่วยที่ 2,อำเภอทุ่งศรีอุดม,ตำบลกุดเรือ,หน่วยที่ 2,election_day,3,นายวัชรพล เชื้อคง,เพื่อไทย,#e0002b,15
election_data\อำเภอทุ่งศรีอุดม\ตำบลกุดเรือ\หน่วยที่ 2,อำเภอทุ่งศรีอุดม,ตำบลกุดเรือ,หน่วยที่ 2,election_day,4,นางสาวมิลิณ กำเนิดสิงห์,พลังประชารัฐ,#1f56a3,0
election_data\อำเภอทุ่งศรีอุดม\ตำบลกุดเรือ\หน่วยที่ 2,อำเภอทุ่งศรีอุดม,ตำบลกุดเรือ,หน่วยที่ 2,election_day,5,นายสิโรตม์ แสนทวีสุข,ประชาชน,#f47933,28
election_data\อำเภอทุ่งศรีอุดม\ตำบลกุดเรือ\หน่วยที่ 2,อำเภอทุ่งศรีอุดม,ตำบลกุดเรือ,หน่วยที่ 2,election_day,6,นายยิ่ง ภูผา,ประชาธิปัตย์,#00a2e8,2
election_data\อำเภอทุ่งศรีอุดม\ตำบลกุดเรือ\หน่วยที่ 3,อำเภอทุ่งศรีอุดม,ตำบลกุดเรือ,หน่วยที่ 3,election_day,1,นายเกษม ฉิมพลี,ภูมิใจไทย,#212b6b,1
election_data\อำเภอทุ่งศรีอุดม\ตำบลกุดเรือ\หน่วยที่ 3,อำเภอทุ่งศรีอุดม,ตำบลกุดเรือ,หน่วยที่ 3,election_day,2,นายสมศักดิ์ บุญประชม,เพื่อไทรวมพลัง,#ff66cc,144
election_data\อำเภอทุ่งศรีอุดม\ตำบลกุดเรือ\หน่วยที่ 3,อำเภอทุ่งศรีอุดม,ตำบลกุดเรือ,หน่วยที่ 3,election_day,3,นายวัชรพล เชื้อคง,เพื่อไทย,#e0002b,7
election_data\อำเภอทุ่งศรีอุดม\ตำบลกุดเรือ\หน่วยที่ 3,อำเภอทุ่งศรีอุดม,ตำบลกุดเรือ,หน่วยที่ 3,election_day,4,นางสาวมิลิณ กำเนิดสิงห์,พลังประชารัฐ,#1f56a3,4
election_data\อำเภอทุ่งศรีอุดม\ตำบลกุดเรือ\หน่วยที่ 3,อำเภอทุ่งศรีอุดม,ตำบลกุดเรือ,หน่วยที่ 3,election_day,5,นายสิโรตม์ แสนทวีสุข,ประชาชน,#f47933,8
election_data\อำเภอทุ่งศรีอุดม\ตำบลกุดเรือ\หน่วยที่ 3,อำเภอทุ่งศรีอุดม,ตำบลกุดเรือ,หน่วยที่ 3,election_day,6,นายยิ่ง ภูผา,ประชาธิปัตย์,#00a2e8,1
election_data\อำเภอทุ่งศรีอุดม\ตำบลกุดเรือ\หน่วยที่ 4,อำเภอทุ่งศรีอุดม,ตำบลกุดเรือ,หน่วยที่ 4,election_day,1,นายเกษม ฉิมพลี,ภูมิใจไทย,#212b6b,11
election_data\อำเภอทุ่งศรีอุดม\ตำบลกุดเรือ\หน่วยที่ 4,อำเภอทุ่งศรีอุดม,ตำบลกุดเรือ,หน่วยที่ 4,election_day,2,นายสมศักดิ์ บุญประชม,เพื่อไทรวมพลัง,#ff66cc,174
election_data\อำเภอทุ่งศรีอุดม\ตำบลกุดเรือ\หน่วยที่ 4,อำเภอทุ่งศรีอุดม,ตำบลกุดเรือ,หน่วยที่ 4,election_day,3,นายวัชรพล เชื้อคง,เพื่อไทย,#e0002b,7
election_data\อำเภอทุ่งศรีอุดม\ตำบลกุดเรือ\หน่วยที่ 4,อำเภอทุ่งศรีอุดม,ตำบลกุดเรือ,หน่วยที่ 4,election_day,4,นางสาวมิลิณ กำเนิดสิงห์,พลังประชารัฐ,#1f56a3,3
election_data\อำเภอทุ่งศรีอุดม\ตำบลกุดเรือ\หน่วยที่ 4,อำเภอทุ่งศรีอุดม,ตำบลกุดเรือ,หน่วยที่ 4,election_day,5,นายสิโรตม์ แสนทวีสุข,ประชาชน,#f47933,18
election_data\อำเภอทุ่งศรีอุดม\ตำบลกุดเรือ\หน่วยที่ 4,อำเภอทุ่งศรีอุดม,ตำบลกุดเรือ,หน่วยที่ 4,election_day,6,นายยิ่ง ภูผา,ประชาธิปัตย์,#00a2e8,2
election_data\อำเภอทุ่งศรีอุดม\ตำบลกุดเรือ\หน่วยที่ 5,อำเภอทุ่งศรีอุดม,ตำบลกุดเรือ,หน่วยที่ 5,election_day,1,นายเกษม ฉิมพลี,ภูมิใจไทย,#212b6b,5
election_data\อำเภอทุ่งศรีอุดม\ตำบลกุดเรือ\หน่วยที่ 5,อำเภอทุ่งศรีอุดม,ตำบลกุดเรือ,หน่วยที่ 5,election_day,2,นายสมศักดิ์ บุญประชม,เพื่อไทรวมพลัง,#ff66cc,199
election_data\อำเภอทุ่งศรีอุดม\ตำบลกุดเรือ\หน่วยที่ 5,อำเภอทุ่งศรีอุดม,ตำบลกุดเรือ,หน่วยที่ 5,election_day,3,นายวัชรพล เชื้อคง,เพื่อไทย,#e0002b,1
election_data\อำเภอทุ่งศรีอุดม\ตำบลกุดเรือ\หน่วยที่ 5,อำเภอทุ่งศรีอุดม,ตำบลกุดเรือ,หน่วยที่ 5,election_day,4,นางสาวมิลิณ กำเนิดสิงห์,พลังประชารัฐ,#1f56a3,0
election_data\อำเภอทุ่งศรีอุดม\ตำบลกุดเรือ\หน่วยที่ 5,อำเภอทุ่งศรีอุดม,ตำบลกุดเรือ,หน่วยที่ 5,election_day,5,นายสิโรตม์ แสนทวีสุข,ประชาชน,#f47933,1
election_data\อำเภอทุ่งศรีอุดม\ตำบลกุดเรือ\หน่วยที่ 5,อำเภอทุ่งศรีอุดม,ตำบลกุดเรือ,หน่วยที่ 5,election_day,6,นายยิ่ง ภูผา,ประชาธิปัตย์,#00a2e8,0
election_data\อำเภอทุ่งศรีอุดม\ตำบลกุดเรือ\หน่วยที่ 6,อำเภอทุ่งศรีอุดม,ตำบลกุดเรือ,หน่วยที่ 6,election_day,1,นายเกษม ฉิมพลี,ภูมิใจไทย,#212b6b,16
election_data\อำเภอทุ่งศรีอุดม\ตำบลกุดเรือ\หน่วยที่ 6,อำเภอทุ่งศรีอุดม,ตำบลกุดเรือ,หน่วยที่ 6,election_day,2,นายสมศักดิ์ บุญประชม,เพื่อไทรวมพลัง,#ff66cc,223
election_data\อำเภอทุ่งศรีอุดม\ตำบลกุดเรือ\หน่วยที่ 6,อำเภอทุ่งศรีอุดม,ตำบลกุดเรือ,หน่วยที่ 6,election_day,3,นายวัชรพล เชื้อคง,เพื่อไทย,#e0002b,21
election_data\อำเภอทุ่งศรีอุดม\ตำบลกุดเรือ\หน่วยที่ 6,อำเภอทุ่งศรีอุดม,ตำบลกุดเรือ,หน่วยที่ 6,election_day,4,นางสาวมิลิณ กำเนิดสิงห์,พลังประชารัฐ,#1f56a3,0
election_data\อำเภอทุ่งศรีอุดม\ตำบลกุดเรือ\หน่วยที่ 6,อำเภอทุ่งศรีอุดม,ตำบลกุดเรือ,หน่วยที่ 6,election_day,5,นายสิโรตม์ แสนทวีสุข,ประชาชน,#f47933,0
election_data\อำเภอทุ่งศรีอุดม\ตำบลกุดเรือ\หน่วยที่ 6,อำเภอทุ่งศรีอุดม,ตำบลกุดเรือ,หน่วยที่ 6,election_day,6,นายยิ่ง ภูผา,ประชาธิปัตย์,#00a2e8,0
election_data\อำเภอทุ่งศรีอุดม\ตำบลกุดเรือ\หน่วยที่ 7,อำเภอทุ่งศรีอุดม,ตำบลกุดเรือ,หน่วยที่ 7,election_day,1,นายเกษม ฉิมพลี,ภูมิใจไทย,#212b6b,9
election_data\อำเภอทุ่งศรีอุดม\ตำบลกุดเรือ\หน่วยที่ 7,อำเภอทุ่งศรีอุดม,ตำบลกุดเรือ,หน่วยที่ 7,election_day,2,นายสมศักดิ์ บุญประชม,เพื่อไทรวมพลัง,#ff66cc,242
election_data\อำเภอทุ่งศรีอุดม\ตำบลกุดเรือ\หน่วยที่ 7,อำเภอทุ่งศรีอุดม,ตำบลกุดเรือ,หน่วยที่ 7,election_day,3,นายวัชรพล เชื้อคง,เพื่อไทย,#e0002b,25
election_data\อำเภอทุ่งศรีอุดม\ตำบลกุดเรือ\หน่วยที่ 7,อำเภอทุ่งศรีอุดม,ตำบลกุดเรือ,หน่วยที่ 7,election_day,4,นางสาวมิลิณ กำเนิดสิงห์,พลังประชารัฐ,#1f56a3,4
election_data\อำเภอทุ่งศรีอุดม\ตำบลกุดเรือ\หน่วยที่ 7,อำเภอทุ่งศรีอุดม,ตำบลกุดเรือ,หน่วยที่ 7,election_day,5,นายสิโรตม์ แสนทวีสุข,ประชาชน,#f47933,2
election_data\อำเภอทุ่งศรีอุดม\ตำบลกุดเรือ\หน่วยที่ 7,อำเภอทุ่งศรีอุดม,ตำบลกุดเรือ,หน่วยที่ 7,election_day,6,นายยิ่ง ภูผา,ประชาธิปัตย์,#00a2e8,2
election_data\อำเภอทุ่งศรีอุดม\ตำบลกุดเรือ\หน่วยที่ 8,อำเภอทุ่งศรีอุดม,ตำบลกุดเรือ,หน่วยที่ 8,election_day,1,นายเกษม ฉิมพลี,ภูมิใจไทย,#212b6b,4
election_data\อำเภอทุ่งศรีอุดม\ตำบลกุดเรือ\หน่วยที่ 8,อำเภอทุ่งศรีอุดม,ตำบลกุดเรือ,หน่วยที่ 8,election_day,2,นายสมศักดิ์ บุญประชม,เพื่อไทรวมพลัง,#ff66cc,247
election_data\อำเภอทุ่งศรีอุดม\ตำบลกุดเรือ\หน่วยที่ 8,อำเภอทุ่งศรีอุดม,ตำบลกุดเรือ,หน่วยที่ 8,election_day,3,นายวัชรพล เชื้อคง,เพื่อไทย,#e0002b,16
election_data\อำเภอทุ่งศรีอุดม\ตำบลกุดเรือ\หน่วยที่ 8,อำเภอทุ่งศรีอุดม,ตำบลกุดเรือ,หน่วยที่ 8,election_day,4,นางสาวมิลิณ กำเนิดสิงห์,พลังประชารัฐ,#1f56a3,4
election_data\อำเภอทุ่งศรีอุดม\ตำบลกุดเรือ\หน่วยที่ 8,อำเภอทุ่งศรีอุดม,ตำบลกุดเรือ,หน่วยที่ 8,election_day,5,นายสิโรตม์ แสนทวีสุข,ประชาชน,#f47933,1
election_data\อำเภอทุ่งศรีอุดม\ตำบลกุดเรือ\หน่วยที่ 8,อำเภอทุ่งศรีอุดม,ตำบลกุดเรือ,หน่วยที่ 8,election_day,6,นายยิ่ง ภูผา,ประชาธิปัตย์,#00a2e8,0
election_data\อำเภอทุ่งศรีอุดม\ตำบลกุดเรือ\หน่วยที่ 9,อำเภอทุ่งศรีอุดม,ตำบลกุดเรือ,หน่วยที่ 9,election_day,1,นายเกษม ฉิมพลี,ภูมิใจไทย,#212b6b,4
election_data\อำเภอทุ่งศรีอุดม\ตำบลกุดเรือ\หน่วยที่ 9,อำเภอทุ่งศรีอุดม,ตำบลกุดเรือ,หน่วยที่ 9,election_day,2,นายสมศักดิ์ บุญประชม,เพื่อไทรวมพลัง,#ff66cc,181
election_data\อำเภอทุ่งศรีอุดม\ตำบลกุดเรือ\หน่วยที่ 9,อำเภอทุ่งศรีอุดม,ตำบลกุดเรือ,หน่วยที่ 9,election_day,3,นายวัชรพล เชื้อคง,เพื่อไทย,#e0002b,14
election_data\อำเภอทุ่งศรีอุดม\ตำบลกุดเรือ\หน่วยที่ 9,อำเภอทุ่งศรีอุดม,ตำบลกุดเรือ,หน่วยที่ 9,election_day,4,นางสาวมิลิณ กำเนิดสิงห์,พลังประชารัฐ,#1f56a3,1
election_data\อำเภอทุ่งศรีอุดม\ตำบลกุดเรือ\หน่วยที่ 9,อำเภอทุ่งศรีอุดม,ตำบลกุดเรือ,หน่วยที่ 9,election_day,5,นายสิโรตม์ แสนทวีสุข,ประชาชน,#f47933,0
election_data\อำเภอทุ่งศรีอุดม\ตำบลกุดเรือ\หน่วยที่ 9,อำเภอทุ่งศรีอุดม,ตำบลกุดเรือ,หน่วยที่ 9,election_day,6,นายยิ่ง ภูผา,ประชาธิปัตย์,#00a2e8,0
election_data\อำเภอทุ่งศรีอุดม\ตำบลนาห่อม\หน่วยที่ 1,อำเภอทุ่งศรีอุดม,ตำบลนาห่อม,หน่วยที่ 1,election_day,1,นายเกษม ฉิมพลี,ภูมิใจไทย,#212b6b,0
election_data\อำเภอทุ่งศรีอุดม\ตำบลนาห่อม\หน่วยที่ 1,อำเภอทุ่งศรีอุดม,ตำบลนาห่อม,หน่วยที่ 1,election_day,2,นายสมศักดิ์ บุญประชม,เพื่อไทรวมพลัง,#ff66cc,131
election_data\อำเภอทุ่งศรีอุดม\ตำบลนาห่อม\หน่วยที่ 1,อำเภอทุ่งศรีอุดม,ตำบลนาห่อม,หน่วยที่ 1,election_day,3,นายวัชรพล เชื้อคง,เพื่อไทย,#e0002b,27
election_data\อำเภอทุ่งศรีอุดม\ตำบลนาห่อม\หน่วยที่ 1,อำเภอทุ่งศรีอุดม,ตำบลนาห่อม,หน่วยที่ 1,election_day,4,นางสาวมิลิณ กำเนิดสิงห์,พลังประชารัฐ,#1f56a3,1
election_data\อำเภอทุ่งศรีอุดม\ตำบลนาห่อม\หน่วยที่ 1,อำเภอทุ่งศรีอุดม,ตำบลนาห่อม,หน่วยที่ 1,election_day,5,นายสิโรตม์ แสนทวีสุข,ประชาชน,#f47933,4
election_data\อำเภอทุ่งศรีอุดม\ตำบลนาห่อม\หน่วยที่ 1,อำเภอทุ่งศรีอุดม,ตำบลนาห่อม,หน่วยที่ 1,election_day,6,นายยิ่ง ภูผา,ประชาธิปัตย์,#00a2e8,6
election_data\อำเภอทุ่งศรีอุดม\ตำบลนาห่อม\หน่วยที่ 10,อำเภอทุ่งศรีอุดม,ตำบลนาห่อม,หน่วยที่ 10,election_day,1,นายเกษม ฉิมพลี,ภูมิใจไทย,#212b6b,3
election_data\อำเภอทุ่งศรีอุดม\ตำบลนาห่อม\หน่วยที่ 10,อำเภอทุ่งศรีอุดม,ตำบลนาห่อม,หน่วยที่ 10,election_day,2,นายสมศักดิ์ บุญประชม,เพื่อไทรวมพลัง,#ff66cc,95
election_data\อำเภอทุ่งศรีอุดม\ตำบลนาห่อม\หน่วยที่ 10,อำเภอทุ่งศรีอุดม,ตำบลนาห่อม,หน่วยที่ 10,election_day,3,นายวัชรพล เชื้อคง,เพื่อไทย,#e0002b,16
election_data\อำเภอทุ่งศรีอุดม\ตำบลนาห่อม\หน่วยที่ 10,อำเภอทุ่งศรีอุดม,ตำบลนาห่อม,หน่วยที่ 10,election_day,4,นางสาวมิลิณ กำเนิดสิงห์,พลังประชารัฐ,#1f56a3,0
election_data\อำเภอทุ่งศรีอุดม\ตำบลนาห่อม\หน่วยที่ 10,อำเภอทุ่งศรีอุดม,ตำบลนาห่อม,หน่วยที่ 10,election_day,5,นายสิโรตม์ แสนทวีสุข,ประชาชน,#f47933,4
election_data\อำเภอทุ่งศรีอุดม\ตำบลนาห่อม\หน่วยที่ 10,อำเภอทุ่งศรีอุดม,ตำบลนาห่อม,หน่วยที่ 10,election_day,6,นายยิ่ง ภูผา,ประชาธิปัตย์,#00a2e8,3
election_data\อำเภอทุ่งศรีอุดม\ตำบลนาห่อม\หน่วยที่ 11,อำเภอทุ่งศรีอุดม,ตำบลนาห่อม,หน่วยที่ 11,election_day,1,นายเกษม ฉิมพลี,ภูมิใจไทย,#212b6b,12
election_data\อำเภอทุ่งศรีอุดม\ตำบลนาห่อม\หน่วยที่ 11,อำเภอทุ่งศรีอุดม,ตำบลนาห่อม,หน่วยที่ 11,election_day,2,นายสมศักดิ์ บุญประชม,เพื่อไทรวมพลัง,#ff66cc,164
election_data\อำเภอทุ่งศรีอุดม\ตำบลนาห่อม\หน่วยที่ 11,อำเภอทุ่งศรีอุดม,ตำบลนาห่อม,หน่วยที่ 11,election_day,3,นายวัชรพล เชื้อคง,เพื่อไทย,#e0002b,53
election_data\อำเภอทุ่งศรีอุดม\ตำบลนาห่อม\หน่วยที่ 11,อำเภอทุ่งศรีอุดม,ตำบลนาห่อม,หน่วยที่ 11,election_day,4,นางสาวมิลิณ กำเนิดสิงห์,พลังประชารัฐ,#1f56a3,1
election_data\อำเภอทุ่งศรีอุดม\ตำบลนาห่อม\หน่วยที่ 11,อำเภอทุ่งศรีอุดม,ตำบลนาห่อม,หน่วยที่ 11,election_day,5,นายสิโรตม์ แสนทวีสุข,ประชาชน,#f47933,53
election_data\อำเภอทุ่งศรีอุดม\ตำบลนาห่อม\หน่วยที่ 11,อำเภอทุ่งศรีอุดม,ตำบลนาห่อม,หน่วยที่ 11,election_day,6,นายยิ่ง ภูผา,ประชาธิปัตย์,#00a2e8,0
election_data\อำเภอทุ่งศรีอุดม\ตำบลนาห่อม\หน่วยที่ 2,อำเภอทุ่งศรีอุดม,ตำบลนาห่อม,หน่วยที่ 2,election_day,1,นายเกษม ฉิมพลี,ภูมิใจไทย,#212b6b,4
election_data\อำเภอทุ่งศรีอุดม\ตำบลนาห่อม\หน่วยที่ 2,อำเภอทุ่งศรีอุดม,ตำบลนาห่อม,หน่วยที่ 2,election_day,2,นายสมศักดิ์ บุญประชม,เพื่อไทรวมพลัง,#ff66cc,147
election_data\อำเภอทุ่งศรีอุดม\ตำบลนาห่อม\หน่วยที่ 2,อำเภอทุ่งศรีอุดม,ตำบลนาห่อม,หน่วยที่ 2,election_day,3,นายวัชรพล เชื้อคง,เพื่อไทย,#e0002b,6
election_data\อำเภอทุ่งศรีอุดม\ตำบลนาห่อม\หน่วยที่ 2,อำเภอทุ่งศรีอุดม,ตำบลนาห่อม,หน่วยที่ 2,election_day,4,นางสาวมิลิณ กำเนิดสิงห์,พลังประชารัฐ,#1f56a3,1
election_data\อำเภอทุ่งศรีอุดม\ตำบลนาห่อม\หน่วยที่ 2,อำเภอทุ่งศรีอุดม,ตำบลนาห่อม,หน่วยที่ 2,election_day,5,นายสิโรตม์ แสนทวีสุข,ประชาชน,#f47933,12
election_data\อำเภอทุ่งศรีอุดม\ตำบลนาห่อม\หน่วยที่ 2,อำเภอทุ่งศรีอุดม,ตำบลนาห่อม,หน่วยที่ 2,election_day,6,นายยิ่ง ภูผา,ประชาธิปัตย์,#00a2e8,1
election_data\อำเภอทุ่งศรีอุดม\ตำบลนาห่อม\หน่วยที่ 3,อำเภอทุ่งศรีอุดม,ตำบลนาห่อม,หน่วยที่ 3,election_day,1,นายเกษม ฉิมพลี,ภูมิใจไทย,#212b6b,0
election_data\อำเภอทุ่งศรีอุดม\ตำบลนาห่อม\หน่วยที่ 3,อำเภอทุ่งศรีอุดม,ตำบลนาห่อม,หน่วยที่ 3,election_day,2,นายสมศักดิ์ บุญประชม,เพื่อไทรวมพลัง,#ff66cc,206
election_data\อำเภอทุ่งศรีอุดม\ตำบลนาห่อม\หน่วยที่ 3,อำเภอทุ่งศรีอุดม,ตำบลนาห่อม,หน่วยที่ 3,election_day,3,นายวัชรพล เชื้อคง,เพื่อไทย,#e0002b,0
election_data\อำเภอทุ่งศรีอุดม\ตำบลนาห่อม\หน่วยที่ 3,อำเภอทุ่งศรีอุดม,ตำบลนาห่อม,หน่วยที่ 3,election_day,4,นางสาวมิลิณ กำเนิดสิงห์,พลังประชารัฐ,#1f56a3,7
election_data\อำเภอทุ่งศรีอุดม\ตำบลนาห่อม\หน่วยที่ 3,อำเภอทุ่งศรีอุดม,ตำบลนาห่อม,หน่วยที่ 3,election_day,5,นายสิโรตม์ แสนทวีสุข,ประชาชน,#f47933,25
election_data\อำเภอทุ่งศรีอุดม\ตำบลนาห่อม\หน่วยที่ 3,อำเภอทุ่งศรีอุดม,ตำบลนาห่อม,หน่วยที่ 3,election_day,6,นายยิ่ง ภูผา,ประชาธิปัตย์,#00a2e8,2
election_data\อำเภอทุ่งศรีอุดม\ตำบลนาห่อม\หน่วยที่ 4,อำเภอทุ่งศรีอุดม,ตำบลนาห่อม,หน่วยที่ 4,election_day,1,นายเกษม ฉิมพลี,ภูมิใจไทย,#212b6b,2
election_data\อำเภอทุ่งศรีอุดม\ตำบลนาห่อม\หน่วยที่ 4,อำเภอทุ่งศรีอุดม,ตำบลนาห่อม,หน่วยที่ 4,election_day,2,นายสมศักดิ์ บุญประชม,เพื่อไทรวมพลัง,#ff66cc,101
election_data\อำเภอทุ่งศรีอุดม\ตำบลนาห่อม\หน่วยที่ 4,อำเภอทุ่งศรีอุดม,ตำบลนาห่อม,หน่วยที่ 4,election_day,3,นายวัชรพล เชื้อคง,เพื่อไทย,#e0002b,6
election_data\อำเภอทุ่งศรีอุดม\ตำบลนาห่อม\หน่วยที่ 4,อำเภอทุ่งศรีอุดม,ตำบลนาห่อม,หน่วยที่ 4,election_day,4,นางสาวมิลิณ กำเนิดสิงห์,พลังประชารัฐ,#1f56a3,7
election_data\อำเภอทุ่งศรีอุดม\ตำบลนาห่อม\หน่วยที่ 4,อำเภอทุ่งศรีอุดม,ตำบลนาห่อม,หน่วยที่ 4,election_day,5,นายสิโรตม์ แสนทวีสุข,ประชาชน,#f47933,0
election_data\อำเภอทุ่งศรีอุดม\ตำบลนาห่อม\หน่วยที่ 4,อำเภอทุ่งศรีอุดม,ตำบลนาห่อม,หน่วยที่ 4,election_day,6,นายยิ่ง ภูผา,ประชาธิปัตย์,#00a2e8,4
election_data\อำเภอทุ่งศรีอุดม\ตำบลนาห่อม\หน่วยที่ 5,อำเภอทุ่งศรีอุดม,ตำบลนาห่อม,หน่วยที่ 5,election_day,1,นายเกษม ฉิมพลี,ภูมิใจไทย,#212b6b,6
election_data\อำเภอทุ่งศรีอุดม\ตำบลนาห่อม\หน่วยที่ 5,อำเภอทุ่งศรีอุดม,ตำบลนาห่อม,หน่วยที่ 5,election_day,2,นายสมศักดิ์ บุญประชม,เพื่อไทรวมพลัง,#ff66cc,132
election_data\อำเภอทุ่งศรีอุดม\ตำบลนาห่อม\หน่วยที่ 5,อำเภอทุ่งศรีอุดม,ตำบลนาห่อม,หน่วยที่ 5,election_day,3,นายวัชรพล เชื้อคง,เพื่อไทย,#e0002b,16
election_data\อำเภอทุ่งศรีอุดม\ตำบลนาห่อม\หน่วยที่ 5,อำเภอทุ่งศรีอุดม,ตำบลนาห่อม,หน่วยที่ 5,election_day,4,นางสาวมิลิณ กำเนิดสิงห์,พลังประชารัฐ,#1f56a3,0
election_data\อำเภอทุ่งศรีอุดม\ตำบลนาห่อม\หน่วยที่ 5,อำเภอทุ่งศรีอุดม,ตำบลนาห่อม,หน่วยที่ 5,election_day,5,นายสิโรตม์ แสนทวีสุข,ประชาชน,#f47933,18
election_data\อำเภอทุ่งศรีอุดม\ตำบลนาห่อม\หน่วยที่ 5,อำเภอทุ่งศรีอุดม,ตำบลนาห่อม,หน่วยที่ 5,election_day,6,นายยิ่ง ภูผา,ประชาธิปัตย์,#00a2e8,3
election_data\อำเภอทุ่งศรีอุดม\ตำบลนาห่อม\หน่วยที่ 6,อำเภอทุ่งศรีอุดม,ตำบลนาห่อม,หน่วยที่ 6,election_day,1,นายเกษม ฉิมพลี,ภูมิใจไทย,#212b6b,1
election_data\อำเภอทุ่งศรีอุดม\ตำบลนาห่อม\หน่วยที่ 6,อำเภอทุ่งศรีอุดม,ตำบลนาห่อม,หน่วยที่ 6,election_day,2,นายสมศักดิ์ บุญประชม,เพื่อไทรวมพลัง,#ff66cc,214
election_data\อำเภอทุ่งศรีอุดม\ตำบลนาห่อม\หน่วยที่ 6,อำเภอทุ่งศรีอุดม,ตำบลนาห่อม,หน่วยที่ 6,election_day,3,นายวัชรพล เชื้อคง,เพื่อไทย,#e0002b,22
election_data\อำเภอทุ่งศรีอุดม\ตำบลนาห่อม\หน่วยที่ 6,อำเภอทุ่งศรีอุดม,ตำบลนาห่อม,หน่วยที่ 6,election_day,4,นางสาวมิลิณ กำเนิดสิงห์,พลังประชารัฐ,#1f56a3,1
election_data\อำเภอทุ่งศรีอุดม\ตำบลนาห่อม\หน่วยที่ 6,อำเภอทุ่งศรีอุดม,ตำบลนาห่อม,หน่วยที่ 6,election_day,5,นายสิโรตม์ แสนทวีสุข,ประชาชน,#f47933,14
election_data\อำเภอทุ่งศรีอุดม\ตำบลนาห่อม\หน่วยที่ 6,อำเภอทุ่งศรีอุดม,ตำบลนาห่อม,หน่วยที่ 6,election_day,6,นายยิ่ง ภูผา,ประชาธิปัตย์,#00a2e8,0
election_data\อำเภอทุ่งศรีอุดม\ตำบลนาห่อม\หน่วยที่ 7,อำเภอทุ่งศรีอุดม,ตำบลนาห่อม,หน่วยที่ 7,election_day,1,นายเกษม ฉิมพลี,ภูมิใจไทย,#212b6b,4
election_data\อำเภอทุ่งศรีอุดม\ตำบลนาห่อม\หน่วยที่ 7,อำเภอทุ่งศรีอุดม,ตำบลนาห่อม,หน่วยที่ 7,election_day,2,นายสมศักดิ์ บุญประชม,เพื่อไทรวมพลัง,#ff66cc,171
election_data\อำเภอทุ่งศรีอุดม\ตำบลนาห่อม\หน่วยที่ 7,อำเภอทุ่งศรีอุดม,ตำบลนาห่อม,หน่วยที่ 7,election_day,3,นายวัชรพล เชื้อคง,เพื่อไทย,#e0002b,19
election_data\อำเภอทุ่งศรีอุดม\ตำบลนาห่อม\หน่วยที่ 7,อำเภอทุ่งศรีอุดม,ตำบลนาห่อม,หน่วยที่ 7,election_day,4,นางสาวมิลิณ กำเนิดสิงห์,พลังประชารัฐ,#1f56a3,1
election_data\อำเภอทุ่งศรีอุดม\ตำบลนาห่อม\หน่วยที่ 7,อำเภอทุ่งศรีอุดม,ตำบลนาห่อม,หน่วยที่ 7,election_day,5,นายสิโรตม์ แสนทวีสุข,ประชาชน,#f47933,1
election_data\อำเภอทุ่งศรีอุดม\ตำบลนาห่อม\หน่วยที่ 7,อำเภอทุ่งศรีอุดม,ตำบลนาห่อม,หน่วยที่ 7,election_day,6,นายยิ่ง ภูผา,ประชาธิปัตย์,#00a2e8,0
election_data\อำเภอทุ่งศรีอุดม\ตำบลนาห่อม\หน่วยที่ 8,อำเภอทุ่งศรีอุดม,ตำบลนาห่อม,หน่วยที่ 8,election_day,1,นายเกษม ฉิมพลี,ภูมิใจไทย,#212b6b,8
election_data\อำเภอทุ่งศรีอุดม\ตำบลนาห่อม\หน่วยที่ 8,อำเภอทุ่งศรีอุดม,ตำบลนาห่อม,หน่วยที่ 8,election_day,2,นายสมศักดิ์ บุญประชม,เพื่อไทรวมพลัง,#ff66cc,88
election_data\อำเภอทุ่งศรีอุดม\ตำบลนาห่อม\หน่วยที่ 8,อำเภอทุ่งศรีอุดม,ตำบลนาห่อม,หน่วยที่ 8,election_day,3,นายวัชรพล เชื้อคง,เพื่อไทย,#e0002b,22
election_data\อำเภอทุ่งศรีอุดม\ตำบลนาห่อม\หน่วยที่ 8,อำเภอทุ่งศรีอุดม,ตำบลนาห่อม,หน่วยที่ 8,election_day,4,นางสาวมิลิณ กำเนิดสิงห์,พลังประชารัฐ,#1f56a3,0
election_data\อำเภอทุ่งศรีอุดม\ตำบลนาห่อม\หน่วยที่ 8,อำเภอทุ่งศรีอุดม,ตำบลนาห่อม,หน่วยที่ 8,election_day,5,นายสิโรตม์ แสนทวีสุข,ประชาชน,#f47933,11
election_data\อำเภอทุ่งศรีอุดม\ตำบลนาห่อม\หน่วยที่ 8,อำเภอทุ่งศรีอุดม,ตำบลนาห่อม,หน่วยที่ 8,election_day,6,นายยิ่ง ภูผา,ประชาธิปัตย์,#00a2e8,1
election_data\อำเภอทุ่งศรีอุดม\ตำบลนาห่อม\หน่วยที่ 9,อำเภอทุ่งศรีอุดม,ตำบลนาห่อม,หน่วยที่ 9,election_day,1,นายเกษม ฉิมพลี,ภูมิใจไทย,#212b6b,4
election_data\อำเภอทุ่งศรีอุดม\ตำบลนาห่อม\หน่วยที่ 9,อำเภอทุ่งศรีอุดม,ตำบลนาห่อม,หน่วยที่ 9,election_day,2,นายสมศักดิ์ บุญประชม,เพื่อไทรวมพลัง,#ff66cc,105
election_data\อำเภอทุ่งศรีอุดม\ตำบลนาห่อม\หน่วยที่ 9,อำเภอทุ่งศรีอุดม,ตำบลนาห่อม,หน่วยที่ 9,election_day,3,นายวัชรพล เชื้อคง,เพื่อไทย,#e0002b,5
election_data\อำเภอทุ่งศรีอุดม\ตำบลนาห่อม\หน่วยที่ 9,อำเภอทุ่งศรีอุดม,ตำบลนาห่อม,หน่วยที่ 9,election_day,4,นางสาวมิลิณ กำเนิดสิงห์,พลังประชารัฐ,#1f56a3,0
election_data\อำเภอทุ่งศรีอุดม\ตำบลนาห่อม\หน่วยที่ 9,อำเภอทุ่งศรีอุดม,ตำบลนาห่อม,หน่วยที่ 9,election_day,5,นายสิโรตม์ แสนทวีสุข,ประชาชน,#f47933,5
election_data\อำเภอทุ่งศรีอุดม\ตำบลนาห่อม\หน่วยที่ 9,อำเภอทุ่งศรีอุดม,ตำบลนาห่อม,หน่วยที่ 9,election_day,6,นายยิ่ง ภูผา,ประชาธิปัตย์,#00a2e8,0
election_data\อำเภอทุ่งศรีอุดม\ตำบลนาเกษม\หน่วยที่ 1,อำเภอทุ่งศรีอุดม,ตำบลนาเกษม,หน่วยที่ 1,election_day,1,นายเกษม ฉิมพลี,ภูมิใจไทย,#212b6b,1
election_data\อำเภอทุ่งศรีอุดม\ตำบลนาเกษม\หน่วยที่ 1,อำเภอทุ่งศรีอุดม,ตำบลนาเกษม,หน่วยที่ 1,election_day,2,นายสมศักดิ์ บุญประชม,เพื่อไทรวมพลัง,#ff66cc,296
election_data\อำเภอทุ่งศรีอุดม\ตำบลนาเกษม\หน่วยที่ 1,อำเภอทุ่งศรีอุดม,ตำบลนาเกษม,หน่วยที่ 1,election_day,3,นายวัชรพล เชื้อคง,เพื่อไทย,#e0002b,35
election_data\อำเภอทุ่งศรีอุดม\ตำบลนาเกษม\หน่วยที่ 1,อำเภอทุ่งศรีอุดม,ตำบลนาเกษม,หน่วยที่ 1,election_day,4,นางสาวมิลิณ กำเนิดสิงห์,พลังประชารัฐ,#1f56a3,0
election_data\อำเภอทุ่งศรีอุดม\ตำบลนาเกษม\หน่วยที่ 1,อำเภอทุ่งศรีอุดม,ตำบลนาเกษม,หน่วยที่ 1,election_day,5,นายสิโรตม์ แสนทวีสุข,ประชาชน,#f47933,0
election_data\อำเภอทุ่งศรีอุดม\ตำบลนาเกษม\หน่วยที่ 1,อำเภอทุ่งศรีอุดม,ตำบลนาเกษม,หน่วยที่ 1,election_day,6,นายยิ่ง ภูผา,ประชาธิปัตย์,#00a2e8,0
election_data\อำเภอทุ่งศรีอุดม\ตำบลนาเกษม\หน่วยที่ 10,อำเภอทุ่งศรีอุดม,ตำบลนาเกษม,หน่วยที่ 10,election_day,1,นายเกษม ฉิมพลี,ภูมิใจไทย,#212b6b,7
election_data\อำเภอทุ่งศรีอุดม\ตำบลนาเกษม\หน่วยที่ 10,อำเภอทุ่งศรีอุดม,ตำบลนาเกษม,หน่วยที่ 10,election_day,2,นายสมศักดิ์ บุญประชม,เพื่อไทรวมพลัง,#ff66cc,22
election_data\อำเภอทุ่งศรีอุดม\ตำบลนาเกษม\หน่วยที่ 10,อำเภอทุ่งศรีอุดม,ตำบลนาเกษม,หน่วยที่ 10,election_day,3,นายวัชรพล เชื้อคง,เพื่อไทย,#e0002b,4
election_data\อำเภอทุ่งศรีอุดม\ตำบลนาเกษม\หน่วยที่ 10,อำเภอทุ่งศรีอุดม,ตำบลนาเกษม,หน่วยที่ 10,election_day,4,นางสาวมิลิณ กำเนิดสิงห์,พลังประชารัฐ,#1f56a3,6
election_data\อำเภอทุ่งศรีอุดม\ตำบลนาเกษม\หน่วยที่ 10,อำเภอทุ่งศรีอุดม,ตำบลนาเกษม,หน่วยที่ 10,election_day,5,นายสิโรตม์ แสนทวีสุข,ประชาชน,#f47933,11
election_data\อำเภอทุ่งศรีอุดม\ตำบลนาเกษม\หน่วยที่ 10,อำเภอทุ่งศรีอุดม,ตำบลนาเกษม,หน่วยที่ 10,election_day,6,นายยิ่ง ภูผา,ประชาธิปัตย์,#00a2e8,0
election_data\อำเภอทุ่งศรีอุดม\ตำบลนาเกษม\หน่วยที่ 11,อำเภอทุ่งศรีอุดม,ตำบลนาเกษม,หน่วยที่ 11,election_day,1,นายเกษม ฉิมพลี,ภูมิใจไทย,#212b6b,7
election_data\อำเภอทุ่งศรีอุดม\ตำบลนาเกษม\หน่วยที่ 11,อำเภอทุ่งศรีอุดม,ตำบลนาเกษม,หน่วยที่ 11,election_day,2,นายสมศักดิ์ บุญประชม,เพื่อไทรวมพลัง,#ff66cc,184
election_data\อำเภอทุ่งศรีอุดม\ตำบลนาเกษม\หน่วยที่ 11,อำเภอทุ่งศรีอุดม,ตำบลนาเกษม,หน่วยที่ 11,election_day,3,นายวัชรพล เชื้อคง,เพื่อไทย,#e0002b,7
election_data\อำเภอทุ่งศรีอุดม\ตำบลนาเกษม\หน่วยที่ 11,อำเภอทุ่งศรีอุดม,ตำบลนาเกษม,หน่วยที่ 11,election_day,4,นางสาวมิลิณ กำเนิดสิงห์,พลังประชารัฐ,#1f56a3,0
election_data\อำเภอทุ่งศรีอุดม\ตำบลนาเกษม\หน่วยที่ 11,อำเภอทุ่งศรีอุดม,ตำบลนาเกษม,หน่วยที่ 11,election_day,5,นายสิโรตม์ แสนทวีสุข,ประชาชน,#f47933,13
election_data\อำเภอทุ่งศรีอุดม\ตำบลนาเกษม\หน่วยที่ 11,อำเภอทุ่งศรีอุดม,ตำบลนาเกษม,หน่วยที่ 11,election_day,6,นายยิ่ง ภูผา,ประชาธิปัตย์,#00a2e8,4
election_data\อำเภอทุ่งศรีอุดม\ตำบลนาเกษม\หน่วยที่ 2,อำเภอทุ่งศรีอุดม,ตำบลนาเกษม,หน่วยที่ 2,election_day,1,นายเกษม ฉิมพลี,ภูมิใจไทย,#212b6b,4
election_data\อำเภอทุ่งศรีอุดม\ตำบลนาเกษม\หน่วยที่ 2,อำเภอทุ่งศรีอุดม,ตำบลนาเกษม,หน่วยที่ 2,election_day,2,นายสมศักดิ์ บุญประชม,เพื่อไทรวมพลัง,#ff66cc,170
election_data\อำเภอทุ่งศรีอุดม\ตำบลนาเกษม\หน่วยที่ 2,อำเภอทุ่งศรีอุดม,ตำบลนาเกษม,หน่วยที่ 2,election_day,3,นายวัชรพล เชื้อคง,เพื่อไทย,#e0002b,3
election_data\อำเภอทุ่งศรีอุดม\ตำบลนาเกษม\หน่วยที่ 2,อำเภอทุ่งศรีอุดม,ตำบลนาเกษม,หน่วยที่ 2,election_day,4,นางสาวมิลิณ กำเนิดสิงห์,พลังประชารัฐ,#1f56a3,0
election_data\อำเภอทุ่งศรีอุดม\ตำบลนาเกษม\หน่วยที่ 2,อำเภอทุ่งศรีอุดม,ตำบลนาเกษม,หน่วยที่ 2,election_day,5,นายสิโรตม์ แสนทวีสุข,ประชาชน,#f47933,21
election_data\อำเภอทุ่งศรีอุดม\ตำบลนาเกษม\หน่วยที่ 2,อำเภอทุ่งศรีอุดม,ตำบลนาเกษม,หน่วยที่ 2,election_day,6,นายยิ่ง ภูผา,ประชาธิปัตย์,#00a2e8,0
election_data\อำเภอทุ่งศรีอุดม\ตำบลนาเกษม\หน่วยที่ 3,อำเภอทุ่งศรีอุดม,ตำบลนาเกษม,หน่วยที่ 3,election_day,1,นายเกษม ฉิมพลี,ภูมิใจไทย,#212b6b,15
election_data\อำเภอทุ่งศรีอุดม\ตำบลนาเกษม\หน่วยที่ 3,อำเภอทุ่งศรีอุดม,ตำบลนาเกษม,หน่วยที่ 3,election_day,2,นายสมศักดิ์ บุญประชม,เพื่อไทรวมพลัง,#ff66cc,253
election_data\อำเภอทุ่งศรีอุดม\ตำบลนาเกษม\หน่วยที่ 3,อำเภอทุ่งศรีอุดม,ตำบลนาเกษม,หน่วยที่ 3,election_day,3,นายวัชรพล เชื้อคง,เพื่อไทย,#e0002b,4
election_data\อำเภอทุ่งศรีอุดม\ตำบลนาเกษม\หน่วยที่ 3,อำเภอทุ่งศรีอุดม,ตำบลนาเกษม,หน่วยที่ 3,election_day,4,นางสาวมิลิณ กำเนิดสิงห์,พลังประชารัฐ,#1f56a3,1
election_data\อำเภอทุ่งศรีอุดม\ตำบลนาเกษม\หน่วยที่ 3,อำเภอทุ่งศรีอุดม,ตำบลนาเกษม,หน่วยที่ 3,election_day,5,นายสิโรตม์ แสนทวีสุข,ประชาชน,#f47933,3
election_data\อำเภอทุ่งศรีอุดม\ตำบลนาเกษม\หน่วยที่ 3,อำเภอทุ่งศรีอุดม,ตำบลนาเกษม,หน่วยที่ 3,election_day,6,นายยิ่ง ภูผา,ประชาธิปัตย์,#00a2e8,1
election_data\อำเภอทุ่งศรีอุดม\ตำบลนาเกษม\หน่วยที่ 4,อำเภอทุ่งศรีอุดม,ตำบลนาเกษม,หน่วยที่ 4,election_day,1,นายเกษม ฉิมพลี,ภูมิใจไทย,#212b6b,192
election_data\อำเภอทุ่งศรีอุดม\ตำบลนาเกษม\หน่วยที่ 4,อำเภอทุ่งศรีอุดม,ตำบลนาเกษม,หน่วยที่ 4,election_day,2,นายสมศักดิ์ บุญประชม,เพื่อไทรวมพลัง,#ff66cc,192
election_data\อำเภอทุ่งศรีอุดม\ตำบลนาเกษม\หน่วยที่ 4,อำเภอทุ่งศรีอุดม,ตำบลนาเกษม,หน่วยที่ 4,election_day,3,นายวัชรพล เชื้อคง,เพื่อไทย,#e0002b,15
election_data\อำเภอทุ่งศรีอุดม\ตำบลนาเกษม\หน่วยที่ 4,อำเภอทุ่งศรีอุดม,ตำบลนาเกษม,หน่วยที่ 4,election_day,4,นางสาวมิลิณ กำเนิดสิงห์,พลังประชารัฐ,#1f56a3,4
election_data\อำเภอทุ่งศรีอุดม\ตำบลนาเกษม\หน่วยที่ 4,อำเภอทุ่งศรีอุดม,ตำบลนาเกษม,หน่วยที่ 4,election_day,5,นายสิโรตม์ แสนทวีสุข,ประชาชน,#f47933,15
election_data\อำเภอทุ่งศรีอุดม\ตำบลนาเกษม\หน่วยที่ 4,อำเภอทุ่งศรีอุดม,ตำบลนาเกษม,หน่วยที่ 4,election_day,6,นายยิ่ง ภูผา,ประชาธิปัตย์,#00a2e8,0
election_data\อำเภอทุ่งศรีอุดม\ตำบลนาเกษม\หน่วยที่ 5,อำเภอทุ่งศรีอุดม,ตำบลนาเกษม,หน่วยที่ 5,election_day,1,นายเกษม ฉิมพลี,ภูมิใจไทย,#212b6b,7
election_data\อำเภอทุ่งศรีอุดม\ตำบลนาเกษม\หน่วยที่ 5,อำเภอทุ่งศรีอุดม,ตำบลนาเกษม,หน่วยที่ 5,election_day,2,นายสมศักดิ์ บุญประชม,เพื่อไทรวมพลัง,#ff66cc,333
election_data\อำเภอทุ่งศรีอุดม\ตำบลนาเกษม\หน่วยที่ 5,อำเภอทุ่งศรีอุดม,ตำบลนาเกษม,หน่วยที่ 5,election_day,3,นายวัชรพล เชื้อคง,เพื่อไทย,#e0002b,40
election_data\อำเภอทุ่งศรีอุดม\ตำบลนาเกษม\หน่วยที่ 5,อำเภอทุ่งศรีอุดม,ตำบลนาเกษม,หน่วยที่ 5,election_day,4,นางสาวมิลิณ กำเนิดสิงห์,พลังประชารัฐ,#1f56a3,23
election_data\อำเภอทุ่งศรีอุดม\ตำบลนาเกษม\หน่วยที่ 5,อำเภอทุ่งศรีอุดม,ตำบลนาเกษม,หน่วยที่ 5,election_day,5,นายสิโรตม์ แสนทวีสุข,ประชาชน,#f47933,4
election_data\อำเภอทุ่งศรีอุดม\ตำบลนาเกษม\หน่วยที่ 5,อำเภอทุ่งศรีอุดม,ตำบลนาเกษม,หน่วยที่ 5,election_day,6,นายยิ่ง ภูผา,ประชาธิปัตย์,#00a2e8,0
election_data\อำเภอทุ่งศรีอุดม\ตำบลนาเกษม\หน่วยที่ 6,อำเภอทุ่งศรีอุดม,ตำบลนาเกษม,หน่วยที่ 6,election_day,1,นายเกษม ฉิมพลี,ภูมิใจไทย,#212b6b,2
election_data\อำเภอทุ่งศรีอุดม\ตำบลนาเกษม\หน่วยที่ 6,อำเภอทุ่งศรีอุดม,ตำบลนาเกษม,หน่วยที่ 6,election_day,2,นายสมศักดิ์ บุญประชม,เพื่อไทรวมพลัง,#ff66cc,96
election_data\อำเภอทุ่งศรีอุดม\ตำบลนาเกษม\หน่วยที่ 6,อำเภอทุ่งศรีอุดม,ตำบลนาเกษม,หน่วยที่ 6,election_day,3,นายวัชรพล เชื้อคง,เพื่อไทย,#e0002b,5
election_data\อำเภอทุ่งศรีอุดม\ตำบลนาเกษม\หน่วยที่ 6,อำเภอทุ่งศรีอุดม,ตำบลนาเกษม,หน่วยที่ 6,election_day,4,นางสาวมิลิณ กำเนิดสิงห์,พลังประชารัฐ,#1f56a3,5
election_data\อำเภอทุ่งศรีอุดม\ตำบลนาเกษม\หน่วยที่ 6,อำเภอทุ่งศรีอุดม,ตำบลนาเกษม,หน่วยที่ 6,election_day,5,นายสิโรตม์ แสนทวีสุข,ประชาชน,#f47933,0
election_data\อำเภอทุ่งศรีอุดม\ตำบลนาเกษม\หน่วยที่ 6,อำเภอทุ่งศรีอุดม,ตำบลนาเกษม,หน่วยที่ 6,election_day,6,นายยิ่ง ภูผา,ประชาธิปัตย์,#00a2e8,0
election_data\อำเภอทุ่งศรีอุดม\ตำบลนาเกษม\หน่วยที่ 7,อำเภอทุ่งศรีอุดม,ตำบลนาเกษม,หน่วยที่ 7,election_day,1,นายเกษม ฉิมพลี,ภูมิใจไทย,#212b6b,98
election_data\อำเภอทุ่งศรีอุดม\ตำบลนาเกษม\หน่วยที่ 7,อำเภอทุ่งศรีอุดม,ตำบลนาเกษม,หน่วยที่ 7,election_day,2,นายสมศักดิ์ บุญประชม,เพื่อไทรวมพลัง,#ff66cc,98
election_data\อำเภอทุ่งศรีอุดม\ตำบลนาเกษม\หน่วยที่ 7,อำเภอทุ่งศรีอุดม,ตำบลนาเกษม,หน่วยที่ 7,election_day,3,นายวัชรพล เชื้อคง,เพื่อไทย,#e0002b,16
election_data\อำเภอทุ่งศรีอุดม\ตำบลนาเกษม\หน่วยที่ 7,อำเภอทุ่งศรีอุดม,ตำบลนาเกษม,หน่วยที่ 7,election_day,4,นางสาวมิลิณ กำเนิดสิงห์,พลังประชารัฐ,#1f56a3,0
election_data\อำเภอทุ่งศรีอุดม\ตำบลนาเกษม\หน่วยที่ 7,อำเภอทุ่งศรีอุดม,ตำบลนาเกษม,หน่วยที่ 7,election_day,5,นายสิโรตม์ แสนทวีสุข,ประชาชน,#f47933,0
election_data\อำเภอทุ่งศรีอุดม\ตำบลนาเกษม\หน่วยที่ 7,อำเภอทุ่งศรีอุดม,ตำบลนาเกษม,หน่วยที่ 7,election_day,6,นายยิ่ง ภูผา,ประชาธิปัตย์,#00a2e8,0
election_data\อำเภอทุ่งศรีอุดม\ตำบลนาเกษม\หน่วยที่ 8,อำเภอทุ่งศรีอุดม,ตำบลนาเกษม,หน่วยที่ 8,election_day,1,นายเกษม ฉิมพลี,ภูมิใจไทย,#212b6b,5
election_data\อำเภอทุ่งศรีอุดม\ตำบลนาเกษม\หน่วยที่ 8,อำเภอทุ่งศรีอุดม,ตำบลนาเกษม,หน่วยที่ 8,election_day,2,นายสมศักดิ์ บุญประชม,เพื่อไทรวมพลัง,#ff66cc,80
election_data\อำเภอทุ่งศรีอุดม\ตำบลนาเกษม\หน่วยที่ 8,อำเภอทุ่งศรีอุดม,ตำบลนาเกษม,หน่วยที่ 8,election_day,3,นายวัชรพล เชื้อคง,เพื่อไทย,#e0002b,3
election_data\อำเภอทุ่งศรีอุดม\ตำบลนาเกษม\หน่วยที่ 8,อำเภอทุ่งศรีอุดม,ตำบลนาเกษม,หน่วยที่ 8,election_day,4,นางสาวมิลิณ กำเนิดสิงห์,พลังประชารัฐ,#1f56a3,0
election_data\อำเภอทุ่งศรีอุดม\ตำบลนาเกษม\หน่วยที่ 8,อำเภอทุ่งศรีอุดม,ตำบลนาเกษม,หน่วยที่ 8,election_day,5,นายสิโรตม์ แสนทวีสุข,ประชาชน,#f47933,0
election_data\อำเภอทุ่งศรีอุดม\ตำบลนาเกษม\หน่วยที่ 8,อำเภอทุ่งศรีอุดม,ตำบลนาเกษม,หน่วยที่ 8,election_day,6,นายยิ่ง ภูผา,ประชาธิปัตย์,#00a2e8,0
election_data\อำเภอทุ่งศรีอุดม\ตำบลนาเกษม\หน่วยที่ 9,อำเภอทุ่งศรีอุดม,ตำบลนาเกษม,หน่วยที่ 9,election_day,1,นายเกษม ฉิมพลี,ภูมิใจไทย,#212b6b,10
election_data\อำเภอทุ่งศรีอุดม\ตำบลนาเกษม\หน่วยที่ 9,อำเภอทุ่งศรีอุดม,ตำบลนาเกษม,หน่วยที่ 9,election_day,2,นายสมศักดิ์ บุญประชม,เพื่อไทรวมพลัง,#ff66cc,233
election_data\อำเภอทุ่งศรีอุดม\ตำบลนาเกษม\หน่วยที่ 9,อำเภอทุ่งศรีอุดม,ตำบลนาเกษม,หน่วยที่ 9,election_day,3,นายวัชรพล เชื้อคง,เพื่อไทย,#e0002b,22
election_data\อำเภอทุ่งศรีอุดม\ตำบลนาเกษม\หน่วยที่ 9,อำเภอทุ่งศรีอุดม,ตำบลนาเกษม,หน่วยที่ 9,election_day,4,นางสาวมิลิณ กำเนิดสิงห์,พลังประชารัฐ,#1f56a3,2
election_data\อำเภอทุ่งศรีอุดม\ตำบลนาเกษม\หน่วยที่ 9,อำเภอทุ่งศรีอุดม,ตำบลนาเกษม,หน่วยที่ 9,election_day,5,นายสิโรตม์ แสนทวีสุข,ประชาชน,#f47933,22
election_data\อำเภอทุ่งศรีอุดม\ตำบลนาเกษม\หน่วยที่ 9,อำเภอทุ่งศรีอุดม,ตำบลนาเกษม,หน่วยที่ 9,election_day,6,นายยิ่ง ภูผา,ประชาธิปัตย์,#00a2e8,0
election_data\อำเภอทุ่งศรีอุดม\ตำบลหนองอ้ม\หน่วยที่ 1,อำเภอทุ่งศรีอุดม,ตำบลหนองอ้ม,หน่วยที่ 1,election_day,1,นายเกษม ฉิมพลี,ภูมิใจไทย,#212b6b,4
election_data\อำเภอทุ่งศรีอุดม\ตำบลหนองอ้ม\หน่วยที่ 1,อำเภอทุ่งศรีอุดม,ตำบลหนองอ้ม,หน่วยที่ 1,election_day,2,นายสมศักดิ์ บุญประชม,เพื่อไทรวมพลัง,#ff66cc,249
election_data\อำเภอทุ่งศรีอุดม\ตำบลหนองอ้ม\หน่วยที่ 1,อำเภอทุ่งศรีอุดม,ตำบลหนองอ้ม,หน่วยที่ 1,election_day,3,นายวัชรพล เชื้อคง,เพื่อไทย,#e0002b,39
election_data\อำเภอทุ่งศรีอุดม\ตำบลหนองอ้ม\หน่วยที่ 1,อำเภอทุ่งศรีอุดม,ตำบลหนองอ้ม,หน่วยที่ 1,election_day,4,นางสาวมิลิณ กำเนิดสิงห์,พลังประชารัฐ,#1f56a3,1
election_data\อำเภอทุ่งศรีอุดม\ตำบลหนองอ้ม\หน่วยที่ 1,อำเภอทุ่งศรีอุดม,ตำบลหนองอ้ม,หน่วยที่ 1,election_day,5,นายสิโรตม์ แสนทวีสุข,ประชาชน,#f47933,36
election_data\อำเภอทุ่งศรีอุดม\ตำบลหนองอ้ม\หน่วยที่ 1,อำเภอทุ่งศรีอุดม,ตำบลหนองอ้ม,หน่วยที่ 1,election_day,6,นายยิ่ง ภูผา,ประชาธิปัตย์,#00a2e8,5
election_data\อำเภอทุ่งศรีอุดม\ตำบลหนองอ้ม\หน่วยที่ 10,อำเภอทุ่งศรีอุดม,ตำบลหนองอ้ม,หน่วยที่ 10,election_day,1,นายเกษม ฉิมพลี,ภูมิใจไทย,#212b6b,5
election_data\อำเภอทุ่งศรีอุดม\ตำบลหนองอ้ม\หน่วยที่ 10,อำเภอทุ่งศรีอุดม,ตำบลหนองอ้ม,หน่วยที่ 10,election_day,2,นายสมศักดิ์ บุญประชม,เพื่อไทรวมพลัง,#ff66cc,142
election_data\อำเภอทุ่งศรีอุดม\ตำบลหนองอ้ม\หน่วยที่ 10,อำเภอทุ่งศรีอุดม,ตำบลหนองอ้ม,หน่วยที่ 10,election_day,3,นายวัชรพล เชื้อคง,เพื่อไทย,#e0002b,13
election_data\อำเภอทุ่งศรีอุดม\ตำบลหนองอ้ม\หน่วยที่ 10,อำเภอทุ่งศรีอุดม,ตำบลหนองอ้ม,หน่วยที่ 10,election_day,4,นางสาวมิลิณ กำเนิดสิงห์,พลังประชารัฐ,#1f56a3,2
election_data\อำเภอทุ่งศรีอุดม\ตำบลหนองอ้ม\หน่วยที่ 10,อำเภอทุ่งศรีอุดม,ตำบลหนองอ้ม,หน่วยที่ 10,election_day,5,นายสิโรตม์ แสนทวีสุข,ประชาชน,#f47933,14
election_data\อำเภอทุ่งศรีอุดม\ตำบลหนองอ้ม\หน่วยที่ 10,อำเภอทุ่งศรีอุดม,ตำบลหนองอ้ม,หน่วยที่ 10,election_day,6,นายยิ่ง ภูผา,ประชาธิปัตย์,#00a2e8,1
election_data\อำเภอทุ่งศรีอุดม\ตำบลหนองอ้ม\หน่วยที่ 2,อำเภอทุ่งศรีอุดม,ตำบลหนองอ้ม,หน่วยที่ 2,election_day,1,นายเกษม ฉิมพลี,ภูมิใจไทย,#212b6b,13
election_data\อำเภอทุ่งศรีอุดม\ตำบลหนองอ้ม\หน่วยที่ 2,อำเภอทุ่งศรีอุดม,ตำบลหนองอ้ม,หน่วยที่ 2,election_day,2,นายสมศักดิ์ บุญประชม,เพื่อไทรวมพลัง,#ff66cc,277
election_data\อำเภอทุ่งศรีอุดม\ตำบลหนองอ้ม\หน่วยที่ 2,อำเภอทุ่งศรีอุดม,ตำบลหนองอ้ม,หน่วยที่ 2,election_day,3,นายวัชรพล เชื้อคง,เพื่อไทย,#e0002b,53
election_data\อำเภอทุ่งศรีอุดม\ตำบลหนองอ้ม\หน่วยที่ 2,อำเภอทุ่งศรีอุดม,ตำบลหนองอ้ม,หน่วยที่ 2,election_day,4,นางสาวมิลิณ กำเนิดสิงห์,พลังประชารัฐ,#1f56a3,4
election_data\อำเภอทุ่งศรีอุดม\ตำบลหนองอ้ม\หน่วยที่ 2,อำเภอทุ่งศรีอุดม,ตำบลหนองอ้ม,หน่วยที่ 2,election_day,5,นายสิโรตม์ แสนทวีสุข,ประชาชน,#f47933,1
election_data\อำเภอทุ่งศรีอุดม\ตำบลหนองอ้ม\หน่วยที่ 2,อำเภอทุ่งศรีอุดม,ตำบลหนองอ้ม,หน่วยที่ 2,election_day,6,นายยิ่ง ภูผา,ประชาธิปัตย์,#00a2e8,0
election_data\อำเภอทุ่งศรีอุดม\ตำบลหนองอ้ม\หน่วยที่ 3,อำเภอทุ่งศรีอุดม,ตำบลหนองอ้ม,หน่วยที่ 3,election_day,1,นายเกษม ฉิมพลี,ภูมิใจไทย,#212b6b,18
election_data\อำเภอทุ่งศรีอุดม\ตำบลหนองอ้ม\หน่วยที่ 3,อำเภอทุ่งศรีอุดม,ตำบลหนองอ้ม,หน่วยที่ 3,election_day,2,นายสมศักดิ์ บุญประชม,เพื่อไทรวมพลัง,#ff66cc,202
election_data\อำเภอทุ่งศรีอุดม\ตำบลหนองอ้ม\หน่วยที่ 3,อำเภอทุ่งศรีอุดม,ตำบลหนองอ้ม,หน่วยที่ 3,election_day,3,นายวัชรพล เชื้อคง,เพื่อไทย,#e0002b,3
election_data\อำเภอทุ่งศรีอุดม\ตำบลหนองอ้ม\หน่วยที่ 3,อำเภอทุ่งศรีอุดม,ตำบลหนองอ้ม,หน่วยที่ 3,election_day,4,นางสาวมิลิณ กำเนิดสิงห์,พลังประชารัฐ,#1f56a3,4
election_data\อำเภอทุ่งศรีอุดม\ตำบลหนองอ้ม\หน่วยที่ 3,อำเภอทุ่งศรีอุดม,ตำบลหนองอ้ม,หน่วยที่ 3,election_day,5,นายสิโรตม์ แสนทวีสุข,ประชาชน,#f47933,6
election_data\อำเภอทุ่งศรีอุดม\ตำบลหนองอ้ม\หน่วยที่ 3,อำเภอทุ่งศรีอุดม,ตำบลหนองอ้ม,หน่วยที่ 3,election_day,6,นายยิ่ง ภูผา,ประชาธิปัตย์,#00a2e8,1
election_data\อำเภอทุ่งศรีอุดม\ตำบลหนองอ้ม\หน่วยที่ 4,อำเภอทุ่งศรีอุดม,ตำบลหนองอ้ม,หน่วยที่ 4,election_day,1,นายเกษม ฉิมพลี,ภูมิใจไทย,#212b6b,23
election_data\อำเภอทุ่งศรีอุดม\ตำบลหนองอ้ม\หน่วยที่ 4,อำเภอทุ่งศรีอุดม,ตำบลหนองอ้ม,หน่วยที่ 4,election_day,2,นายสมศักดิ์ บุญประชม,เพื่อไทรวมพลัง,#ff66cc,289
election_data\อำเภอทุ่งศรีอุดม\ตำบลหนองอ้ม\หน่วยที่ 4,อำเภอทุ่งศรีอุดม,ตำบลหนองอ้ม,หน่วยที่ 4,election_day,3,นายวัชรพล เชื้อคง,เพื่อไทย,#e0002b,39
election_data\อำเภอทุ่งศรีอุดม\ตำบลหนองอ้ม\หน่วยที่ 4,อำเภอทุ่งศรีอุดม,ตำบลหนองอ้ม,หน่วยที่ 4,election_day,4,นางสาวมิลิณ กำเนิดสิงห์,พลังประชารัฐ,#1f56a3,1
election_data\อำเภอทุ่งศรีอุดม\ตำบลหนองอ้ม\หน่วยที่ 4,อำเภอทุ่งศรีอุดม,ตำบลหนองอ้ม,หน่วยที่ 4,election_day,5,นายสิโรตม์ แสนทวีสุข,ประชาชน,#f47933,34
election_data\อำเภอทุ่งศรีอุดม\ตำบลหนองอ้ม\หน่วยที่ 4,อำเภอทุ่งศรีอุดม,ตำบลหนองอ้ม,หน่วยที่ 4,election_day,6,นายยิ่ง ภูผา,ประชาธิปัตย์,#00a2e8,3
election_data\อำเภอทุ่งศรีอุดม\ตำบลหนองอ้ม\หน่วยที่ 5,อำเภอทุ่งศรีอุดม,ตำบลหนองอ้ม,หน่วยที่ 5,election_day,1,นายเกษม ฉิมพลี,ภูมิใจไทย,#212b6b,7
election_data\อำเภอทุ่งศรีอุดม\ตำบลหนองอ้ม\หน่วยที่ 5,อำเภอทุ่งศรีอุดม,ตำบลหนองอ้ม,หน่วยที่ 5,election_day,2,นายสมศักดิ์ บุญประชม,เพื่อไทรวมพลัง,#ff66cc,122
election_data\อำเภอทุ่งศรีอุดม\ตำบลหนองอ้ม\หน่วยที่ 5,อำเภอทุ่งศรีอุดม,ตำบลหนองอ้ม,หน่วยที่ 5,election_day,3,นายวัชรพล เชื้อคง,เพื่อไทย,#e0002b,20
election_data\อำเภอทุ่งศรีอุดม\ตำบลหนองอ้ม\หน่วยที่ 5,อำเภอทุ่งศรีอุดม,ตำบลหนองอ้ม,หน่วยที่ 5,election_day,4,นางสาวมิลิณ กำเนิดสิงห์,พลังประชารัฐ,#1f56a3,1
election_data\อำเภอทุ่งศรีอุดม\ตำบลหนองอ้ม\หน่วยที่ 5,อำเภอทุ่งศรีอุดม,ตำบลหนองอ้ม,หน่วยที่ 5,election_day,5,นายสิโรตม์ แสนทวีสุข,ประชาชน,#f47933,14
election_data\อำเภอทุ่งศรีอุดม\ตำบลหนองอ้ม\หน่วยที่ 5,อำเภอทุ่งศรีอุดม,ตำบลหนองอ้ม,หน่วยที่ 5,election_day,6,นายยิ่ง ภูผา,ประชาธิปัตย์,#00a2e8,3
election_data\อำเภอทุ่งศรีอุดม\ตำบลหนองอ้ม\หน่วยที่ 6,อำเภอทุ่งศรีอุดม,ตำบลหนองอ้ม,หน่วยที่ 6,election_day,1,นายเกษม ฉิมพลี,ภูมิใจไทย,#212b6b,4
election_data\อำเภอทุ่งศรีอุดม\ตำบลหนองอ้ม\หน่วยที่ 6,อำเภอทุ่งศรีอุดม,ตำบลหนองอ้ม,หน่วยที่ 6,election_day,2,นายสมศักดิ์ บุญประชม,เพื่อไทรวมพลัง,#ff66cc,181
election_data\อำเภอทุ่งศรีอุดม\ตำบลหนองอ้ม\หน่วยที่ 6,อำเภอทุ่งศรีอุดม,ตำบลหนองอ้ม,หน่วยที่ 6,election_day,3,นายวัชรพล เชื้อคง,เพื่อไทย,#e0002b,37
election_data\อำเภอทุ่งศรีอุดม\ตำบลหนองอ้ม\หน่วยที่ 6,อำเภอทุ่งศรีอุดม,ตำบลหนองอ้ม,หน่วยที่ 6,election_day,4,นางสาวมิลิณ กำเนิดสิงห์,พลังประชารัฐ,#1f56a3,29
election_data\อำเภอทุ่งศรีอุดม\ตำบลหนองอ้ม\หน่วยที่ 6,อำเภอทุ่งศรีอุดม,ตำบลหนองอ้ม,หน่วยที่ 6,election_day,5,นายสิโรตม์ แสนทวีสุข,ประชาชน,#f47933,2
election_data\อำเภอทุ่งศรีอุดม\ตำบลหนองอ้ม\หน่วยที่ 6,อำเภอทุ่งศรีอุดม,ตำบลหนองอ้ม,หน่วยที่ 6,election_day,6,นายยิ่ง ภูผา,ประชาธิปัตย์,#00a2e8,0
election_data\อำเภอทุ่งศรีอุดม\ตำบลหนองอ้ม\หน่วยที่ 7,อำเภอทุ่งศรีอุดม,ตำบลหนองอ้ม,หน่วยที่ 7,election_day,1,นายเกษม ฉิมพลี,ภูมิใจไทย,#212b6b,1
election_data\อำเภอทุ่งศรีอุดม\ตำบลหนองอ้ม\หน่วยที่ 7,อำเภอทุ่งศรีอุดม,ตำบลหนองอ้ม,หน่วยที่ 7,election_day,2,นายสมศักดิ์ บุญประชม,เพื่อไทรวมพลัง,#ff66cc,184
election_data\อำเภอทุ่งศรีอุดม\ตำบลหนองอ้ม\หน่วยที่ 7,อำเภอทุ่งศรีอุดม,ตำบลหนองอ้ม,หน่วยที่ 7,election_day,3,นายวัชรพล เชื้อคง,เพื่อไทย,#e0002b,24
election_data\อำเภอทุ่งศรีอุดม\ตำบลหนองอ้ม\หน่วยที่ 7,อำเภอทุ่งศรีอุดม,ตำบลหนองอ้ม,หน่วยที่ 7,election_day,4,นางสาวมิลิณ กำเนิดสิงห์,พลังประชารัฐ,#1f56a3,1
election_data\อำเภอทุ่งศรีอุดม\ตำบลหนองอ้ม\หน่วยที่ 7,อำเภอทุ่งศรีอุดม,ตำบลหนองอ้ม,หน่วยที่ 7,election_day,5,นายสิโรตม์ แสนทวีสุข,ประชาชน,#f47933,29
election_data\อำเภอทุ่งศรีอุดม\ตำบลหนองอ้ม\หน่วยที่ 7,อำเภอทุ่งศรีอุดม,ตำบลหนองอ้ม,หน่วยที่ 7,election_day,6,นายยิ่ง ภูผา,ประชาธิปัตย์,#00a2e8,0
election_data\อำเภอทุ่งศรีอุดม\ตำบลหนองอ้ม\หน่วยที่ 8,อำเภอทุ่งศรีอุดม,ตำบลหนองอ้ม,หน่วยที่ 8,election_day,1,นายเกษม ฉิมพลี,ภูมิใจไทย,#212b6b,0
election_data\อำเภอทุ่งศรีอุดม\ตำบลหนองอ้ม\หน่วยที่ 8,อำเภอทุ่งศรีอุดม,ตำบลหนองอ้ม,หน่วยที่ 8,election_day,2,นายสมศักดิ์ บุญประชม,เพื่อไทรวมพลัง,#ff66cc,96
election_data\อำเภอทุ่งศรีอุดม\ตำบลหนองอ้ม\หน่วยที่ 8,อำเภอทุ่งศรีอุดม,ตำบลหนองอ้ม,หน่วยที่ 8,election_day,3,นายวัชรพล เชื้อคง,เพื่อไทย,#e0002b,9
election_data\อำเภอทุ่งศรีอุดม\ตำบลหนองอ้ม\หน่วยที่ 8,อำเภอทุ่งศรีอุดม,ตำบลหนองอ้ม,หน่วยที่ 8,election_day,4,นางสาวมิลิณ กำเนิดสิงห์,พลังประชารัฐ,#1f56a3,1
election_data\อำเภอทุ่งศรีอุดม\ตำบลหนองอ้ม\หน่วยที่ 8,อำเภอทุ่งศรีอุดม,ตำบลหนองอ้ม,หน่วยที่ 8,election_day,5,นายสิโรตม์ แสนทวีสุข,ประชาชน,#f47933,12
election_data\อำเภอทุ่งศรีอุดม\ตำบลหนองอ้ม\หน่วยที่ 8,อำเภอทุ่งศรีอุดม,ตำบลหนองอ้ม,หน่วยที่ 8,election_day,6,นายยิ่ง ภูผา,ประชาธิปัตย์,#00a2e8,1
election_data\อำเภอทุ่งศรีอุดม\ตำบลหนองอ้ม\หน่วยที่ 9,อำเภอทุ่งศรีอุดม,ตำบลหนองอ้ม,หน่วยที่ 9,election_day,1,นายเกษม ฉิมพลี,ภูมิใจไทย,#212b6b,4
election_data\อำเภอทุ่งศรีอุดม\ตำบลหนองอ้ม\หน่วยที่ 9,อำเภอทุ่งศรีอุดม,ตำบลหนองอ้ม,หน่วยที่ 9,election_day,2,นายสมศักดิ์ บุญประชม,เพื่อไทรวมพลัง,#ff66cc,177
election_data\อำเภอทุ่งศรีอุดม\ตำบลหนองอ้ม\หน่วยที่ 9,อำเภอทุ่งศรีอุดม,ตำบลหนองอ้ม,หน่วยที่ 9,election_day,3,นายวัชรพล เชื้อคง,เพื่อไทย,#e0002b,28
election_data\อำเภอทุ่งศรีอุดม\ตำบลหนองอ้ม\หน่วยที่ 9,อำเภอทุ่งศรีอุดม,ตำบลหนองอ้ม,หน่วยที่ 9,election_day,4,นางสาวมิลิณ กำเนิดสิงห์,พลังประชารัฐ,#1f56a3,1
election_data\อำเภอทุ่งศรีอุดม\ตำบลหนองอ้ม\หน่วยที่ 9,อำเภอทุ่งศรีอุดม,ตำบลหนองอ้ม,หน่วยที่ 9,election_day,5,นายสิโรตม์ แสนทวีสุข,ประชาชน,#f47933,28
election_data\อำเภอทุ่งศรีอุดม\ตำบลหนองอ้ม\หน่วยที่ 9,อำเภอทุ่งศรีอุดม,ตำบลหนองอ้ม,หน่วยที่ 9,election_day,6,นายยิ่ง ภูผา,ประชาธิปัตย์,#00a2e8,1
election_data\อำเภอทุ่งศรีอุดม\ตำบลโคกชำแระ\หน่วยที่ 1,อำเภอทุ่งศรีอุดม,ตำบลโคกชำแระ,หน่วยที่ 1,election_day,1,นายเกษม ฉิมพลี,ภูมิใจไทย,#212b6b,12
election_data\อำเภอทุ่งศรีอุดม\ตำบลโคกชำแระ\หน่วยที่ 1,อำเภอทุ่งศรีอุดม,ตำบลโคกชำแระ,หน่วยที่ 1,election_day,2,นายสมศักดิ์ บุญประชม,เพื่อไทรวมพลัง,#ff66cc,219
election_data\อำเภอทุ่งศรีอุดม\ตำบลโคกชำแระ\หน่วยที่ 1,อำเภอทุ่งศรีอุดม,ตำบลโคกชำแระ,หน่วยที่ 1,election_day,3,นายวัชรพล เชื้อคง,เพื่อไทย,#e0002b,10
election_data\อำเภอทุ่งศรีอุดม\ตำบลโคกชำแระ\หน่วยที่ 1,อำเภอทุ่งศรีอุดม,ตำบลโคกชำแระ,หน่วยที่ 1,election_day,4,นางสาวมิลิณ กำเนิดสิงห์,พลังประชารัฐ,#1f56a3,3
election_data\อำเภอทุ่งศรีอุดม\ตำบลโคกชำแระ\หน่วยที่ 1,อำเภอทุ่งศรีอุดม,ตำบลโคกชำแระ,หน่วยที่ 1,election_day,5,นายสิโรตม์ แสนทวีสุข,ประชาชน,#f47933,31
election_data\อำเภอทุ่งศรีอุดม\ตำบลโคกชำแระ\หน่วยที่ 1,อำเภอทุ่งศรีอุดม,ตำบลโคกชำแระ,หน่วยที่ 1,election_day,6,นายยิ่ง ภูผา,ประชาธิปัตย์,#00a2e8,0
election_data\อำเภอทุ่งศรีอุดม\ตำบลโคกชำแระ\หน่วยที่ 10,อำเภอทุ่งศรีอุดม,ตำบลโคกชำแระ,หน่วยที่ 10,election_day,1,นายเกษม ฉิมพลี,ภูมิใจไทย,#212b6b,3
election_data\อำเภอทุ่งศรีอุดม\ตำบลโคกชำแระ\หน่วยที่ 10,อำเภอทุ่งศรีอุดม,ตำบลโคกชำแระ,หน่วยที่ 10,election_day,2,นายสมศักดิ์ บุญประชม,เพื่อไทรวมพลัง,#ff66cc,204
election_data\อำเภอทุ่งศรีอุดม\ตำบลโคกชำแระ\หน่วยที่ 10,อำเภอทุ่งศรีอุดม,ตำบลโคกชำแระ,หน่วยที่ 10,election_day,3,นายวัชรพล เชื้อคง,เพื่อไทย,#e0002b,0
election_data\อำเภอทุ่งศรีอุดม\ตำบลโคกชำแระ\หน่วยที่ 10,อำเภอทุ่งศรีอุดม,ตำบลโคกชำแระ,หน่วยที่ 10,election_day,4,นางสาวมิลิณ กำเนิดสิงห์,พลังประชารัฐ,#1f56a3,4
election_data\อำเภอทุ่งศรีอุดม\ตำบลโคกชำแระ\หน่วยที่ 10,อำเภอทุ่งศรีอุดม,ตำบลโคกชำแระ,หน่วยที่ 10,election_day,5,นายสิโรตม์ แสนทวีสุข,ประชาชน,#f47933,26
election_data\อำเภอทุ่งศรีอุดม\ตำบลโคกชำแระ\หน่วยที่ 10,อำเภอทุ่งศรีอุดม,ตำบลโคกชำแระ,หน่วยที่ 10,election_day,6,นายยิ่ง ภูผา,ประชาธิปัตย์,#00a2e8,3
election_data\อำเภอทุ่งศรีอุดม\ตำบลโคกชำแระ\หน่วยที่ 11,อำเภอทุ่งศรีอุดม,ตำบลโคกชำแระ,หน่วยที่ 11,election_day,1,นายเกษม ฉิมพลี,ภูมิใจไทย,#212b6b,2
election_data\อำเภอทุ่งศรีอุดม\ตำบลโคกชำแระ\หน่วยที่ 11,อำเภอทุ่งศรีอุดม,ตำบลโคกชำแระ,หน่วยที่ 11,election_day,2,นายสมศักดิ์ บุญประชม,เพื่อไทรวมพลัง,#ff66cc,214
election_data\อำเภอทุ่งศรีอุดม\ตำบลโคกชำแระ\หน่วยที่ 11,อำเภอทุ่งศรีอุดม,ตำบลโคกชำแระ,หน่วยที่ 11,election_day,3,นายวัชรพล เชื้อคง,เพื่อไทย,#e0002b,12
election_data\อำเภอทุ่งศรีอุดม\ตำบลโคกชำแระ\หน่วยที่ 11,อำเภอทุ่งศรีอุดม,ตำบลโคกชำแระ,หน่วยที่ 11,election_day,4,นางสาวมิลิณ กำเนิดสิงห์,พลังประชารัฐ,#1f56a3,1
election_data\อำเภอทุ่งศรีอุดม\ตำบลโคกชำแระ\หน่วยที่ 11,อำเภอทุ่งศรีอุดม,ตำบลโคกชำแระ,หน่วยที่ 11,election_day,5,นายสิโรตม์ แสนทวีสุข,ประชาชน,#f47933,17
election_data\อำเภอทุ่งศรีอุดม\ตำบลโคกชำแระ\หน่วยที่ 11,อำเภอทุ่งศรีอุดม,ตำบลโคกชำแระ,หน่วยที่ 11,election_day,6,นายยิ่ง ภูผา,ประชาธิปัตย์,#00a2e8,1
election_data\อำเภอทุ่งศรีอุดม\ตำบลโคกชำแระ\หน่วยที่ 2,อำเภอทุ่งศรีอุดม,ตำบลโคกชำแระ,หน่วยที่ 2,election_day,1,นายเกษม ฉิมพลี,ภูมิใจไทย,#212b6b,5
election_data\อำเภอทุ่งศรีอุดม\ตำบลโคกชำแระ\หน่วยที่ 2,อำเภอทุ่งศรีอุดม,ตำบลโคกชำแระ,หน่วยที่ 2,election_day,2,นายสมศักดิ์ บุญประชม,เพื่อไทรวมพลัง,#ff66cc,182
election_data\อำเภอทุ่งศรีอุดม\ตำบลโคกชำแระ\หน่วยที่ 2,อำเภอทุ่งศรีอุดม,ตำบลโคกชำแระ,หน่วยที่ 2,election_day,3,นายวัชรพล เชื้อคง,เพื่อไทย,#e0002b,10
election_data\อำเภอทุ่งศรีอุดม\ตำบลโคกชำแระ\หน่วยที่ 2,อำเภอทุ่งศรีอุดม,ตำบลโคกชำแระ,หน่วยที่ 2,election_day,4,นางสาวมิลิณ กำเนิดสิงห์,พลังประชารัฐ,#1f56a3,3
election_data\อำเภอทุ่งศรีอุดม\ตำบลโคกชำแระ\หน่วยที่ 2,อำเภอทุ่งศรีอุดม,ตำบลโคกชำแระ,หน่วยที่ 2,election_day,5,นายสิโรตม์ แสนทวีสุข,ประชาชน,#f47933,10
election_data\อำเภอทุ่งศรีอุดม\ตำบลโคกชำแระ\หน่วยที่ 2,อำเภอทุ่งศรีอุดม,ตำบลโคกชำแระ,หน่วยที่ 2,election_day,6,นายยิ่ง ภูผา,ประชาธิปัตย์,#00a2e8,1
election_data\อำเภอทุ่งศรีอุดม\ตำบลโคกชำแระ\หน่วยที่ 3,อำเภอทุ่งศรีอุดม,ตำบลโคกชำแระ,หน่วยที่ 3,election_day,1,นายเกษม ฉิมพลี,ภูมิใจไทย,#212b6b,14
election_data\อำเภอทุ่งศรีอุดม\ตำบลโคกชำแระ\หน่วยที่ 3,อำเภอทุ่งศรีอุดม,ตำบลโคกชำแระ,หน่วยที่ 3,election_day,2,นายสมศักดิ์ บุญประชม,เพื่อไทรวมพลัง,#ff66cc,306
election_data\อำเภอทุ่งศรีอุดม\ตำบลโคกชำแระ\หน่วยที่ 3,อำเภอทุ่งศรีอุดม,ตำบลโคกชำแระ,หน่วยที่ 3,election_day,3,นายวัชรพล เชื้อคง,เพื่อไทย,#e0002b,18
election_data\อำเภอทุ่งศรีอุดม\ตำบลโคกชำแระ\หน่วยที่ 3,อำเภอทุ่งศรีอุดม,ตำบลโคกชำแระ,หน่วยที่ 3,election_day,4,นางสาวมิลิณ กำเนิดสิงห์,พลังประชารัฐ,#1f56a3,1
election_data\อำเภอทุ่งศรีอุดม\ตำบลโคกชำแระ\หน่วยที่ 3,อำเภอทุ่งศรีอุดม,ตำบลโคกชำแระ,หน่วยที่ 3,election_day,5,นายสิโรตม์ แสนทวีสุข,ประชาชน,#f47933,5
election_data\อำเภอทุ่งศรีอุดม\ตำบลโคกชำแระ\หน่วยที่ 3,อำเภอทุ่งศรีอุดม,ตำบลโคกชำแระ,หน่วยที่ 3,election_day,6,นายยิ่ง ภูผา,ประชาธิปัตย์,#00a2e8,0
election_data\อำเภอทุ่งศรีอุดม\ตำบลโคกชำแระ\หน่วยที่ 4,อำเภอทุ่งศรีอุดม,ตำบลโคกชำแระ,หน่วยที่ 4,election_day,1,นายเกษม ฉิมพลี,ภูมิใจไทย,#212b6b,6
election_data\อำเภอทุ่งศรีอุดม\ตำบลโคกชำแระ\หน่วยที่ 4,อำเภอทุ่งศรีอุดม,ตำบลโคกชำแระ,หน่วยที่ 4,election_day,2,นายสมศักดิ์ บุญประชม,เพื่อไทรวมพลัง,#ff66cc,193
election_data\อำเภอทุ่งศรีอุดม\ตำบลโคกชำแระ\หน่วยที่ 4,อำเภอทุ่งศรีอุดม,ตำบลโคกชำแระ,หน่วยที่ 4,election_day,3,นายวัชรพล เชื้อคง,เพื่อไทย,#e0002b,4
election_data\อำเภอทุ่งศรีอุดม\ตำบลโคกชำแระ\หน่วยที่ 4,อำเภอทุ่งศรีอุดม,ตำบลโคกชำแระ,หน่วยที่ 4,election_day,4,นางสาวมิลิณ กำเนิดสิงห์,พลังประชารัฐ,#1f56a3,2
election_data\อำเภอทุ่งศรีอุดม\ตำบลโคกชำแระ\หน่วยที่ 4,อำเภอทุ่งศรีอุดม,ตำบลโคกชำแระ,หน่วยที่ 4,election_day,5,นายสิโรตม์ แสนทวีสุข,ประชาชน,#f47933,11
election_data\อำเภอทุ่งศรีอุดม\ตำบลโคกชำแระ\หน่วยที่ 4,อำเภอทุ่งศรีอุดม,ตำบลโคกชำแระ,หน่วยที่ 4,election_day,6,นายยิ่ง ภูผา,ประชาธิปัตย์,#00a2e8,0
election_data\อำเภอทุ่งศรีอุดม\ตำบลโคกชำแระ\หน่วยที่ 5,อำเภอทุ่งศรีอุดม,ตำบลโคกชำแระ,หน่วยที่ 5,election_day,1,นายเกษม ฉิมพลี,ภูมิใจไทย,#212b6b,3
election_data\อำเภอทุ่งศรีอุดม\ตำบลโคกชำแระ\หน่วยที่ 5,อำเภอทุ่งศรีอุดม,ตำบลโคกชำแระ,หน่วยที่ 5,election_day,2,นายสมศักดิ์ บุญประชม,เพื่อไทรวมพลัง,#ff66cc,168
election_data\อำเภอทุ่งศรีอุดม\ตำบลโคกชำแระ\หน่วยที่ 5,อำเภอทุ่งศรีอุดม,ตำบลโคกชำแระ,หน่วยที่ 5,election_day,3,นายวัชรพล เชื้อคง,เพื่อไทย,#e0002b,0
election_data\อำเภอทุ่งศรีอุดม\ตำบลโคกชำแระ\หน่วยที่ 5,อำเภอทุ่งศรีอุดม,ตำบลโคกชำแระ,หน่วยที่ 5,election_day,4,นางสาวมิลิณ กำเนิดสิงห์,พลังประชารัฐ,#1f56a3,2
election_data\อำเภอทุ่งศรีอุดม\ตำบลโคกชำแระ\หน่วยที่ 5,อำเภอทุ่งศรีอุดม,ตำบลโคกชำแระ,หน่วยที่ 5,election_day,5,นายสิโรตม์ แสนทวีสุข,ประชาชน,#f47933,0
election_data\อำเภอทุ่งศรีอุดม\ตำบลโคกชำแระ\หน่วยที่ 5,อำเภอทุ่งศรีอุดม,ตำบลโคกชำแระ,หน่วยที่ 5,election_day,6,นายยิ่ง ภูผา,ประชาธิปัตย์,#00a2e8,0
election_data\อำเภอทุ่งศรีอุดม\ตำบลโคกชำแระ\หน่วยที่ 6,อำเภอทุ่งศรีอุดม,ตำบลโคกชำแระ,หน่วยที่ 6,election_day,1,นายเกษม ฉิมพลี,ภูมิใจไทย,#212b6b,5
election_data\อำเภอทุ่งศรีอุดม\ตำบลโคกชำแระ\หน่วยที่ 6,อำเภอทุ่งศรีอุดม,ตำบลโคกชำแระ,หน่วยที่ 6,election_day,2,นายสมศักดิ์ บุญประชม,เพื่อไทรวมพลัง,#ff66cc,141
election_data\อำเภอทุ่งศรีอุดม\ตำบลโคกชำแระ\หน่วยที่ 6,อำเภอทุ่งศรีอุดม,ตำบลโคกชำแระ,หน่วยที่ 6,election_day,3,นายวัชรพล เชื้อคง,เพื่อไทย,#e0002b,21
election_data\อำเภอทุ่งศรีอุดม\ตำบลโคกชำแระ\หน่วยที่ 6,อำเภอทุ่งศรีอุดม,ตำบลโคกชำแระ,หน่วยที่ 6,election_day,4,นางสาวมิลิณ กำเนิดสิงห์,พลังประชารัฐ,#1f56a3,2
election_data\อำเภอทุ่งศรีอุดม\ตำบลโคกชำแระ\หน่วยที่ 6,อำเภอทุ่งศรีอุดม,ตำบลโคกชำแระ,หน่วยที่ 6,election_day,5,นายสิโรตม์ แสนทวีสุข,ประชาชน,#f47933,1
election_data\อำเภอทุ่งศรีอุดม\ตำบลโคกชำแระ\หน่วยที่ 6,อำเภอทุ่งศรีอุดม,ตำบลโคกชำแระ,หน่วยที่ 6,election_day,6,นายยิ่ง ภูผา,ประชาธิปัตย์,#00a2e8,1
election_data\อำเภอทุ่งศรีอุดม\ตำบลโคกชำแระ\หน่วยที่ 7,อำเภอทุ่งศรีอุดม,ตำบลโคกชำแระ,หน่วยที่ 7,election_day,1,นายเกษม ฉิมพลี,ภูมิใจไทย,#212b6b,24
election_data\อำเภอทุ่งศรีอุดม\ตำบลโคกชำแระ\หน่วยที่ 7,อำเภอทุ่งศรีอุดม,ตำบลโคกชำแระ,หน่วยที่ 7,election_day,2,นายสมศักดิ์ บุญประชม,เพื่อไทรวมพลัง,#ff66cc,283
election_data\อำเภอทุ่งศรีอุดม\ตำบลโคกชำแระ\หน่วยที่ 7,อำเภอทุ่งศรีอุดม,ตำบลโคกชำแระ,หน่วยที่ 7,election_day,3,นายวัชรพล เชื้อคง,เพื่อไทย,#e0002b,31
election_data\อำเภอทุ่งศรีอุดม\ตำบลโคกชำแระ\หน่วยที่ 7,อำเภอทุ่งศรีอุดม,ตำบลโคกชำแระ,หน่วยที่ 7,election_day,4,นางสาวมิลิณ กำเนิดสิงห์,พลังประชารัฐ,#1f56a3,3
election_data\อำเภอทุ่งศรีอุดม\ตำบลโคกชำแระ\หน่วยที่ 7,อำเภอทุ่งศรีอุดม,ตำบลโคกชำแระ,หน่วยที่ 7,election_day,5,นายสิโรตม์ แสนทวีสุข,ประชาชน,#f47933,24
election_data\อำเภอทุ่งศรีอุดม\ตำบลโคกชำแระ\หน่วยที่ 7,อำเภอทุ่งศรีอุดม,ตำบลโคกชำแระ,หน่วยที่ 7,election_day,6,นายยิ่ง ภูผา,ประชาธิปัตย์,#00a2e8,3
election_data\อำเภอทุ่งศรีอุดม\ตำบลโคกชำแระ\หน่วยที่ 8,อำเภอทุ่งศรีอุดม,ตำบลโคกชำแระ,หน่วยที่ 8,election_day,1,นายเกษม ฉิมพลี,ภูมิใจไทย,#212b6b,3
election_data\อำเภอทุ่งศรีอุดม\ตำบลโคกชำแระ\หน่วยที่ 8,อำเภอทุ่งศรีอุดม,ตำบลโคกชำแระ,หน่วยที่ 8,election_day,2,นายสมศักดิ์ บุญประชม,เพื่อไทรวมพลัง,#ff66cc,255
election_data\อำเภอทุ่งศรีอุดม\ตำบลโคกชำแระ\หน่วยที่ 8,อำเภอทุ่งศรีอุดม,ตำบลโคกชำแระ,หน่วยที่ 8,election_day,3,นายวัชรพล เชื้อคง,เพื่อไทย,#e0002b,11
election_data\อำเภอทุ่งศรีอุดม\ตำบลโคกชำแระ\หน่วยที่ 8,อำเภอทุ่งศรีอุดม,ตำบลโคกชำแระ,หน่วยที่ 8,election_day,4,นางสาวมิลิณ กำเนิดสิงห์,พลังประชารัฐ,#1f56a3,0
election_data\อำเภอทุ่งศรีอุดม\ตำบลโคกชำแระ\หน่วยที่ 8,อำเภอทุ่งศรีอุดม,ตำบลโคกชำแระ,หน่วยที่ 8,election_day,5,นายสิโรตม์ แสนทวีสุข,ประชาชน,#f47933,0
election_data\อำเภอทุ่งศรีอุดม\ตำบลโคกชำแระ\หน่วยที่ 8,อำเภอทุ่งศรีอุดม,ตำบลโคกชำแระ,หน่วยที่ 8,election_day,6,นายยิ่ง ภูผา,ประชาธิปัตย์,#00a2e8,0
election_data\อำเภอทุ่งศรีอุดม\ตำบลโคกชำแระ\หน่วยที่ 9,อำเภอทุ่งศรีอุดม,ตำบลโคกชำแระ,หน่วยที่ 9,election_day,1,นายเกษม ฉิมพลี,ภูมิใจไทย,#212b6b,4
election_data\อำเภอทุ่งศรีอุดม\ตำบลโคกชำแระ\หน่วยที่ 9,อำเภอทุ่งศรีอุดม,ตำบลโคกชำแระ,หน่วยที่ 9,election_day,2,นายสมศักดิ์ บุญประชม,เพื่อไทรวมพลัง,#ff66cc,152
election_data\อำเภอทุ่งศรีอุดม\ตำบลโคกชำแระ\หน่วยที่ 9,อำเภอทุ่งศรีอุดม,ตำบลโคกชำแระ,หน่วยที่ 9,election_day,3,นายวัชรพล เชื้อคง,เพื่อไทย,#e0002b,1
election_data\อำเภอทุ่งศรีอุดม\ตำบลโคกชำแระ\หน่วยที่ 9,อำเภอทุ่งศรีอุดม,ตำบลโคกชำแระ,หน่วยที่ 9,election_day,4,นางสาวมิลิณ กำเนิดสิงห์,พลังประชารัฐ,#1f56a3,1
election_data\อำเภอทุ่งศรีอุดม\ตำบลโคกชำแระ\หน่วยที่ 9,อำเภอทุ่งศรีอุดม,ตำบลโคกชำแระ,หน่วยที่ 9,election_day,5,นายสิโรตม์ แสนทวีสุข,ประชาชน,#f47933,14
election_data\อำเภอทุ่งศรีอุดม\ตำบลโคกชำแระ\หน่วยที่ 9,อำเภอทุ่งศรีอุดม,ตำบลโคกชำแระ,หน่วยที่ 9,election_day,6,นายยิ่ง ภูผา,ประชาธิปัตย์,#00a2e8,0
election_data\อำเภอน้ำขุ่น\ตำบลขี้เหล็ก\หน่วยที่ 1,อำเภอน้ำขุ่น,ตำบลขี้เหล็ก,หน่วยที่ 1,election_day,1,นายเกษม ฉิมพลี,ภูมิใจไทย,#212b6b,7
election_data\อำเภอน้ำขุ่น\ตำบลขี้เหล็ก\หน่วยที่ 1,อำเภอน้ำขุ่น,ตำบลขี้เหล็ก,หน่วยที่ 1,election_day,2,นายสมศักดิ์ บุญประชม,เพื่อไทรวมพลัง,#ff66cc,252
election_data\อำเภอน้ำขุ่น\ตำบลขี้เหล็ก\หน่วยที่ 1,อำเภอน้ำขุ่น,ตำบลขี้เหล็ก,หน่วยที่ 1,election_day,3,นายวัชรพล เชื้อคง,เพื่อไทย,#e0002b,7
election_data\อำเภอน้ำขุ่น\ตำบลขี้เหล็ก\หน่วยที่ 1,อำเภอน้ำขุ่น,ตำบลขี้เหล็ก,หน่วยที่ 1,election_day,4,นางสาวมิลิณ กำเนิดสิงห์,พลังประชารัฐ,#1f56a3,2
election_data\อำเภอน้ำขุ่น\ตำบลขี้เหล็ก\หน่วยที่ 1,อำเภอน้ำขุ่น,ตำบลขี้เหล็ก,หน่วยที่ 1,election_day,5,นายสิโรตม์ แสนทวีสุข,ประชาชน,#f47933,9
election_data\อำเภอน้ำขุ่น\ตำบลขี้เหล็ก\หน่วยที่ 1,อำเภอน้ำขุ่น,ตำบลขี้เหล็ก,หน่วยที่ 1,election_day,6,นายยิ่ง ภูผา,ประชาธิปัตย์,#00a2e8,1
election_data\อำเภอน้ำขุ่น\ตำบลขี้เหล็ก\หน่วยที่ 10,อำเภอน้ำขุ่น,ตำบลขี้เหล็ก,หน่วยที่ 10,election_day,1,นายเกษม ฉิมพลี,ภูมิใจไทย,#212b6b,6
election_data\อำเภอน้ำขุ่น\ตำบลขี้เหล็ก\หน่วยที่ 10,อำเภอน้ำขุ่น,ตำบลขี้เหล็ก,หน่วยที่ 10,election_day,2,นายสมศักดิ์ บุญประชม,เพื่อไทรวมพลัง,#ff66cc,271
election_data\อำเภอน้ำขุ่น\ตำบลขี้เหล็ก\หน่วยที่ 10,อำเภอน้ำขุ่น,ตำบลขี้เหล็ก,หน่วยที่ 10,election_day,3,นายวัชรพล เชื้อคง,เพื่อไทย,#e0002b,25
election_data\อำเภอน้ำขุ่น\ตำบลขี้เหล็ก\หน่วยที่ 10,อำเภอน้ำขุ่น,ตำบลขี้เหล็ก,หน่วยที่ 10,election_day,4,นางสาวมิลิณ กำเนิดสิงห์,พลังประชารัฐ,#1f56a3,1
election_data\อำเภอน้ำขุ่น\ตำบลขี้เหล็ก\หน่วยที่ 10,อำเภอน้ำขุ่น,ตำบลขี้เหล็ก,หน่วยที่ 10,election_day,5,นายสิโรตม์ แสนทวีสุข,ประชาชน,#f47933,20
election_data\อำเภอน้ำขุ่น\ตำบลขี้เหล็ก\หน่วยที่ 10,อำเภอน้ำขุ่น,ตำบลขี้เหล็ก,หน่วยที่ 10,election_day,6,นายยิ่ง ภูผา,ประชาธิปัตย์,#00a2e8,0
election_data\อำเภอน้ำขุ่น\ตำบลขี้เหล็ก\หน่วยที่ 11,อำเภอน้ำขุ่น,ตำบลขี้เหล็ก,หน่วยที่ 11,election_day,1,นายเกษม ฉิมพลี,ภูมิใจไทย,#212b6b,9
election_data\อำเภอน้ำขุ่น\ตำบลขี้เหล็ก\หน่วยที่ 11,อำเภอน้ำขุ่น,ตำบลขี้เหล็ก,หน่วยที่ 11,election_day,2,นายสมศักดิ์ บุญประชม,เพื่อไทรวมพลัง,#ff66cc,217
election_data\อำเภอน้ำขุ่น\ตำบลขี้เหล็ก\หน่วยที่ 11,อำเภอน้ำขุ่น,ตำบลขี้เหล็ก,หน่วยที่ 11,election_day,3,นายวัชรพล เชื้อคง,เพื่อไทย,#e0002b,7
election_data\อำเภอน้ำขุ่น\ตำบลขี้เหล็ก\หน่วยที่ 11,อำเภอน้ำขุ่น,ตำบลขี้เหล็ก,หน่วยที่ 11,election_day,4,นางสาวมิลิณ กำเนิดสิงห์,พลังประชารัฐ,#1f56a3,3
election_data\อำเภอน้ำขุ่น\ตำบลขี้เหล็ก\หน่วยที่ 11,อำเภอน้ำขุ่น,ตำบลขี้เหล็ก,หน่วยที่ 11,election_day,5,นายสิโรตม์ แสนทวีสุข,ประชาชน,#f47933,10
election_data\อำเภอน้ำขุ่น\ตำบลขี้เหล็ก\หน่วยที่ 11,อำเภอน้ำขุ่น,ตำบลขี้เหล็ก,หน่วยที่ 11,election_day,6,นายยิ่ง ภูผา,ประชาธิปัตย์,#00a2e8,2
election_data\อำเภอน้ำขุ่น\ตำบลขี้เหล็ก\หน่วยที่ 12,อำเภอน้ำขุ่น,ตำบลขี้เหล็ก,หน่วยที่ 12,election_day,1,นายเกษม ฉิมพลี,ภูมิใจไทย,#212b6b,3
election_data\อำเภอน้ำขุ่น\ตำบลขี้เหล็ก\หน่วยที่ 12,อำเภอน้ำขุ่น,ตำบลขี้เหล็ก,หน่วยที่ 12,election_day,2,นายสมศักดิ์ บุญประชม,เพื่อไทรวมพลัง,#ff66cc,131
election_data\อำเภอน้ำขุ่น\ตำบลขี้เหล็ก\หน่วยที่ 12,อำเภอน้ำขุ่น,ตำบลขี้เหล็ก,หน่วยที่ 12,election_day,3,นายวัชรพล เชื้อคง,เพื่อไทย,#e0002b,8
election_data\อำเภอน้ำขุ่น\ตำบลขี้เหล็ก\หน่วยที่ 12,อำเภอน้ำขุ่น,ตำบลขี้เหล็ก,หน่วยที่ 12,election_day,4,นางสาวมิลิณ กำเนิดสิงห์,พลังประชารัฐ,#1f56a3,1
election_data\อำเภอน้ำขุ่น\ตำบลขี้เหล็ก\หน่วยที่ 12,อำเภอน้ำขุ่น,ตำบลขี้เหล็ก,หน่วยที่ 12,election_day,5,นายสิโรตม์ แสนทวีสุข,ประชาชน,#f47933,10
election_data\อำเภอน้ำขุ่น\ตำบลขี้เหล็ก\หน่วยที่ 12,อำเภอน้ำขุ่น,ตำบลขี้เหล็ก,หน่วยที่ 12,election_day,6,นายยิ่ง ภูผา,ประชาธิปัตย์,#00a2e8,0
election_data\อำเภอน้ำขุ่น\ตำบลขี้เหล็ก\หน่วยที่ 13,อำเภอน้ำขุ่น,ตำบลขี้เหล็ก,หน่วยที่ 13,election_day,1,นายเกษม ฉิมพลี,ภูมิใจไทย,#212b6b,7
election_data\อำเภอน้ำขุ่น\ตำบลขี้เหล็ก\หน่วยที่ 13,อำเภอน้ำขุ่น,ตำบลขี้เหล็ก,หน่วยที่ 13,election_day,2,นายสมศักดิ์ บุญประชม,เพื่อไทรวมพลัง,#ff66cc,454
election_data\อำเภอน้ำขุ่น\ตำบลขี้เหล็ก\หน่วยที่ 13,อำเภอน้ำขุ่น,ตำบลขี้เหล็ก,หน่วยที่ 13,election_day,3,นายวัชรพล เชื้อคง,เพื่อไทย,#e0002b,3
election_data\อำเภอน้ำขุ่น\ตำบลขี้เหล็ก\หน่วยที่ 13,อำเภอน้ำขุ่น,ตำบลขี้เหล็ก,หน่วยที่ 13,election_day,4,นางสาวมิลิณ กำเนิดสิงห์,พลังประชารัฐ,#1f56a3,9
election_data\อำเภอน้ำขุ่น\ตำบลขี้เหล็ก\หน่วยที่ 13,อำเภอน้ำขุ่น,ตำบลขี้เหล็ก,หน่วยที่ 13,election_day,5,นายสิโรตม์ แสนทวีสุข,ประชาชน,#f47933,21
election_data\อำเภอน้ำขุ่น\ตำบลขี้เหล็ก\หน่วยที่ 13,อำเภอน้ำขุ่น,ตำบลขี้เหล็ก,หน่วยที่ 13,election_day,6,นายยิ่ง ภูผา,ประชาธิปัตย์,#00a2e8,2
election_data\อำเภอน้ำขุ่น\ตำบลขี้เหล็ก\หน่วยที่ 3,อำเภอน้ำขุ่น,ตำบลขี้เหล็ก,หน่วยที่ 3,election_day,1,นายเกษม ฉิมพลี,ภูมิใจไทย,#212b6b,18
election_data\อำเภอน้ำขุ่น\ตำบลขี้เหล็ก\หน่วยที่ 3,อำเภอน้ำขุ่น,ตำบลขี้เหล็ก,หน่วยที่ 3,election_day,2,นายสมศักดิ์ บุญประชม,เพื่อไทรวมพลัง,#ff66cc,372
election_data\อำเภอน้ำขุ่น\ตำบลขี้เหล็ก\หน่วยที่ 3,อำเภอน้ำขุ่น,ตำบลขี้เหล็ก,หน่วยที่ 3,election_day,3,นายวัชรพล เชื้อคง,เพื่อไทย,#e0002b,1
election_data\อำเภอน้ำขุ่น\ตำบลขี้เหล็ก\หน่วยที่ 3,อำเภอน้ำขุ่น,ตำบลขี้เหล็ก,หน่วยที่ 3,election_day,4,นางสาวมิลิณ กำเนิดสิงห์,พลังประชารัฐ,#1f56a3,4
election_data\อำเภอน้ำขุ่น\ตำบลขี้เหล็ก\หน่วยที่ 3,อำเภอน้ำขุ่น,ตำบลขี้เหล็ก,หน่วยที่ 3,election_day,5,นายสิโรตม์ แสนทวีสุข,ประชาชน,#f47933,4
election_data\อำเภอน้ำขุ่น\ตำบลขี้เหล็ก\หน่วยที่ 3,อำเภอน้ำขุ่น,ตำบลขี้เหล็ก,หน่วยที่ 3,election_day,6,นายยิ่ง ภูผา,ประชาธิปัตย์,#00a2e8,0
election_data\อำเภอน้ำขุ่น\ตำบลขี้เหล็ก\หน่วยที่ 4,อำเภอน้ำขุ่น,ตำบลขี้เหล็ก,หน่วยที่ 4,election_day,1,นายเกษม ฉิมพลี,ภูมิใจไทย,#212b6b,7
election_data\อำเภอน้ำขุ่น\ตำบลขี้เหล็ก\หน่วยที่ 4,อำเภอน้ำขุ่น,ตำบลขี้เหล็ก,หน่วยที่ 4,election_day,2,นายสมศักดิ์ บุญประชม,เพื่อไทรวมพลัง,#ff66cc,309
election_data\อำเภอน้ำขุ่น\ตำบลขี้เหล็ก\หน่วยที่ 4,อำเภอน้ำขุ่น,ตำบลขี้เหล็ก,หน่วยที่ 4,election_day,3,นายวัชรพล เชื้อคง,เพื่อไทย,#e0002b,12
election_data\อำเภอน้ำขุ่น\ตำบลขี้เหล็ก\หน่วยที่ 4,อำเภอน้ำขุ่น,ตำบลขี้เหล็ก,หน่วยที่ 4,election_day,4,นางสาวมิลิณ กำเนิดสิงห์,พลังประชารัฐ,#1f56a3,1
election_data\อำเภอน้ำขุ่น\ตำบลขี้เหล็ก\หน่วยที่ 4,อำเภอน้ำขุ่น,ตำบลขี้เหล็ก,หน่วยที่ 4,election_day,5,นายสิโรตม์ แสนทวีสุข,ประชาชน,#f47933,29
election_data\อำเภอน้ำขุ่น\ตำบลขี้เหล็ก\หน่วยที่ 4,อำเภอน้ำขุ่น,ตำบลขี้เหล็ก,หน่วยที่ 4,election_day,6,นายยิ่ง ภูผา,ประชาธิปัตย์,#00a2e8,1
election_data\อำเภอน้ำขุ่น\ตำบลขี้เหล็ก\หน่วยที่ 5,อำเภอน้ำขุ่น,ตำบลขี้เหล็ก,หน่วยที่ 5,election_day,1,นายเกษม ฉิมพลี,ภูมิใจไทย,#212b6b,9
election_data\อำเภอน้ำขุ่น\ตำบลขี้เหล็ก\หน่วยที่ 5,อำเภอน้ำขุ่น,ตำบลขี้เหล็ก,หน่วยที่ 5,election_day,2,นายสมศักดิ์ บุญประชม,เพื่อไทรวมพลัง,#ff66cc,295
election_data\อำเภอน้ำขุ่น\ตำบลขี้เหล็ก\หน่วยที่ 5,อำเภอน้ำขุ่น,ตำบลขี้เหล็ก,หน่วยที่ 5,election_day,3,นายวัชรพล เชื้อคง,เพื่อไทย,#e0002b,10
election_data\อำเภอน้ำขุ่น\ตำบลขี้เหล็ก\หน่วยที่ 5,อำเภอน้ำขุ่น,ตำบลขี้เหล็ก,หน่วยที่ 5,election_day,4,นางสาวมิลิณ กำเนิดสิงห์,พลังประชารัฐ,#1f56a3,0
election_data\อำเภอน้ำขุ่น\ตำบลขี้เหล็ก\หน่วยที่ 5,อำเภอน้ำขุ่น,ตำบลขี้เหล็ก,หน่วยที่ 5,election_day,5,นายสิโรตม์ แสนทวีสุข,ประชาชน,#f47933,14
election_data\อำเภอน้ำขุ่น\ตำบลขี้เหล็ก\หน่วยที่ 5,อำเภอน้ำขุ่น,ตำบลขี้เหล็ก,หน่วยที่ 5,election_day,6,นายยิ่ง ภูผา,ประชาธิปัตย์,#00a2e8,2
election_data\อำเภอน้ำขุ่น\ตำบลขี้เหล็ก\หน่วยที่ 6,อำเภอน้ำขุ่น,ตำบลขี้เหล็ก,หน่วยที่ 6,election_day,1,นายเกษม ฉิมพลี,ภูมิใจไทย,#212b6b,7
election_data\อำเภอน้ำขุ่น\ตำบลขี้เหล็ก\หน่วยที่ 6,อำเภอน้ำขุ่น,ตำบลขี้เหล็ก,หน่วยที่ 6,election_day,2,นายสมศักดิ์ บุญประชม,เพื่อไทรวมพลัง,#ff66cc,250
election_data\อำเภอน้ำขุ่น\ตำบลขี้เหล็ก\หน่วยที่ 6,อำเภอน้ำขุ่น,ตำบลขี้เหล็ก,หน่วยที่ 6,election_day,3,นายวัชรพล เชื้อคง,เพื่อไทย,#e0002b,3
election_data\อำเภอน้ำขุ่น\ตำบลขี้เหล็ก\หน่วยที่ 6,อำเภอน้ำขุ่น,ตำบลขี้เหล็ก,หน่วยที่ 6,election_day,4,นางสาวมิลิณ กำเนิดสิงห์,พลังประชารัฐ,#1f56a3,0
election_data\อำเภอน้ำขุ่น\ตำบลขี้เหล็ก\หน่วยที่ 6,อำเภอน้ำขุ่น,ตำบลขี้เหล็ก,หน่วยที่ 6,election_day,5,นายสิโรตม์ แสนทวีสุข,ประชาชน,#f47933,1
election_data\อำเภอน้ำขุ่น\ตำบลขี้เหล็ก\หน่วยที่ 6,อำเภอน้ำขุ่น,ตำบลขี้เหล็ก,หน่วยที่ 6,election_day,6,นายยิ่ง ภูผา,ประชาธิปัตย์,#00a2e8,4
election_data\อำเภอน้ำขุ่น\ตำบลขี้เหล็ก\หน่วยที่ 7,อำเภอน้ำขุ่น,ตำบลขี้เหล็ก,หน่วยที่ 7,election_day,1,นายเกษม ฉิมพลี,ภูมิใจไทย,#212b6b,274
election_data\อำเภอน้ำขุ่น\ตำบลขี้เหล็ก\หน่วยที่ 7,อำเภอน้ำขุ่น,ตำบลขี้เหล็ก,หน่วยที่ 7,election_day,2,นายสมศักดิ์ บุญประชม,เพื่อไทรวมพลัง,#ff66cc,279
election_data\อำเภอน้ำขุ่น\ตำบลขี้เหล็ก\หน่วยที่ 7,อำเภอน้ำขุ่น,ตำบลขี้เหล็ก,หน่วยที่ 7,election_day,3,นายวัชรพล เชื้อคง,เพื่อไทย,#e0002b,2
election_data\อำเภอน้ำขุ่น\ตำบลขี้เหล็ก\หน่วยที่ 7,อำเภอน้ำขุ่น,ตำบลขี้เหล็ก,หน่วยที่ 7,election_day,4,นางสาวมิลิณ กำเนิดสิงห์,พลังประชารัฐ,#1f56a3,9
election_data\อำเภอน้ำขุ่น\ตำบลขี้เหล็ก\หน่วยที่ 7,อำเภอน้ำขุ่น,ตำบลขี้เหล็ก,หน่วยที่ 7,election_day,5,นายสิโรตม์ แสนทวีสุข,ประชาชน,#f47933,1
election_data\อำเภอน้ำขุ่น\ตำบลขี้เหล็ก\หน่วยที่ 7,อำเภอน้ำขุ่น,ตำบลขี้เหล็ก,หน่วยที่ 7,election_day,6,นายยิ่ง ภูผา,ประชาธิปัตย์,#00a2e8,0
election_data\อำเภอน้ำขุ่น\ตำบลขี้เหล็ก\หน่วยที่ 8,อำเภอน้ำขุ่น,ตำบลขี้เหล็ก,หน่วยที่ 8,election_day,1,นายเกษม ฉิมพลี,ภูมิใจไทย,#212b6b,0
election_data\อำเภอน้ำขุ่น\ตำบลขี้เหล็ก\หน่วยที่ 8,อำเภอน้ำขุ่น,ตำบลขี้เหล็ก,หน่วยที่ 8,election_day,2,นายสมศักดิ์ บุญประชม,เพื่อไทรวมพลัง,#ff66cc,133
election_data\อำเภอน้ำขุ่น\ตำบลขี้เหล็ก\หน่วยที่ 8,อำเภอน้ำขุ่น,ตำบลขี้เหล็ก,หน่วยที่ 8,election_day,3,นายวัชรพล เชื้อคง,เพื่อไทย,#e0002b,5
election_data\อำเภอน้ำขุ่น\ตำบลขี้เหล็ก\หน่วยที่ 8,อำเภอน้ำขุ่น,ตำบลขี้เหล็ก,หน่วยที่ 8,election_day,4,นางสาวมิลิณ กำเนิดสิงห์,พลังประชารัฐ,#1f56a3,4
election_data\อำเภอน้ำขุ่น\ตำบลขี้เหล็ก\หน่วยที่ 8,อำเภอน้ำขุ่น,ตำบลขี้เหล็ก,หน่วยที่ 8,election_day,5,นายสิโรตม์ แสนทวีสุข,ประชาชน,#f47933,0
election_data\อำเภอน้ำขุ่น\ตำบลขี้เหล็ก\หน่วยที่ 8,อำเภอน้ำขุ่น,ตำบลขี้เหล็ก,หน่วยที่ 8,election_day,6,นายยิ่ง ภูผา,ประชาธิปัตย์,#00a2e8,0
election_data\อำเภอน้ำขุ่น\ตำบลขี้เหล็ก\หน่วยที่ 9,อำเภอน้ำขุ่น,ตำบลขี้เหล็ก,หน่วยที่ 9,election_day,1,นายเกษม ฉิมพลี,ภูมิใจไทย,#212b6b,0
election_data\อำเภอน้ำขุ่น\ตำบลขี้เหล็ก\หน่วยที่ 9,อำเภอน้ำขุ่น,ตำบลขี้เหล็ก,หน่วยที่ 9,election_day,2,นายสมศักดิ์ บุญประชม,เพื่อไทรวมพลัง,#ff66cc,167
election_data\อำเภอน้ำขุ่น\ตำบลขี้เหล็ก\หน่วยที่ 9,อำเภอน้ำขุ่น,ตำบลขี้เหล็ก,หน่วยที่ 9,election_day,3,นายวัชรพล เชื้อคง,เพื่อไทย,#e0002b,4
election_data\อำเภอน้ำขุ่น\ตำบลขี้เหล็ก\หน่วยที่ 9,อำเภอน้ำขุ่น,ตำบลขี้เหล็ก,หน่วยที่ 9,election_day,4,นางสาวมิลิณ กำเนิดสิงห์,พลังประชารัฐ,#1f56a3,0
election_data\อำเภอน้ำขุ่น\ตำบลขี้เหล็ก\หน่วยที่ 9,อำเภอน้ำขุ่น,ตำบลขี้เหล็ก,หน่วยที่ 9,election_day,5,นายสิโรตม์ แสนทวีสุข,ประชาชน,#f47933,4
election_data\อำเภอน้ำขุ่น\ตำบลขี้เหล็ก\หน่วยที่ 9,อำเภอน้ำขุ่น,ตำบลขี้เหล็ก,หน่วยที่ 9,election_day,6,นายยิ่ง ภูผา,ประชาธิปัตย์,#00a2e8,1
election_data\อำเภอน้ำขุ่น\ตำบลตาเกา\หน่วยที่ 10,อำเภอน้ำขุ่น,ตำบลตาเกา,หน่วยที่ 10,election_day,1,นายเกษม ฉิมพลี,ภูมิใจไทย,#212b6b,15
election_data\อำเภอน้ำขุ่น\ตำบลตาเกา\หน่วยที่ 10,อำเภอน้ำขุ่น,ตำบลตาเกา,หน่วยที่ 10,election_day,2,นายสมศักดิ์ บุญประชม,เพื่อไทรวมพลัง,#ff66cc,397
election_data\อำเภอน้ำขุ่น\ตำบลตาเกา\หน่วยที่ 10,อำเภอน้ำขุ่น,ตำบลตาเกา,หน่วยที่ 10,election_day,3,นายวัชรพล เชื้อคง,เพื่อไทย,#e0002b,18
election_data\อำเภอน้ำขุ่น\ตำบลตาเกา\หน่วยที่ 10,อำเภอน้ำขุ่น,ตำบลตาเกา,หน่วยที่ 10,election_day,4,นางสาวมิลิณ กำเนิดสิงห์,พลังประชารัฐ,#1f56a3,0
election_data\อำเภอน้ำขุ่น\ตำบลตาเกา\หน่วยที่ 10,อำเภอน้ำขุ่น,ตำบลตาเกา,หน่วยที่ 10,election_day,5,นายสิโรตม์ แสนทวีสุข,ประชาชน,#f47933,20
election_data\อำเภอน้ำขุ่น\ตำบลตาเกา\หน่วยที่ 10,อำเภอน้ำขุ่น,ตำบลตาเกา,หน่วยที่ 10,election_day,6,นายยิ่ง ภูผา,ประชาธิปัตย์,#00a2e8,1
election_data\อำเภอน้ำขุ่น\ตำบลตาเกา\หน่วยที่ 11,อำเภอน้ำขุ่น,ตำบลตาเกา,หน่วยที่ 11,election_day,1,นายเกษม ฉิมพลี,ภูมิใจไทย,#212b6b,6
election_data\อำเภอน้ำขุ่น\ตำบลตาเกา\หน่วยที่ 11,อำเภอน้ำขุ่น,ตำบลตาเกา,หน่วยที่ 11,election_day,2,นายสมศักดิ์ บุญประชม,เพื่อไทรวมพลัง,#ff66cc,90
election_data\อำเภอน้ำขุ่น\ตำบลตาเกา\หน่วยที่ 11,อำเภอน้ำขุ่น,ตำบลตาเกา,หน่วยที่ 11,election_day,3,นายวัชรพล เชื้อคง,เพื่อไทย,#e0002b,0
election_data\อำเภอน้ำขุ่น\ตำบลตาเกา\หน่วยที่ 11,อำเภอน้ำขุ่น,ตำบลตาเกา,หน่วยที่ 11,election_day,4,นางสาวมิลิณ กำเนิดสิงห์,พลังประชารัฐ,#1f56a3,0
election_data\อำเภอน้ำขุ่น\ตำบลตาเกา\หน่วยที่ 11,อำเภอน้ำขุ่น,ตำบลตาเกา,หน่วยที่ 11,election_day,5,นายสิโรตม์ แสนทวีสุข,ประชาชน,#f47933,0
election_data\อำเภอน้ำขุ่น\ตำบลตาเกา\หน่วยที่ 11,อำเภอน้ำขุ่น,ตำบลตาเกา,หน่วยที่ 11,election_day,6,นายยิ่ง ภูผา,ประชาธิปัตย์,#00a2e8,0
election_data\อำเภอน้ำขุ่น\ตำบลตาเกา\หน่วยที่ 12,อำเภอน้ำขุ่น,ตำบลตาเกา,หน่วยที่ 12,election_day,1,นายเกษม ฉิมพลี,ภูมิใจไทย,#212b6b,0
election_data\อำเภอน้ำขุ่น\ตำบลตาเกา\หน่วยที่ 12,อำเภอน้ำขุ่น,ตำบลตาเกา,หน่วยที่ 12,election_day,2,นายสมศักดิ์ บุญประชม,เพื่อไทรวมพลัง,#ff66cc,355
election_data\อำเภอน้ำขุ่น\ตำบลตาเกา\หน่วยที่ 12,อำเภอน้ำขุ่น,ตำบลตาเกา,หน่วยที่ 12,election_day,3,นายวัชรพล เชื้อคง,เพื่อไทย,#e0002b,6
election_data\อำเภอน้ำขุ่น\ตำบลตาเกา\หน่วยที่ 12,อำเภอน้ำขุ่น,ตำบลตาเกา,หน่วยที่ 12,election_day,4,นางสาวมิลิณ กำเนิดสิงห์,พลังประชารัฐ,#1f56a3,1
election_data\อำเภอน้ำขุ่น\ตำบลตาเกา\หน่วยที่ 12,อำเภอน้ำขุ่น,ตำบลตาเกา,หน่วยที่ 12,election_day,5,นายสิโรตม์ แสนทวีสุข,ประชาชน,#f47933,11
election_data\อำเภอน้ำขุ่น\ตำบลตาเกา\หน่วยที่ 12,อำเภอน้ำขุ่น,ตำบลตาเกา,หน่วยที่ 12,election_day,6,นายยิ่ง ภูผา,ประชาธิปัตย์,#00a2e8,2
election_data\อำเภอน้ำขุ่น\ตำบลตาเกา\หน่วยที่ 13,อำเภอน้ำขุ่น,ตำบลตาเกา,หน่วยที่ 13,election_day,1,นายเกษม ฉิมพลี,ภูมิใจไทย,#212b6b,3
election_data\อำเภอน้ำขุ่น\ตำบลตาเกา\หน่วยที่ 13,อำเภอน้ำขุ่น,ตำบลตาเกา,หน่วยที่ 13,election_day,2,นายสมศักดิ์ บุญประชม,เพื่อไทรวมพลัง,#ff66cc,202
election_data\อำเภอน้ำขุ่น\ตำบลตาเกา\หน่วยที่ 13,อำเภอน้ำขุ่น,ตำบลตาเกา,หน่วยที่ 13,election_day,3,นายวัชรพล เชื้อคง,เพื่อไทย,#e0002b,12
election_data\อำเภอน้ำขุ่น\ตำบลตาเกา\หน่วยที่ 13,อำเภอน้ำขุ่น,ตำบลตาเกา,หน่วยที่ 13,election_day,4,นางสาวมิลิณ กำเนิดสิงห์,พลังประชารัฐ,#1f56a3,1
election_data\อำเภอน้ำขุ่น\ตำบลตาเกา\หน่วยที่ 13,อำเภอน้ำขุ่น,ตำบลตาเกา,หน่วยที่ 13,election_day,5,นายสิโรตม์ แสนทวีสุข,ประชาชน,#f47933,1
election_data\อำเภอน้ำขุ่น\ตำบลตาเกา\หน่วยที่ 13,อำเภอน้ำขุ่น,ตำบลตาเกา,หน่วยที่ 13,election_day,6,นายยิ่ง ภูผา,ประชาธิปัตย์,#00a2e8,0
election_data\อำเภอน้ำขุ่น\ตำบลตาเกา\หน่วยที่ 14,อำเภอน้ำขุ่น,ตำบลตาเกา,หน่วยที่ 14,election_day,1,นายเกษม ฉิมพลี,ภูมิใจไทย,#212b6b,8
election_data\อำเภอน้ำขุ่น\ตำบลตาเกา\หน่วยที่ 14,อำเภอน้ำขุ่น,ตำบลตาเกา,หน่วยที่ 14,election_day,2,นายสมศักดิ์ บุญประชม,เพื่อไทรวมพลัง,#ff66cc,255
election_data\อำเภอน้ำขุ่น\ตำบลตาเกา\หน่วยที่ 14,อำเภอน้ำขุ่น,ตำบลตาเกา,หน่วยที่ 14,election_day,3,นายวัชรพล เชื้อคง,เพื่อไทย,#e0002b,5
election_data\อำเภอน้ำขุ่น\ตำบลตาเกา\หน่วยที่ 14,อำเภอน้ำขุ่น,ตำบลตาเกา,หน่วยที่ 14,election_day,4,นางสาวมิลิณ กำเนิดสิงห์,พลังประชารัฐ,#1f56a3,0
election_data\อำเภอน้ำขุ่น\ตำบลตาเกา\หน่วยที่ 14,อำเภอน้ำขุ่น,ตำบลตาเกา,หน่วยที่ 14,election_day,5,นายสิโรตม์ แสนทวีสุข,ประชาชน,#f47933,4
election_data\อำเภอน้ำขุ่น\ตำบลตาเกา\หน่วยที่ 14,อำเภอน้ำขุ่น,ตำบลตาเกา,หน่วยที่ 14,election_day,6,นายยิ่ง ภูผา,ประชาธิปัตย์,#00a2e8,2
election_data\อำเภอน้ำขุ่น\ตำบลตาเกา\หน่วยที่ 15,อำเภอน้ำขุ่น,ตำบลตาเกา,หน่วยที่ 15,election_day,1,นายเกษม ฉิมพลี,ภูมิใจไทย,#212b6b,3
election_data\อำเภอน้ำขุ่น\ตำบลตาเกา\หน่วยที่ 15,อำเภอน้ำขุ่น,ตำบลตาเกา,หน่วยที่ 15,election_day,2,นายสมศักดิ์ บุญประชม,เพื่อไทรวมพลัง,#ff66cc,184
election_data\อำเภอน้ำขุ่น\ตำบลตาเกา\หน่วยที่ 15,อำเภอน้ำขุ่น,ตำบลตาเกา,หน่วยที่ 15,election_day,3,นายวัชรพล เชื้อคง,เพื่อไทย,#e0002b,3
election_data\อำเภอน้ำขุ่น\ตำบลตาเกา\หน่วยที่ 15,อำเภอน้ำขุ่น,ตำบลตาเกา,หน่วยที่ 15,election_day,4,นางสาวมิลิณ กำเนิดสิงห์,พลังประชารัฐ,#1f56a3,4
election_data\อำเภอน้ำขุ่น\ตำบลตาเกา\หน่วยที่ 15,อำเภอน้ำขุ่น,ตำบลตาเกา,หน่วยที่ 15,election_day,5,นายสิโรตม์ แสนทวีสุข,ประชาชน,#f47933,8
election_data\อำเภอน้ำขุ่น\ตำบลตาเกา\หน่วยที่ 15,อำเภอน้ำขุ่น,ตำบลตาเกา,หน่วยที่ 15,election_day,6,นายยิ่ง ภูผา,ประชาธิปัตย์,#00a2e8,0
election_data\อำเภอน้ำขุ่น\ตำบลโคกสะอาด\หน่วยที่ 1,อำเภอน้ำขุ่น,ตำบลโคกสะอาด,หน่วยที่ 1,election_day,1,นายเกษม ฉิมพลี,ภูมิใจไทย,#212b6b,7
election_data\อำเภอน้ำขุ่น\ตำบลโคกสะอาด\หน่วยที่ 1,อำเภอน้ำขุ่น,ตำบลโคกสะอาด,หน่วยที่ 1,election_day,2,นายสมศักดิ์ บุญประชม,เพื่อไทรวมพลัง,#ff66cc,190
election_data\อำเภอน้ำขุ่น\ตำบลโคกสะอาด\หน่วยที่ 1,อำเภอน้ำขุ่น,ตำบลโคกสะอาด,หน่วยที่ 1,election_day,3,นายวัชรพล เชื้อคง,เพื่อไทย,#e0002b,6
election_data\อำเภอน้ำขุ่น\ตำบลโคกสะอาด\หน่วยที่ 1,อำเภอน้ำขุ่น,ตำบลโคกสะอาด,หน่วยที่ 1,election_day,4,นางสาวมิลิณ กำเนิดสิงห์,พลังประชารัฐ,#1f56a3,1
election_data\อำเภอน้ำขุ่น\ตำบลโคกสะอาด\หน่วยที่ 1,อำเภอน้ำขุ่น,ตำบลโคกสะอาด,หน่วยที่ 1,election_day,5,นายสิโรตม์ แสนทวีสุข,ประชาชน,#f47933,4
election_data\อำเภอน้ำขุ่น\ตำบลโคกสะอาด\หน่วยที่ 1,อำเภอน้ำขุ่น,ตำบลโคกสะอาด,หน่วยที่ 1,election_day,6,นายยิ่ง ภูผา,ประชาธิปัตย์,#00a2e8,2
election_data\อำเภอน้ำขุ่น\ตำบลโคกสะอาด\หน่วยที่ 10,อำเภอน้ำขุ่น,ตำบลโคกสะอาด,หน่วยที่ 10,election_day,1,นายเกษม ฉิมพลี,ภูมิใจไทย,#212b6b,0
election_data\อำเภอน้ำขุ่น\ตำบลโคกสะอาด\หน่วยที่ 10,อำเภอน้ำขุ่น,ตำบลโคกสะอาด,หน่วยที่ 10,election_day,2,นายสมศักดิ์ บุญประชม,เพื่อไทรวมพลัง,#ff66cc,261
election_data\อำเภอน้ำขุ่น\ตำบลโคกสะอาด\หน่วยที่ 10,อำเภอน้ำขุ่น,ตำบลโคกสะอาด,หน่วยที่ 10,election_day,3,นายวัชรพล เชื้อคง,เพื่อไทย,#e0002b,8
election_data\อำเภอน้ำขุ่น\ตำบลโคกสะอาด\หน่วยที่ 10,อำเภอน้ำขุ่น,ตำบลโคกสะอาด,หน่วยที่ 10,election_day,4,นางสาวมิลิณ กำเนิดสิงห์,พลังประชารัฐ,#1f56a3,2
election_data\อำเภอน้ำขุ่น\ตำบลโคกสะอาด\หน่วยที่ 10,อำเภอน้ำขุ่น,ตำบลโคกสะอาด,หน่วยที่ 10,election_day,5,นายสิโรตม์ แสนทวีสุข,ประชาชน,#f47933,6
election_data\อำเภอน้ำขุ่น\ตำบลโคกสะอาด\หน่วยที่ 10,อำเภอน้ำขุ่น,ตำบลโคกสะอาด,หน่วยที่ 10,election_day,6,นายยิ่ง ภูผา,ประชาธิปัตย์,#00a2e8,0
election_data\อำเภอน้ำขุ่น\ตำบลโคกสะอาด\หน่วยที่ 11,อำเภอน้ำขุ่น,ตำบลโคกสะอาด,หน่วยที่ 11,election_day,1,นายเกษม ฉิมพลี,ภูมิใจไทย,#212b6b,9
election_data\อำเภอน้ำขุ่น\ตำบลโคกสะอาด\หน่วยที่ 11,อำเภอน้ำขุ่น,ตำบลโคกสะอาด,หน่วยที่ 11,election_day,2,นายสมศักดิ์ บุญประชม,เพื่อไทรวมพลัง,#ff66cc,151
election_data\อำเภอน้ำขุ่น\ตำบลโคกสะอาด\หน่วยที่ 11,อำเภอน้ำขุ่น,ตำบลโคกสะอาด,หน่วยที่ 11,election_day,3,นายวัชรพล เชื้อคง,เพื่อไทย,#e0002b,5
election_data\อำเภอน้ำขุ่น\ตำบลโคกสะอาด\หน่วยที่ 11,อำเภอน้ำขุ่น,ตำบลโคกสะอาด,หน่วยที่ 11,election_day,4,นางสาวมิลิณ กำเนิดสิงห์,พลังประชารัฐ,#1f56a3,3
election_data\อำเภอน้ำขุ่น\ตำบลโคกสะอาด\หน่วยที่ 11,อำเภอน้ำขุ่น,ตำบลโคกสะอาด,หน่วยที่ 11,election_day,5,นายสิโรตม์ แสนทวีสุข,ประชาชน,#f47933,9
election_data\อำเภอน้ำขุ่น\ตำบลโคกสะอาด\หน่วยที่ 11,อำเภอน้ำขุ่น,ตำบลโคกสะอาด,หน่วยที่ 11,election_day,6,นายยิ่ง ภูผา,ประชาธิปัตย์,#00a2e8,0
election_data\อำเภอน้ำขุ่น\ตำบลโคกสะอาด\หน่วยที่ 12,อำเภอน้ำขุ่น,ตำบลโคกสะอาด,หน่วยที่ 12,election_day,1,นายเกษม ฉิมพลี,ภูมิใจไทย,#212b6b,1
election_data\อำเภอน้ำขุ่น\ตำบลโคกสะอาด\หน่วยที่ 12,อำเภอน้ำขุ่น,ตำบลโคกสะอาด,หน่วยที่ 12,election_day,2,นายสมศักดิ์ บุญประชม,เพื่อไทรวมพลัง,#ff66cc,121
election_data\อำเภอน้ำขุ่น\ตำบลโคกสะอาด\หน่วยที่ 12,อำเภอน้ำขุ่น,ตำบลโคกสะอาด,หน่วยที่ 12,election_day,3,นายวัชรพล เชื้อคง,เพื่อไทย,#e0002b,0
election_data\อำเภอน้ำขุ่น\ตำบลโคกสะอาด\หน่วยที่ 12,อำเภอน้ำขุ่น,ตำบลโคกสะอาด,หน่วยที่ 12,election_day,4,นางสาวมิลิณ กำเนิดสิงห์,พลังประชารัฐ,#1f56a3,3
election_data\อำเภอน้ำขุ่น\ตำบลโคกสะอาด\หน่วยที่ 12,อำเภอน้ำขุ่น,ตำบลโคกสะอาด,หน่วยที่ 12,election_day,5,นายสิโรตม์ แสนทวีสุข,ประชาชน,#f47933,2
election_data\อำเภอน้ำขุ่น\ตำบลโคกสะอาด\หน่วยที่ 12,อำเภอน้ำขุ่น,ตำบลโคกสะอาด,หน่วยที่ 12,election_day,6,นายยิ่ง ภูผา,ประชาธิปัตย์,#00a2e8,0
election_data\อำเภอน้ำขุ่น\ตำบลโคกสะอาด\หน่วยที่ 2,อำเภอน้ำขุ่น,ตำบลโคกสะอาด,หน่วยที่ 2,election_day,1,นายเกษม ฉิมพลี,ภูมิใจไทย,#212b6b,4
election_data\อำเภอน้ำขุ่น\ตำบลโคกสะอาด\หน่วยที่ 2,อำเภอน้ำขุ่น,ตำบลโคกสะอาด,หน่วยที่ 2,election_day,2,นายสมศักดิ์ บุญประชม,เพื่อไทรวมพลัง,#ff66cc,90
election_data\อำเภอน้ำขุ่น\ตำบลโคกสะอาด\หน่วยที่ 2,อำเภอน้ำขุ่น,ตำบลโคกสะอาด,หน่วยที่ 2,election_day,3,นายวัชรพล เชื้อคง,เพื่อไทย,#e0002b,3
election_data\อำเภอน้ำขุ่น\ตำบลโคกสะอาด\หน่วยที่ 2,อำเภอน้ำขุ่น,ตำบลโคกสะอาด,หน่วยที่ 2,election_day,4,นางสาวมิลิณ กำเนิดสิงห์,พลังประชารัฐ,#1f56a3,0
election_data\อำเภอน้ำขุ่น\ตำบลโคกสะอาด\หน่วยที่ 2,อำเภอน้ำขุ่น,ตำบลโคกสะอาด,หน่วยที่ 2,election_day,5,นายสิโรตม์ แสนทวีสุข,ประชาชน,#f47933,2
election_data\อำเภอน้ำขุ่น\ตำบลโคกสะอาด\หน่วยที่ 2,อำเภอน้ำขุ่น,ตำบลโคกสะอาด,หน่วยที่ 2,election_day,6,นายยิ่ง ภูผา,ประชาธิปัตย์,#00a2e8,0
election_data\อำเภอน้ำขุ่น\ตำบลโคกสะอาด\หน่วยที่ 3,อำเภอน้ำขุ่น,ตำบลโคกสะอาด,หน่วยที่ 3,election_day,1,นายเกษม ฉิมพลี,ภูมิใจไทย,#212b6b,1
election_data\อำเภอน้ำขุ่น\ตำบลโคกสะอาด\หน่วยที่ 3,อำเภอน้ำขุ่น,ตำบลโคกสะอาด,หน่วยที่ 3,election_day,2,นายสมศักดิ์ บุญประชม,เพื่อไทรวมพลัง,#ff66cc,237
election_data\อำเภอน้ำขุ่น\ตำบลโคกสะอาด\หน่วยที่ 3,อำเภอน้ำขุ่น,ตำบลโคกสะอาด,หน่วยที่ 3,election_day,3,นายวัชรพล เชื้อคง,เพื่อไทย,#e0002b,9
election_data\อำเภอน้ำขุ่น\ตำบลโคกสะอาด\หน่วยที่ 3,อำเภอน้ำขุ่น,ตำบลโคกสะอาด,หน่วยที่ 3,election_day,4,นางสาวมิลิณ กำเนิดสิงห์,พลังประชารัฐ,#1f56a3,0
election_data\อำเภอน้ำขุ่น\ตำบลโคกสะอาด\หน่วยที่ 3,อำเภอน้ำขุ่น,ตำบลโคกสะอาด,หน่วยที่ 3,election_day,5,นายสิโรตม์ แสนทวีสุข,ประชาชน,#f47933,1
election_data\อำเภอน้ำขุ่น\ตำบลโคกสะอาด\หน่วยที่ 3,อำเภอน้ำขุ่น,ตำบลโคกสะอาด,หน่วยที่ 3,election_day,6,นายยิ่ง ภูผา,ประชาธิปัตย์,#00a2e8,1
election_data\อำเภอน้ำขุ่น\ตำบลโคกสะอาด\หน่วยที่ 4,อำเภอน้ำขุ่น,ตำบลโคกสะอาด,หน่วยที่ 4,election_day,1,นายเกษม ฉิมพลี,ภูมิใจไทย,#212b6b,8
election_data\อำเภอน้ำขุ่น\ตำบลโคกสะอาด\หน่วยที่ 4,อำเภอน้ำขุ่น,ตำบลโคกสะอาด,หน่วยที่ 4,election_day,2,นายสมศักดิ์ บุญประชม,เพื่อไทรวมพลัง,#ff66cc,318
election_data\อำเภอน้ำขุ่น\ตำบลโคกสะอาด\หน่วยที่ 4,อำเภอน้ำขุ่น,ตำบลโคกสะอาด,หน่วยที่ 4,election_day,3,นายวัชรพล เชื้อคง,เพื่อไทย,#e0002b,18
election_data\อำเภอน้ำขุ่น\ตำบลโคกสะอาด\หน่วยที่ 4,อำเภอน้ำขุ่น,ตำบลโคกสะอาด,หน่วยที่ 4,election_day,4,นางสาวมิลิณ กำเนิดสิงห์,พลังประชารัฐ,#1f56a3,0
election_data\อำเภอน้ำขุ่น\ตำบลโคกสะอาด\หน่วยที่ 4,อำเภอน้ำขุ่น,ตำบลโคกสะอาด,หน่วยที่ 4,election_day,5,นายสิโรตม์ แสนทวีสุข,ประชาชน,#f47933,12
election_data\อำเภอน้ำขุ่น\ตำบลโคกสะอาด\หน่วยที่ 4,อำเภอน้ำขุ่น,ตำบลโคกสะอาด,หน่วยที่ 4,election_day,6,นายยิ่ง ภูผา,ประชาธิปัตย์,#00a2e8,0
election_data\อำเภอน้ำขุ่น\ตำบลโคกสะอาด\หน่วยที่ 5,อำเภอน้ำขุ่น,ตำบลโคกสะอาด,หน่วยที่ 5,election_day,1,นายเกษม ฉิมพลี,ภูมิใจไทย,#212b6b,1
election_data\อำเภอน้ำขุ่น\ตำบลโคกสะอาด\หน่วยที่ 5,อำเภอน้ำขุ่น,ตำบลโคกสะอาด,หน่วยที่ 5,election_day,2,นายสมศักดิ์ บุญประชม,เพื่อไทรวมพลัง,#ff66cc,85
election_data\อำเภอน้ำขุ่น\ตำบลโคกสะอาด\หน่วยที่ 5,อำเภอน้ำขุ่น,ตำบลโคกสะอาด,หน่วยที่ 5,election_day,3,นายวัชรพล เชื้อคง,เพื่อไทย,#e0002b,3
election_data\อำเภอน้ำขุ่น\ตำบลโคกสะอาด\หน่วยที่ 5,อำเภอน้ำขุ่น,ตำบลโคกสะอาด,หน่วยที่ 5,election_day,4,นางสาวมิลิณ กำเนิดสิงห์,พลังประชารัฐ,#1f56a3,1
election_data\อำเภอน้ำขุ่น\ตำบลโคกสะอาด\หน่วยที่ 5,อำเภอน้ำขุ่น,ตำบลโคกสะอาด,หน่วยที่ 5,election_day,5,นายสิโรตม์ แสนทวีสุข,ประชาชน,#f47933,5
election_data\อำเภอน้ำขุ่น\ตำบลโคกสะอาด\หน่วยที่ 5,อำเภอน้ำขุ่น,ตำบลโคกสะอาด,หน่วยที่ 5,election_day,6,นายยิ่ง ภูผา,ประชาธิปัตย์,#00a2e8,0
election_data\อำเภอน้ำขุ่น\ตำบลโคกสะอาด\หน่วยที่ 6,อำเภอน้ำขุ่น,ตำบลโคกสะอาด,หน่วยที่ 6,election_day,1,นายเกษม ฉิมพลี,ภูมิใจไทย,#212b6b,4
election_data\อำเภอน้ำขุ่น\ตำบลโคกสะอาด\หน่วยที่ 6,อำเภอน้ำขุ่น,ตำบลโคกสะอาด,หน่วยที่ 6,election_day,2,นายสมศักดิ์ บุญประชม,เพื่อไทรวมพลัง,#ff66cc,408
election_data\อำเภอน้ำขุ่น\ตำบลโคกสะอาด\หน่วยที่ 6,อำเภอน้ำขุ่น,ตำบลโคกสะอาด,หน่วยที่ 6,election_day,3,นายวัชรพล เชื้อคง,เพื่อไทย,#e0002b,0
election_data\อำเภอน้ำขุ่น\ตำบลโคกสะอาด\หน่วยที่ 6,อำเภอน้ำขุ่น,ตำบลโคกสะอาด,หน่วยที่ 6,election_day,4,นางสาวมิลิณ กำเนิดสิงห์,พลังประชารัฐ,#1f56a3,31
election_data\อำเภอน้ำขุ่น\ตำบลโคกสะอาด\หน่วยที่ 6,อำเภอน้ำขุ่น,ตำบลโคกสะอาด,หน่วยที่ 6,election_day,5,นายสิโรตม์ แสนทวีสุข,ประชาชน,#f47933,31
election_data\อำเภอน้ำขุ่น\ตำบลโคกสะอาด\หน่วยที่ 6,อำเภอน้ำขุ่น,ตำบลโคกสะอาด,หน่วยที่ 6,election_day,6,นายยิ่ง ภูผา,ประชาธิปัตย์,#00a2e8,0
election_data\อำเภอน้ำขุ่น\ตำบลโคกสะอาด\หน่วยที่ 7,อำเภอน้ำขุ่น,ตำบลโคกสะอาด,หน่วยที่ 7,election_day,1,นายเกษม ฉิมพลี,ภูมิใจไทย,#212b6b,0
election_data\อำเภอน้ำขุ่น\ตำบลโคกสะอาด\หน่วยที่ 7,อำเภอน้ำขุ่น,ตำบลโคกสะอาด,หน่วยที่ 7,election_day,2,นายสมศักดิ์ บุญประชม,เพื่อไทรวมพลัง,#ff66cc,309
election_data\อำเภอน้ำขุ่น\ตำบลโคกสะอาด\หน่วยที่ 7,อำเภอน้ำขุ่น,ตำบลโคกสะอาด,หน่วยที่ 7,election_day,3,นายวัชรพล เชื้อคง,เพื่อไทย,#e0002b,21
election_data\อำเภอน้ำขุ่น\ตำบลโคกสะอาด\หน่วยที่ 7,อำเภอน้ำขุ่น,ตำบลโคกสะอาด,หน่วยที่ 7,election_day,4,นางสาวมิลิณ กำเนิดสิงห์,พลังประชารัฐ,#1f56a3,0
election_data\อำเภอน้ำขุ่น\ตำบลโคกสะอาด\หน่วยที่ 7,อำเภอน้ำขุ่น,ตำบลโคกสะอาด,หน่วยที่ 7,election_day,5,นายสิโรตม์ แสนทวีสุข,ประชาชน,#f47933,0
election_data\อำเภอน้ำขุ่น\ตำบลโคกสะอาด\หน่วยที่ 7,อำเภอน้ำขุ่น,ตำบลโคกสะอาด,หน่วยที่ 7,election_day,6,นายยิ่ง ภูผา,ประชาธิปัตย์,#00a2e8,9
election_data\อำเภอน้ำขุ่น\ตำบลโคกสะอาด\หน่วยที่ 8,อำเภอน้ำขุ่น,ตำบลโคกสะอาด,หน่วยที่ 8,election_day,1,นายเกษม ฉิมพลี,ภูมิใจไทย,#212b6b,0
election_data\อำเภอน้ำขุ่น\ตำบลโคกสะอาด\หน่วยที่ 8,อำเภอน้ำขุ่น,ตำบลโคกสะอาด,หน่วยที่ 8,election_day,2,นายสมศักดิ์ บุญประชม,เพื่อไทรวมพลัง,#ff66cc,348
election_data\อำเภอน้ำขุ่น\ตำบลโคกสะอาด\หน่วยที่ 8,อำเภอน้ำขุ่น,ตำบลโคกสะอาด,หน่วยที่ 8,election_day,3,นายวัชรพล เชื้อคง,เพื่อไทย,#e0002b,9
election_data\อำเภอน้ำขุ่น\ตำบลโคกสะอาด\หน่วยที่ 8,อำเภอน้ำขุ่น,ตำบลโคกสะอาด,หน่วยที่ 8,election_day,4,นางสาวมิลิณ กำเนิดสิงห์,พลังประชารัฐ,#1f56a3,0
election_data\อำเภอน้ำขุ่น\ตำบลโคกสะอาด\หน่วยที่ 8,อำเภอน้ำขุ่น,ตำบลโคกสะอาด,หน่วยที่ 8,election_day,5,นายสิโรตม์ แสนทวีสุข,ประชาชน,#f47933,0
election_data\อำเภอน้ำขุ่น\ตำบลโคกสะอาด\หน่วยที่ 8,อำเภอน้ำขุ่น,ตำบลโคกสะอาด,หน่วยที่ 8,election_day,6,นายยิ่ง ภูผา,ประชาธิปัตย์,#00a2e8,0
election_data\อำเภอน้ำขุ่น\ตำบลโคกสะอาด\หน่วยที่ 9,อำเภอน้ำขุ่น,ตำบลโคกสะอาด,หน่วยที่ 9,election_day,1,นายเกษม ฉิมพลี,ภูมิใจไทย,#212b6b,3
election_data\อำเภอน้ำขุ่น\ตำบลโคกสะอาด\หน่วยที่ 9,อำเภอน้ำขุ่น,ตำบลโคกสะอาด,หน่วยที่ 9,election_day,2,นายสมศักดิ์ บุญประชม,เพื่อไทรวมพลัง,#ff66cc,158
election_data\อำเภอน้ำขุ่น\ตำบลโคกสะอาด\หน่วยที่ 9,อำเภอน้ำขุ่น,ตำบลโคกสะอาด,หน่วยที่ 9,election_day,3,นายวัชรพล เชื้อคง,เพื่อไทย,#e0002b,3
election_data\อำเภอน้ำขุ่น\ตำบลโคกสะอาด\หน่วยที่ 9,อำเภอน้ำขุ่น,ตำบลโคกสะอาด,หน่วยที่ 9,election_day,4,นางสาวมิลิณ กำเนิดสิงห์,พลังประชารัฐ,#1f56a3,1
election_data\อำเภอน้ำขุ่น\ตำบลโคกสะอาด\หน่วยที่ 9,อำเภอน้ำขุ่น,ตำบลโคกสะอาด,หน่วยที่ 9,election_day,5,นายสิโรตม์ แสนทวีสุข,ประชาชน,#f47933,1
election_data\อำเภอน้ำขุ่น\ตำบลโคกสะอาด\หน่วยที่ 9,อำเภอน้ำขุ่น,ตำบลโคกสะอาด,หน่วยที่ 9,election_day,6,นายยิ่ง ภูผา,ประชาธิปัตย์,#00a2e8,0
election_data\อำเภอน้ำขุ่น\ตำบลไพบูลย์\หน่วยที่ 1,อำเภอน้ำขุ่น,ตำบลไพบูลย์,หน่วยที่ 1,election_day,1,นายเกษม ฉิมพลี,ภูมิใจไทย,#212b6b,17
election_data\อำเภอน้ำขุ่น\ตำบลไพบูลย์\หน่วยที่ 1,อำเภอน้ำขุ่น,ตำบลไพบูลย์,หน่วยที่ 1,election_day,2,นายสมศักดิ์ บุญประชม,เพื่อไทรวมพลัง,#ff66cc,288
election_data\อำเภอน้ำขุ่น\ตำบลไพบูลย์\หน่วยที่ 1,อำเภอน้ำขุ่น,ตำบลไพบูลย์,หน่วยที่ 1,election_day,3,นายวัชรพล เชื้อคง,เพื่อไทย,#e0002b,33
election_data\อำเภอน้ำขุ่น\ตำบลไพบูลย์\หน่วยที่ 1,อำเภอน้ำขุ่น,ตำบลไพบูลย์,หน่วยที่ 1,election_day,4,นางสาวมิลิณ กำเนิดสิงห์,พลังประชารัฐ,#1f56a3,2
election_data\อำเภอน้ำขุ่น\ตำบลไพบูลย์\หน่วยที่ 1,อำเภอน้ำขุ่น,ตำบลไพบูลย์,หน่วยที่ 1,election_day,5,นายสิโรตม์ แสนทวีสุข,ประชาชน,#f47933,15
election_data\อำเภอน้ำขุ่น\ตำบลไพบูลย์\หน่วยที่ 1,อำเภอน้ำขุ่น,ตำบลไพบูลย์,หน่วยที่ 1,election_day,6,นายยิ่ง ภูผา,ประชาธิปัตย์,#00a2e8,2
election_data\อำเภอน้ำขุ่น\ตำบลไพบูลย์\หน่วยที่ 10,อำเภอน้ำขุ่น,ตำบลไพบูลย์,หน่วยที่ 10,election_day,1,นายเกษม ฉิมพลี,ภูมิใจไทย,#212b6b,10
election_data\อำเภอน้ำขุ่น\ตำบลไพบูลย์\หน่วยที่ 10,อำเภอน้ำขุ่น,ตำบลไพบูลย์,หน่วยที่ 10,election_day,2,นายสมศักดิ์ บุญประชม,เพื่อไทรวมพลัง,#ff66cc,180
election_data\อำเภอน้ำขุ่น\ตำบลไพบูลย์\หน่วยที่ 10,อำเภอน้ำขุ่น,ตำบลไพบูลย์,หน่วยที่ 10,election_day,3,นายวัชรพล เชื้อคง,เพื่อไทย,#e0002b,4
election_data\อำเภอน้ำขุ่น\ตำบลไพบูลย์\หน่วยที่ 10,อำเภอน้ำขุ่น,ตำบลไพบูลย์,หน่วยที่ 10,election_day,4,นางสาวมิลิณ กำเนิดสิงห์,พลังประชารัฐ,#1f56a3,1
election_data\อำเภอน้ำขุ่น\ตำบลไพบูลย์\หน่วยที่ 10,อำเภอน้ำขุ่น,ตำบลไพบูลย์,หน่วยที่ 10,election_day,5,นายสิโรตม์ แสนทวีสุข,ประชาชน,#f47933,6
election_data\อำเภอน้ำขุ่น\ตำบลไพบูลย์\หน่วยที่ 10,อำเภอน้ำขุ่น,ตำบลไพบูลย์,หน่วยที่ 10,election_day,6,นายยิ่ง ภูผา,ประชาธิปัตย์,#00a2e8,0
election_data\อำเภอน้ำขุ่น\ตำบลไพบูลย์\หน่วยที่ 11,อำเภอน้ำขุ่น,ตำบลไพบูลย์,หน่วยที่ 11,election_day,1,นายเกษม ฉิมพลี,ภูมิใจไทย,#212b6b,6
election_data\อำเภอน้ำขุ่น\ตำบลไพบูลย์\หน่วยที่ 11,อำเภอน้ำขุ่น,ตำบลไพบูลย์,หน่วยที่ 11,election_day,2,นายสมศักดิ์ บุญประชม,เพื่อไทรวมพลัง,#ff66cc,147
election_data\อำเภอน้ำขุ่น\ตำบลไพบูลย์\หน่วยที่ 11,อำเภอน้ำขุ่น,ตำบลไพบูลย์,หน่วยที่ 11,election_day,3,นายวัชรพล เชื้อคง,เพื่อไทย,#e0002b,4
election_data\อำเภอน้ำขุ่น\ตำบลไพบูลย์\หน่วยที่ 11,อำเภอน้ำขุ่น,ตำบลไพบูลย์,หน่วยที่ 11,election_day,4,นางสาวมิลิณ กำเนิดสิงห์,พลังประชารัฐ,#1f56a3,0
election_data\อำเภอน้ำขุ่น\ตำบลไพบูลย์\หน่วยที่ 11,อำเภอน้ำขุ่น,ตำบลไพบูลย์,หน่วยที่ 11,election_day,5,นายสิโรตม์ แสนทวีสุข,ประชาชน,#f47933,0
election_data\อำเภอน้ำขุ่น\ตำบลไพบูลย์\หน่วยที่ 11,อำเภอน้ำขุ่น,ตำบลไพบูลย์,หน่วยที่ 11,election_day,6,นายยิ่ง ภูผา,ประชาธิปัตย์,#00a2e8,2
election_data\อำเภอน้ำขุ่น\ตำบลไพบูลย์\หน่วยที่ 12,อำเภอน้ำขุ่น,ตำบลไพบูลย์,หน่วยที่ 12,election_day,1,นายเกษม ฉิมพลี,ภูมิใจไทย,#212b6b,11
election_data\อำเภอน้ำขุ่น\ตำบลไพบูลย์\หน่วยที่ 12,อำเภอน้ำขุ่น,ตำบลไพบูลย์,หน่วยที่ 12,election_day,2,นายสมศักดิ์ บุญประชม,เพื่อไทรวมพลัง,#ff66cc,115
election_data\อำเภอน้ำขุ่น\ตำบลไพบูลย์\หน่วยที่ 12,อำเภอน้ำขุ่น,ตำบลไพบูลย์,หน่วยที่ 12,election_day,3,นายวัชรพล เชื้อคง,เพื่อไทย,#e0002b,0
election_data\อำเภอน้ำขุ่น\ตำบลไพบูลย์\หน่วยที่ 12,อำเภอน้ำขุ่น,ตำบลไพบูลย์,หน่วยที่ 12,election_day,4,นางสาวมิลิณ กำเนิดสิงห์,พลังประชารัฐ,#1f56a3,0
election_data\อำเภอน้ำขุ่น\ตำบลไพบูลย์\หน่วยที่ 12,อำเภอน้ำขุ่น,ตำบลไพบูลย์,หน่วยที่ 12,election_day,5,นายสิโรตม์ แสนทวีสุข,ประชาชน,#f47933,5
election_data\อำเภอน้ำขุ่น\ตำบลไพบูลย์\หน่วยที่ 12,อำเภอน้ำขุ่น,ตำบลไพบูลย์,หน่วยที่ 12,election_day,6,นายยิ่ง ภูผา,ประชาธิปัตย์,#00a2e8,1
election_data\อำเภอน้ำขุ่น\ตำบลไพบูลย์\หน่วยที่ 13,อำเภอน้ำขุ่น,ตำบลไพบูลย์,หน่วยที่ 13,election_day,1,นายเกษม ฉิมพลี,ภูมิใจไทย,#212b6b,4
election_data\อำเภอน้ำขุ่น\ตำบลไพบูลย์\หน่วยที่ 13,อำเภอน้ำขุ่น,ตำบลไพบูลย์,หน่วยที่ 13,election_day,2,นายสมศักดิ์ บุญประชม,เพื่อไทรวมพลัง,#ff66cc,145
election_data\อำเภอน้ำขุ่น\ตำบลไพบูลย์\หน่วยที่ 13,อำเภอน้ำขุ่น,ตำบลไพบูลย์,หน่วยที่ 13,election_day,3,นายวัชรพล เชื้อคง,เพื่อไทย,#e0002b,2
election_data\อำเภอน้ำขุ่น\ตำบลไพบูลย์\หน่วยที่ 13,อำเภอน้ำขุ่น,ตำบลไพบูลย์,หน่วยที่ 13,election_day,4,นางสาวมิลิณ กำเนิดสิงห์,พลังประชารัฐ,#1f56a3,4
election_data\อำเภอน้ำขุ่น\ตำบลไพบูลย์\หน่วยที่ 13,อำเภอน้ำขุ่น,ตำบลไพบูลย์,หน่วยที่ 13,election_day,5,นายสิโรตม์ แสนทวีสุข,ประชาชน,#f47933,17
election_data\อำเภอน้ำขุ่น\ตำบลไพบูลย์\หน่วยที่ 13,อำเภอน้ำขุ่น,ตำบลไพบูลย์,หน่วยที่ 13,election_day,6,นายยิ่ง ภูผา,ประชาธิปัตย์,#00a2e8,0
election_data\อำเภอน้ำขุ่น\ตำบลไพบูลย์\หน่วยที่ 14,อำเภอน้ำขุ่น,ตำบลไพบูลย์,หน่วยที่ 14,election_day,1,นายเกษม ฉิมพลี,ภูมิใจไทย,#212b6b,10
election_data\อำเภอน้ำขุ่น\ตำบลไพบูลย์\หน่วยที่ 14,อำเภอน้ำขุ่น,ตำบลไพบูลย์,หน่วยที่ 14,election_day,2,นายสมศักดิ์ บุญประชม,เพื่อไทรวมพลัง,#ff66cc,258
election_data\อำเภอน้ำขุ่น\ตำบลไพบูลย์\หน่วยที่ 14,อำเภอน้ำขุ่น,ตำบลไพบูลย์,หน่วยที่ 14,election_day,3,นายวัชรพล เชื้อคง,เพื่อไทย,#e0002b,20
election_data\อำเภอน้ำขุ่น\ตำบลไพบูลย์\หน่วยที่ 14,อำเภอน้ำขุ่น,ตำบลไพบูลย์,หน่วยที่ 14,election_day,4,นางสาวมิลิณ กำเนิดสิงห์,พลังประชารัฐ,#1f56a3,17
election_data\อำเภอน้ำขุ่น\ตำบลไพบูลย์\หน่วยที่ 14,อำเภอน้ำขุ่น,ตำบลไพบูลย์,หน่วยที่ 14,election_day,5,นายสิโรตม์ แสนทวีสุข,ประชาชน,#f47933,0
election_data\อำเภอน้ำขุ่น\ตำบลไพบูลย์\หน่วยที่ 14,อำเภอน้ำขุ่น,ตำบลไพบูลย์,หน่วยที่ 14,election_day,6,นายยิ่ง ภูผา,ประชาธิปัตย์,#00a2e8,0
election_data\อำเภอน้ำขุ่น\ตำบลไพบูลย์\หน่วยที่ 15,อำเภอน้ำขุ่น,ตำบลไพบูลย์,หน่วยที่ 15,election_day,1,นายเกษม ฉิมพลี,ภูมิใจไทย,#212b6b,3
election_data\อำเภอน้ำขุ่น\ตำบลไพบูลย์\หน่วยที่ 15,อำเภอน้ำขุ่น,ตำบลไพบูลย์,หน่วยที่ 15,election_day,2,นายสมศักดิ์ บุญประชม,เพื่อไทรวมพลัง,#ff66cc,263
election_data\อำเภอน้ำขุ่น\ตำบลไพบูลย์\หน่วยที่ 15,อำเภอน้ำขุ่น,ตำบลไพบูลย์,หน่วยที่ 15,election_day,3,นายวัชรพล เชื้อคง,เพื่อไทย,#e0002b,4
election_data\อำเภอน้ำขุ่น\ตำบลไพบูลย์\หน่วยที่ 15,อำเภอน้ำขุ่น,ตำบลไพบูลย์,หน่วยที่ 15,election_day,4,นางสาวมิลิณ กำเนิดสิงห์,พลังประชารัฐ,#1f56a3,0
election_data\อำเภอน้ำขุ่น\ตำบลไพบูลย์\หน่วยที่ 15,อำเภอน้ำขุ่น,ตำบลไพบูลย์,หน่วยที่ 15,election_day,5,นายสิโรตม์ แสนทวีสุข,ประชาชน,#f47933,1
election_data\อำเภอน้ำขุ่น\ตำบลไพบูลย์\หน่วยที่ 15,อำเภอน้ำขุ่น,ตำบลไพบูลย์,หน่วยที่ 15,election_day,6,นายยิ่ง ภูผา,ประชาธิปัตย์,#00a2e8,1
election_data\อำเภอน้ำขุ่น\ตำบลไพบูลย์\หน่วยที่ 2,อำเภอน้ำขุ่น,ตำบลไพบูลย์,หน่วยที่ 2,election_day,1,นายเกษม ฉิมพลี,ภูมิใจไทย,#212b6b,0
election_data\อำเภอน้ำขุ่น\ตำบลไพบูลย์\หน่วยที่ 2,อำเภอน้ำขุ่น,ตำบลไพบูลย์,หน่วยที่ 2,election_day,2,นายสมศักดิ์ บุญประชม,เพื่อไทรวมพลัง,#ff66cc,100
election_data\อำเภอน้ำขุ่น\ตำบลไพบูลย์\หน่วยที่ 2,อำเภอน้ำขุ่น,ตำบลไพบูลย์,หน่วยที่ 2,election_day,3,นายวัชรพล เชื้อคง,เพื่อไทย,#e0002b,19
election_data\อำเภอน้ำขุ่น\ตำบลไพบูลย์\หน่วยที่ 2,อำเภอน้ำขุ่น,ตำบลไพบูลย์,หน่วยที่ 2,election_day,4,นางสาวมิลิณ กำเนิดสิงห์,พลังประชารัฐ,#1f56a3,0
election_data\อำเภอน้ำขุ่น\ตำบลไพบูลย์\หน่วยที่ 2,อำเภอน้ำขุ่น,ตำบลไพบูลย์,หน่วยที่ 2,election_day,5,นายสิโรตม์ แสนทวีสุข,ประชาชน,#f47933,4
election_data\อำเภอน้ำขุ่น\ตำบลไพบูลย์\หน่วยที่ 2,อำเภอน้ำขุ่น,ตำบลไพบูลย์,หน่วยที่ 2,election_day,6,นายยิ่ง ภูผา,ประชาธิปัตย์,#00a2e8,0
election_data\อำเภอน้ำขุ่น\ตำบลไพบูลย์\หน่วยที่ 3,อำเภอน้ำขุ่น,ตำบลไพบูลย์,หน่วยที่ 3,election_day,1,นายเกษม ฉิมพลี,ภูมิใจไทย,#212b6b,2
election_data\อำเภอน้ำขุ่น\ตำบลไพบูลย์\หน่วยที่ 3,อำเภอน้ำขุ่น,ตำบลไพบูลย์,หน่วยที่ 3,election_day,2,นายสมศักดิ์ บุญประชม,เพื่อไทรวมพลัง,#ff66cc,108
election_data\อำเภอน้ำขุ่น\ตำบลไพบูลย์\หน่วยที่ 3,อำเภอน้ำขุ่น,ตำบลไพบูลย์,หน่วยที่ 3,election_day,3,นายวัชรพล เชื้อคง,เพื่อไทย,#e0002b,1
election_data\อำเภอน้ำขุ่น\ตำบลไพบูลย์\หน่วยที่ 3,อำเภอน้ำขุ่น,ตำบลไพบูลย์,หน่วยที่ 3,election_day,4,นางสาวมิลิณ กำเนิดสิงห์,พลังประชารัฐ,#1f56a3,9
election_data\อำเภอน้ำขุ่น\ตำบลไพบูลย์\หน่วยที่ 3,อำเภอน้ำขุ่น,ตำบลไพบูลย์,หน่วยที่ 3,election_day,5,นายสิโรตม์ แสนทวีสุข,ประชาชน,#f47933,4
election_data\อำเภอน้ำขุ่น\ตำบลไพบูลย์\หน่วยที่ 3,อำเภอน้ำขุ่น,ตำบลไพบูลย์,หน่วยที่ 3,election_day,6,นายยิ่ง ภูผา,ประชาธิปัตย์,#00a2e8,0
election_data\อำเภอน้ำขุ่น\ตำบลไพบูลย์\หน่วยที่ 4,อำเภอน้ำขุ่น,ตำบลไพบูลย์,หน่วยที่ 4,election_day,1,นายเกษม ฉิมพลี,ภูมิใจไทย,#212b6b,5
election_data\อำเภอน้ำขุ่น\ตำบลไพบูลย์\หน่วยที่ 4,อำเภอน้ำขุ่น,ตำบลไพบูลย์,หน่วยที่ 4,election_day,2,นายสมศักดิ์ บุญประชม,เพื่อไทรวมพลัง,#ff66cc,166
election_data\อำเภอน้ำขุ่น\ตำบลไพบูลย์\หน่วยที่ 4,อำเภอน้ำขุ่น,ตำบลไพบูลย์,หน่วยที่ 4,election_day,3,นายวัชรพล เชื้อคง,เพื่อไทย,#e0002b,10
election_data\อำเภอน้ำขุ่น\ตำบลไพบูลย์\หน่วยที่ 4,อำเภอน้ำขุ่น,ตำบลไพบูลย์,หน่วยที่ 4,election_day,4,นางสาวมิลิณ กำเนิดสิงห์,พลังประชารัฐ,#1f56a3,0
election_data\อำเภอน้ำขุ่น\ตำบลไพบูลย์\หน่วยที่ 4,อำเภอน้ำขุ่น,ตำบลไพบูลย์,หน่วยที่ 4,election_day,5,นายสิโรตม์ แสนทวีสุข,ประชาชน,#f47933,10
election_data\อำเภอน้ำขุ่น\ตำบลไพบูลย์\หน่วยที่ 4,อำเภอน้ำขุ่น,ตำบลไพบูลย์,หน่วยที่ 4,election_day,6,นายยิ่ง ภูผา,ประชาธิปัตย์,#00a2e8,0
election_data\อำเภอน้ำขุ่น\ตำบลไพบูลย์\หน่วยที่ 5,อำเภอน้ำขุ่น,ตำบลไพบูลย์,หน่วยที่ 5,election_day,1,นายเกษม ฉิมพลี,ภูมิใจไทย,#212b6b,1
election_data\อำเภอน้ำขุ่น\ตำบลไพบูลย์\หน่วยที่ 5,อำเภอน้ำขุ่น,ตำบลไพบูลย์,หน่วยที่ 5,election_day,2,นายสมศักดิ์ บุญประชม,เพื่อไทรวมพลัง,#ff66cc,197
election_data\อำเภอน้ำขุ่น\ตำบลไพบูลย์\หน่วยที่ 5,อำเภอน้ำขุ่น,ตำบลไพบูลย์,หน่วยที่ 5,election_day,3,นายวัชรพล เชื้อคง,เพื่อไทย,#e0002b,6
election_data\อำเภอน้ำขุ่น\ตำบลไพบูลย์\หน่วยที่ 5,อำเภอน้ำขุ่น,ตำบลไพบูลย์,หน่วยที่ 5,election_day,4,นางสาวมิลิณ กำเนิดสิงห์,พลังประชารัฐ,#1f56a3,0
election_data\อำเภอน้ำขุ่น\ตำบลไพบูลย์\หน่วยที่ 5,อำเภอน้ำขุ่น,ตำบลไพบูลย์,หน่วยที่ 5,election_day,5,นายสิโรตม์ แสนทวีสุข,ประชาชน,#f47933,6
election_data\อำเภอน้ำขุ่น\ตำบลไพบูลย์\หน่วยที่ 5,อำเภอน้ำขุ่น,ตำบลไพบูลย์,หน่วยที่ 5,election_day,6,นายยิ่ง ภูผา,ประชาธิปัตย์,#00a2e8,1
election_data\อำเภอน้ำขุ่น\ตำบลไพบูลย์\หน่วยที่ 6,อำเภอน้ำขุ่น,ตำบลไพบูลย์,หน่วยที่ 6,election_day,1,นายเกษม ฉิมพลี,ภูมิใจไทย,#212b6b,5
election_data\อำเภอน้ำขุ่น\ตำบลไพบูลย์\หน่วยที่ 6,อำเภอน้ำขุ่น,ตำบลไพบูลย์,หน่วยที่ 6,election_day,2,นายสมศักดิ์ บุญประชม,เพื่อไทรวมพลัง,#ff66cc,207
election_data\อำเภอน้ำขุ่น\ตำบลไพบูลย์\หน่วยที่ 6,อำเภอน้ำขุ่น,ตำบลไพบูลย์,หน่วยที่ 6,election_day,3,นายวัชรพล เชื้อคง,เพื่อไทย,#e0002b,13
election_data\อำเภอน้ำขุ่น\ตำบลไพบูลย์\หน่วยที่ 6,อำเภอน้ำขุ่น,ตำบลไพบูลย์,หน่วยที่ 6,election_day,4,นางสาวมิลิณ กำเนิดสิงห์,พลังประชารัฐ,#1f56a3,0
election_data\อำเภอน้ำขุ่น\ตำบลไพบูลย์\หน่วยที่ 6,อำเภอน้ำขุ่น,ตำบลไพบูลย์,หน่วยที่ 6,election_day,5,นายสิโรตม์ แสนทวีสุข,ประชาชน,#f47933,13
election_data\อำเภอน้ำขุ่น\ตำบลไพบูลย์\หน่วยที่ 6,อำเภอน้ำขุ่น,ตำบลไพบูลย์,หน่วยที่ 6,election_day,6,นายยิ่ง ภูผา,ประชาธิปัตย์,#00a2e8,0
election_data\อำเภอน้ำขุ่น\ตำบลไพบูลย์\หน่วยที่ 7,อำเภอน้ำขุ่น,ตำบลไพบูลย์,หน่วยที่ 7,election_day,1,นายเกษม ฉิมพลี,ภูมิใจไทย,#212b6b,8
election_data\อำเภอน้ำขุ่น\ตำบลไพบูลย์\หน่วยที่ 7,อำเภอน้ำขุ่น,ตำบลไพบูลย์,หน่วยที่ 7,election_day,2,นายสมศักดิ์ บุญประชม,เพื่อไทรวมพลัง,#ff66cc,171
election_data\อำเภอน้ำขุ่น\ตำบลไพบูลย์\หน่วยที่ 7,อำเภอน้ำขุ่น,ตำบลไพบูลย์,หน่วยที่ 7,election_day,3,นายวัชรพล เชื้อคง,เพื่อไทย,#e0002b,9
election_data\อำเภอน้ำขุ่น\ตำบลไพบูลย์\หน่วยที่ 7,อำเภอน้ำขุ่น,ตำบลไพบูลย์,หน่วยที่ 7,election_day,4,นางสาวมิลิณ กำเนิดสิงห์,พลังประชารัฐ,#1f56a3,5
election_data\อำเภอน้ำขุ่น\ตำบลไพบูลย์\หน่วยที่ 7,อำเภอน้ำขุ่น,ตำบลไพบูลย์,หน่วยที่ 7,election_day,5,นายสิโรตม์ แสนทวีสุข,ประชาชน,#f47933,10
election_data\อำเภอน้ำขุ่น\ตำบลไพบูลย์\หน่วยที่ 7,อำเภอน้ำขุ่น,ตำบลไพบูลย์,หน่วยที่ 7,election_day,6,นายยิ่ง ภูผา,ประชาธิปัตย์,#00a2e8,0
election_data\อำเภอน้ำขุ่น\ตำบลไพบูลย์\หน่วยที่ 8,อำเภอน้ำขุ่น,ตำบลไพบูลย์,หน่วยที่ 8,election_day,1,นายเกษม ฉิมพลี,ภูมิใจไทย,#212b6b,1
election_data\อำเภอน้ำขุ่น\ตำบลไพบูลย์\หน่วยที่ 8,อำเภอน้ำขุ่น,ตำบลไพบูลย์,หน่วยที่ 8,election_day,2,นายสมศักดิ์ บุญประชม,เพื่อไทรวมพลัง,#ff66cc,207
election_data\อำเภอน้ำขุ่น\ตำบลไพบูลย์\หน่วยที่ 8,อำเภอน้ำขุ่น,ตำบลไพบูลย์,หน่วยที่ 8,election_day,3,นายวัชรพล เชื้อคง,เพื่อไทย,#e0002b,4
election_data\อำเภอน้ำขุ่น\ตำบลไพบูลย์\หน่วยที่ 8,อำเภอน้ำขุ่น,ตำบลไพบูลย์,หน่วยที่ 8,election_day,4,นางสาวมิลิณ กำเนิดสิงห์,พลังประชารัฐ,#1f56a3,0
election_data\อำเภอน้ำขุ่น\ตำบลไพบูลย์\หน่วยที่ 8,อำเภอน้ำขุ่น,ตำบลไพบูลย์,หน่วยที่ 8,election_day,5,นายสิโรตม์ แสนทวีสุข,ประชาชน,#f47933,0
election_data\อำเภอน้ำขุ่น\ตำบลไพบูลย์\หน่วยที่ 8,อำเภอน้ำขุ่น,ตำบลไพบูลย์,หน่วยที่ 8,election_day,6,นายยิ่ง ภูผา,ประชาธิปัตย์,#00a2e8,0
election_data\อำเภอน้ำขุ่น\ตำบลไพบูลย์\หน่วยที่ 9,อำเภอน้ำขุ่น,ตำบลไพบูลย์,หน่วยที่ 9,election_day,1,นายเกษม ฉิมพลี,ภูมิใจไทย,#212b6b,4
election_data\อำเภอน้ำขุ่น\ตำบลไพบูลย์\หน่วยที่ 9,อำเภอน้ำขุ่น,ตำบลไพบูลย์,หน่วยที่ 9,election_day,2,นายสมศักดิ์ บุญประชม,เพื่อไทรวมพลัง,#ff66cc,74
election_data\อำเภอน้ำขุ่น\ตำบลไพบูลย์\หน่วยที่ 9,อำเภอน้ำขุ่น,ตำบลไพบูลย์,หน่วยที่ 9,election_day,3,นายวัชรพล เชื้อคง,เพื่อไทย,#e0002b,25
election_data\อำเภอน้ำขุ่น\ตำบลไพบูลย์\หน่วยที่ 9,อำเภอน้ำขุ่น,ตำบลไพบูลย์,หน่วยที่ 9,election_day,4,นางสาวมิลิณ กำเนิดสิงห์,พลังประชารัฐ,#1f56a3,3
election_data\อำเภอน้ำขุ่น\ตำบลไพบูลย์\หน่วยที่ 9,อำเภอน้ำขุ่น,ตำบลไพบูลย์,หน่วยที่ 9,election_day,5,นายสิโรตม์ แสนทวีสุข,ประชาชน,#f47933,3
election_data\อำเภอน้ำขุ่น\ตำบลไพบูลย์\หน่วยที่ 9,อำเภอน้ำขุ่น,ตำบลไพบูลย์,หน่วยที่ 9,election_day,6,นายยิ่ง ภูผา,ประชาธิปัตย์,#00a2e8,0
election_data\อำเภอน้ำยืน\ตำบลบุเปือย\หน่วยที่ 1,อำเภอน้ำยืน,ตำบลบุเปือย,หน่วยที่ 1,election_day,1,นายเกษม ฉิมพลี,ภูมิใจไทย,#212b6b,10
election_data\อำเภอน้ำยืน\ตำบลบุเปือย\หน่วยที่ 1,อำเภอน้ำยืน,ตำบลบุเปือย,หน่วยที่ 1,election_day,2,นายสมศักดิ์ บุญประชม,เพื่อไทรวมพลัง,#ff66cc,283
election_data\อำเภอน้ำยืน\ตำบลบุเปือย\หน่วยที่ 1,อำเภอน้ำยืน,ตำบลบุเปือย,หน่วยที่ 1,election_day,3,นายวัชรพล เชื้อคง,เพื่อไทย,#e0002b,15
election_data\อำเภอน้ำยืน\ตำบลบุเปือย\หน่วยที่ 1,อำเภอน้ำยืน,ตำบลบุเปือย,หน่วยที่ 1,election_day,4,นางสาวมิลิณ กำเนิดสิงห์,พลังประชารัฐ,#1f56a3,1
election_data\อำเภอน้ำยืน\ตำบลบุเปือย\หน่วยที่ 1,อำเภอน้ำยืน,ตำบลบุเปือย,หน่วยที่ 1,election_day,5,นายสิโรตม์ แสนทวีสุข,ประชาชน,#f47933,14
election_data\อำเภอน้ำยืน\ตำบลบุเปือย\หน่วยที่ 1,อำเภอน้ำยืน,ตำบลบุเปือย,หน่วยที่ 1,election_day,6,นายยิ่ง ภูผา,ประชาธิปัตย์,#00a2e8,1
election_data\อำเภอน้ำยืน\ตำบลบุเปือย\หน่วยที่ 13,อำเภอน้ำยืน,ตำบลบุเปือย,หน่วยที่ 13,election_day,1,นายเกษม ฉิมพลี,ภูมิใจไทย,#212b6b,4
election_data\อำเภอน้ำยืน\ตำบลบุเปือย\หน่วยที่ 13,อำเภอน้ำยืน,ตำบลบุเปือย,หน่วยที่ 13,election_day,2,นายสมศักดิ์ บุญประชม,เพื่อไทรวมพลัง,#ff66cc,354
election_data\อำเภอน้ำยืน\ตำบลบุเปือย\หน่วยที่ 13,อำเภอน้ำยืน,ตำบลบุเปือย,หน่วยที่ 13,election_day,3,นายวัชรพล เชื้อคง,เพื่อไทย,#e0002b,26
election_data\อำเภอน้ำยืน\ตำบลบุเปือย\หน่วยที่ 13,อำเภอน้ำยืน,ตำบลบุเปือย,หน่วยที่ 13,election_day,4,นางสาวมิลิณ กำเนิดสิงห์,พลังประชารัฐ,#1f56a3,0
election_data\อำเภอน้ำยืน\ตำบลบุเปือย\หน่วยที่ 13,อำเภอน้ำยืน,ตำบลบุเปือย,หน่วยที่ 13,election_day,5,นายสิโรตม์ แสนทวีสุข,ประชาชน,#f47933,1
election_data\อำเภอน้ำยืน\ตำบลบุเปือย\หน่วยที่ 13,อำเภอน้ำยืน,ตำบลบุเปือย,หน่วยที่ 13,election_day,6,นายยิ่ง ภูผา,ประชาธิปัตย์,#00a2e8,2
election_data\อำเภอน้ำยืน\ตำบลบุเปือย\หน่วยที่ 14,อำเภอน้ำยืน,ตำบลบุเปือย,หน่วยที่ 14,election_day,1,นายเกษม ฉิมพลี,ภูมิใจไทย,#212b6b,1
election_data\อำเภอน้ำยืน\ตำบลบุเปือย\หน่วยที่ 14,อำเภอน้ำยืน,ตำบลบุเปือย,หน่วยที่ 14,election_day,2,นายสมศักดิ์ บุญประชม,เพื่อไทรวมพลัง,#ff66cc,227
election_data\อำเภอน้ำยืน\ตำบลบุเปือย\หน่วยที่ 14,อำเภอน้ำยืน,ตำบลบุเปือย,หน่วยที่ 14,election_day,3,นายวัชรพล เชื้อคง,เพื่อไทย,#e0002b,4
election_data\อำเภอน้ำยืน\ตำบลบุเปือย\หน่วยที่ 14,อำเภอน้ำยืน,ตำบลบุเปือย,หน่วยที่ 14,election_day,4,นางสาวมิลิณ กำเนิดสิงห์,พลังประชารัฐ,#1f56a3,0
election_data\อำเภอน้ำยืน\ตำบลบุเปือย\หน่วยที่ 14,อำเภอน้ำยืน,ตำบลบุเปือย,หน่วยที่ 14,election_day,5,นายสิโรตม์ แสนทวีสุข,ประชาชน,#f47933,12
election_data\อำเภอน้ำยืน\ตำบลบุเปือย\หน่วยที่ 14,อำเภอน้ำยืน,ตำบลบุเปือย,หน่วยที่ 14,election_day,6,นายยิ่ง ภูผา,ประชาธิปัตย์,#00a2e8,1
election_data\อำเภอน้ำยืน\ตำบลบุเปือย\หน่วยที่ 15,อำเภอน้ำยืน,ตำบลบุเปือย,หน่วยที่ 15,election_day,1,นายเกษม ฉิมพลี,ภูมิใจไทย,#212b6b,2
election_data\อำเภอน้ำยืน\ตำบลบุเปือย\หน่วยที่ 15,อำเภอน้ำยืน,ตำบลบุเปือย,หน่วยที่ 15,election_day,2,นายสมศักดิ์ บุญประชม,เพื่อไทรวมพลัง,#ff66cc,248
election_data\อำเภอน้ำยืน\ตำบลบุเปือย\หน่วยที่ 15,อำเภอน้ำยืน,ตำบลบุเปือย,หน่วยที่ 15,election_day,3,นายวัชรพล เชื้อคง,เพื่อไทย,#e0002b,0
election_data\อำเภอน้ำยืน\ตำบลบุเปือย\หน่วยที่ 15,อำเภอน้ำยืน,ตำบลบุเปือย,หน่วยที่ 15,election_day,4,นางสาวมิลิณ กำเนิดสิงห์,พลังประชารัฐ,#1f56a3,13
election_data\อำเภอน้ำยืน\ตำบลบุเปือย\หน่วยที่ 15,อำเภอน้ำยืน,ตำบลบุเปือย,หน่วยที่ 15,election_day,5,นายสิโรตม์ แสนทวีสุข,ประชาชน,#f47933,13
election_data\อำเภอน้ำยืน\ตำบลบุเปือย\หน่วยที่ 15,อำเภอน้ำยืน,ตำบลบุเปือย,หน่วยที่ 15,election_day,6,นายยิ่ง ภูผา,ประชาธิปัตย์,#00a2e8,0
election_data\อำเภอน้ำยืน\ตำบลบุเปือย\หน่วยที่ 16,อำเภอน้ำยืน,ตำบลบุเปือย,หน่วยที่ 16,election_day,1,นายเกษม ฉิมพลี,ภูมิใจไทย,#212b6b,3
election_data\อำเภอน้ำยืน\ตำบลบุเปือย\หน่วยที่ 16,อำเภอน้ำยืน,ตำบลบุเปือย,หน่วยที่ 16,election_day,2,นายสมศักดิ์ บุญประชม,เพื่อไทรวมพลัง,#ff66cc,206
election_data\อำเภอน้ำยืน\ตำบลบุเปือย\หน่วยที่ 16,อำเภอน้ำยืน,ตำบลบุเปือย,หน่วยที่ 16,election_day,3,นายวัชรพล เชื้อคง,เพื่อไทย,#e0002b,0
election_data\อำเภอน้ำยืน\ตำบลบุเปือย\หน่วยที่ 16,อำเภอน้ำยืน,ตำบลบุเปือย,หน่วยที่ 16,election_day,4,นางสาวมิลิณ กำเนิดสิงห์,พลังประชารัฐ,#1f56a3,1
election_data\อำเภอน้ำยืน\ตำบลบุเปือย\หน่วยที่ 16,อำเภอน้ำยืน,ตำบลบุเปือย,หน่วยที่ 16,election_day,5,นายสิโรตม์ แสนทวีสุข,ประชาชน,#f47933,6
election_data\อำเภอน้ำยืน\ตำบลบุเปือย\หน่วยที่ 16,อำเภอน้ำยืน,ตำบลบุเปือย,หน่วยที่ 16,election_day,6,นายยิ่ง ภูผา,ประชาธิปัตย์,#00a2e8,0
election_data\อำเภอน้ำยืน\ตำบลบุเปือย\หน่วยที่ 2,อำเภอน้ำยืน,ตำบลบุเปือย,หน่วยที่ 2,election_day,1,นายเกษม ฉิมพลี,ภูมิใจไทย,#212b6b,8
election_data\อำเภอน้ำยืน\ตำบลบุเปือย\หน่วยที่ 2,อำเภอน้ำยืน,ตำบลบุเปือย,หน่วยที่ 2,election_day,2,นายสมศักดิ์ บุญประชม,เพื่อไทรวมพลัง,#ff66cc,342
election_data\อำเภอน้ำยืน\ตำบลบุเปือย\หน่วยที่ 2,อำเภอน้ำยืน,ตำบลบุเปือย,หน่วยที่ 2,election_day,3,นายวัชรพล เชื้อคง,เพื่อไทย,#e0002b,0
election_data\อำเภอน้ำยืน\ตำบลบุเปือย\หน่วยที่ 2,อำเภอน้ำยืน,ตำบลบุเปือย,หน่วยที่ 2,election_day,4,นางสาวมิลิณ กำเนิดสิงห์,พลังประชารัฐ,#1f56a3,2
election_data\อำเภอน้ำยืน\ตำบลบุเปือย\หน่วยที่ 2,อำเภอน้ำยืน,ตำบลบุเปือย,หน่วยที่ 2,election_day,5,นายสิโรตม์ แสนทวีสุข,ประชาชน,#f47933,23
election_data\อำเภอน้ำยืน\ตำบลบุเปือย\หน่วยที่ 2,อำเภอน้ำยืน,ตำบลบุเปือย,หน่วยที่ 2,election_day,6,นายยิ่ง ภูผา,ประชาธิปัตย์,#00a2e8,0
election_data\อำเภอน้ำยืน\ตำบลบุเปือย\หน่วยที่ 3,อำเภอน้ำยืน,ตำบลบุเปือย,หน่วยที่ 3,election_day,1,นายเกษม ฉิมพลี,ภูมิใจไทย,#212b6b,3
election_data\อำเภอน้ำยืน\ตำบลบุเปือย\หน่วยที่ 3,อำเภอน้ำยืน,ตำบลบุเปือย,หน่วยที่ 3,election_day,2,นายสมศักดิ์ บุญประชม,เพื่อไทรวมพลัง,#ff66cc,189
election_data\อำเภอน้ำยืน\ตำบลบุเปือย\หน่วยที่ 3,อำเภอน้ำยืน,ตำบลบุเปือย,หน่วยที่ 3,election_day,3,นายวัชรพล เชื้อคง,เพื่อไทย,#e0002b,0
election_data\อำเภอน้ำยืน\ตำบลบุเปือย\หน่วยที่ 3,อำเภอน้ำยืน,ตำบลบุเปือย,หน่วยที่ 3,election_day,4,นางสาวมิลิณ กำเนิดสิงห์,พลังประชารัฐ,#1f56a3,5
election_data\อำเภอน้ำยืน\ตำบลบุเปือย\หน่วยที่ 3,อำเภอน้ำยืน,ตำบลบุเปือย,หน่วยที่ 3,election_day,5,นายสิโรตม์ แสนทวีสุข,ประชาชน,#f47933,5
election_data\อำเภอน้ำยืน\ตำบลบุเปือย\หน่วยที่ 3,อำเภอน้ำยืน,ตำบลบุเปือย,หน่วยที่ 3,election_day,6,นายยิ่ง ภูผา,ประชาธิปัตย์,#00a2e8,0
election_data\อำเภอน้ำยืน\ตำบลบุเปือย\หน่วยที่ 4,อำเภอน้ำยืน,ตำบลบุเปือย,หน่วยที่ 4,election_day,1,นายเกษม ฉิมพลี,ภูมิใจไทย,#212b6b,3
election_data\อำเภอน้ำยืน\ตำบลบุเปือย\หน่วยที่ 4,อำเภอน้ำยืน,ตำบลบุเปือย,หน่วยที่ 4,election_day,2,นายสมศักดิ์ บุญประชม,เพื่อไทรวมพลัง,#ff66cc,191
election_data\อำเภอน้ำยืน\ตำบลบุเปือย\หน่วยที่ 4,อำเภอน้ำยืน,ตำบลบุเปือย,หน่วยที่ 4,election_day,3,นายวัชรพล เชื้อคง,เพื่อไทย,#e0002b,15
election_data\อำเภอน้ำยืน\ตำบลบุเปือย\หน่วยที่ 4,อำเภอน้ำยืน,ตำบลบุเปือย,หน่วยที่ 4,election_day,4,นางสาวมิลิณ กำเนิดสิงห์,พลังประชารัฐ,#1f56a3,1
election_data\อำเภอน้ำยืน\ตำบลบุเปือย\หน่วยที่ 4,อำเภอน้ำยืน,ตำบลบุเปือย,หน่วยที่ 4,election_day,5,นายสิโรตม์ แสนทวีสุข,ประชาชน,#f47933,3
election_data\อำเภอน้ำยืน\ตำบลบุเปือย\หน่วยที่ 4,อำเภอน้ำยืน,ตำบลบุเปือย,หน่วยที่ 4,election_day,6,นายยิ่ง ภูผา,ประชาธิปัตย์,#00a2e8,4
election_data\อำเภอน้ำยืน\ตำบลบุเปือย\หน่วยที่ 6,อำเภอน้ำยืน,ตำบลบุเปือย,หน่วยที่ 6,election_day,1,นายเกษม ฉิมพลี,ภูมิใจไทย,#212b6b,0
election_data\อำเภอน้ำยืน\ตำบลบุเปือย\หน่วยที่ 6,อำเภอน้ำยืน,ตำบลบุเปือย,หน่วยที่ 6,election_day,2,นายสมศักดิ์ บุญประชม,เพื่อไทรวมพลัง,#ff66cc,280
election_data\อำเภอน้ำยืน\ตำบลบุเปือย\หน่วยที่ 6,อำเภอน้ำยืน,ตำบลบุเปือย,หน่วยที่ 6,election_day,3,นายวัชรพล เชื้อคง,เพื่อไทย,#e0002b,5
election_data\อำเภอน้ำยืน\ตำบลบุเปือย\หน่วยที่ 6,อำเภอน้ำยืน,ตำบลบุเปือย,หน่วยที่ 6,election_day,4,นางสาวมิลิณ กำเนิดสิงห์,พลังประชารัฐ,#1f56a3,0
election_data\อำเภอน้ำยืน\ตำบลบุเปือย\หน่วยที่ 6,อำเภอน้ำยืน,ตำบลบุเปือย,หน่วยที่ 6,election_day,5,นายสิโรตม์ แสนทวีสุข,ประชาชน,#f47933,15
election_data\อำเภอน้ำยืน\ตำบลบุเปือย\หน่วยที่ 6,อำเภอน้ำยืน,ตำบลบุเปือย,หน่วยที่ 6,election_day,6,นายยิ่ง ภูผา,ประชาธิปัตย์,#00a2e8,0
election_data\อำเภอน้ำยืน\ตำบลบุเปือย\หน่วยที่ 7,อำเภอน้ำยืน,ตำบลบุเปือย,หน่วยที่ 7,election_day,1,นายเกษม ฉิมพลี,ภูมิใจไทย,#212b6b,9
election_data\อำเภอน้ำยืน\ตำบลบุเปือย\หน่วยที่ 7,อำเภอน้ำยืน,ตำบลบุเปือย,หน่วยที่ 7,election_day,2,นายสมศักดิ์ บุญประชม,เพื่อไทรวมพลัง,#ff66cc,266
election_data\อำเภอน้ำยืน\ตำบลบุเปือย\หน่วยที่ 7,อำเภอน้ำยืน,ตำบลบุเปือย,หน่วยที่ 7,election_day,3,นายวัชรพล เชื้อคง,เพื่อไทย,#e0002b,26
election_data\อำเภอน้ำยืน\ตำบลบุเปือย\หน่วยที่ 7,อำเภอน้ำยืน,ตำบลบุเปือย,หน่วยที่ 7,election_day,4,นางสาวมิลิณ กำเนิดสิงห์,พลังประชารัฐ,#1f56a3,0
election_data\อำเภอน้ำยืน\ตำบลบุเปือย\หน่วยที่ 7,อำเภอน้ำยืน,ตำบลบุเปือย,หน่วยที่ 7,election_day,5,นายสิโรตม์ แสนทวีสุข,ประชาชน,#f47933,0
election_data\อำเภอน้ำยืน\ตำบลบุเปือย\หน่วยที่ 7,อำเภอน้ำยืน,ตำบลบุเปือย,หน่วยที่ 7,election_day,6,นายยิ่ง ภูผา,ประชาธิปัตย์,#00a2e8,0
election_data\อำเภอน้ำยืน\ตำบลบุเปือย\หน่วยที่ 8,อำเภอน้ำยืน,ตำบลบุเปือย,หน่วยที่ 8,election_day,1,นายเกษม ฉิมพลี,ภูมิใจไทย,#212b6b,4
election_data\อำเภอน้ำยืน\ตำบลบุเปือย\หน่วยที่ 8,อำเภอน้ำยืน,ตำบลบุเปือย,หน่วยที่ 8,election_day,2,นายสมศักดิ์ บุญประชม,เพื่อไทรวมพลัง,#ff66cc,400
election_data\อำเภอน้ำยืน\ตำบลบุเปือย\หน่วยที่ 8,อำเภอน้ำยืน,ตำบลบุเปือย,หน่วยที่ 8,election_day,3,นายวัชรพล เชื้อคง,เพื่อไทย,#e0002b,7
election_data\อำเภอน้ำยืน\ตำบลบุเปือย\หน่วยที่ 8,อำเภอน้ำยืน,ตำบลบุเปือย,หน่วยที่ 8,election_day,4,นางสาวมิลิณ กำเนิดสิงห์,พลังประชารัฐ,#1f56a3,1
election_data\อำเภอน้ำยืน\ตำบลบุเปือย\หน่วยที่ 8,อำเภอน้ำยืน,ตำบลบุเปือย,หน่วยที่ 8,election_day,5,นายสิโรตม์ แสนทวีสุข,ประชาชน,#f47933,24
election_data\อำเภอน้ำยืน\ตำบลบุเปือย\หน่วยที่ 8,อำเภอน้ำยืน,ตำบลบุเปือย,หน่วยที่ 8,election_day,6,นายยิ่ง ภูผา,ประชาธิปัตย์,#00a2e8,4
election_data\อำเภอน้ำยืน\ตำบลบุเปือย\หน่วยที่ 9,อำเภอน้ำยืน,ตำบลบุเปือย,หน่วยที่ 9,election_day,1,นายเกษม ฉิมพลี,ภูมิใจไทย,#212b6b,6
election_data\อำเภอน้ำยืน\ตำบลบุเปือย\หน่วยที่ 9,อำเภอน้ำยืน,ตำบลบุเปือย,หน่วยที่ 9,election_day,2,นายสมศักดิ์ บุญประชม,เพื่อไทรวมพลัง,#ff66cc,385
election_data\อำเภอน้ำยืน\ตำบลบุเปือย\หน่วยที่ 9,อำเภอน้ำยืน,ตำบลบุเปือย,หน่วยที่ 9,election_day,3,นายวัชรพล เชื้อคง,เพื่อไทย,#e0002b,5
election_data\อำเภอน้ำยืน\ตำบลบุเปือย\หน่วยที่ 9,อำเภอน้ำยืน,ตำบลบุเปือย,หน่วยที่ 9,election_day,4,นางสาวมิลิณ กำเนิดสิงห์,พลังประชารัฐ,#1f56a3,16
election_data\อำเภอน้ำยืน\ตำบลบุเปือย\หน่วยที่ 9,อำเภอน้ำยืน,ตำบลบุเปือย,หน่วยที่ 9,election_day,5,นายสิโรตม์ แสนทวีสุข,ประชาชน,#f47933,16
election_data\อำเภอน้ำยืน\ตำบลบุเปือย\หน่วยที่ 9,อำเภอน้ำยืน,ตำบลบุเปือย,หน่วยที่ 9,election_day,6,นายยิ่ง ภูผา,ประชาธิปัตย์,#00a2e8,4
election_data\อำเภอน้ำยืน\ตำบลยาง\หน่วยที่ 1,อำเภอน้ำยืน,ตำบลยาง,หน่วยที่ 1,election_day,1,นายเกษม ฉิมพลี,ภูมิใจไทย,#212b6b,6
election_data\อำเภอน้ำยืน\ตำบลยาง\หน่วยที่ 1,อำเภอน้ำยืน,ตำบลยาง,หน่วยที่ 1,election_day,2,นายสมศักดิ์ บุญประชม,เพื่อไทรวมพลัง,#ff66cc,352
election_data\อำเภอน้ำยืน\ตำบลยาง\หน่วยที่ 1,อำเภอน้ำยืน,ตำบลยาง,หน่วยที่ 1,election_day,3,นายวัชรพล เชื้อคง,เพื่อไทย,#e0002b,6
election_data\อำเภอน้ำยืน\ตำบลยาง\หน่วยที่ 1,อำเภอน้ำยืน,ตำบลยาง,หน่วยที่ 1,election_day,4,นางสาวมิลิณ กำเนิดสิงห์,พลังประชารัฐ,#1f56a3,1
election_data\อำเภอน้ำยืน\ตำบลยาง\หน่วยที่ 1,อำเภอน้ำยืน,ตำบลยาง,หน่วยที่ 1,election_day,5,นายสิโรตม์ แสนทวีสุข,ประชาชน,#f47933,12
election_data\อำเภอน้ำยืน\ตำบลยาง\หน่วยที่ 1,อำเภอน้ำยืน,ตำบลยาง,หน่วยที่ 1,election_day,6,นายยิ่ง ภูผา,ประชาธิปัตย์,#00a2e8,0
election_data\อำเภอน้ำยืน\ตำบลยาง\หน่วยที่ 10,อำเภอน้ำยืน,ตำบลยาง,หน่วยที่ 10,election_day,1,นายเกษม ฉิมพลี,ภูมิใจไทย,#212b6b,6
election_data\อำเภอน้ำยืน\ตำบลยาง\หน่วยที่ 10,อำเภอน้ำยืน,ตำบลยาง,หน่วยที่ 10,election_day,2,นายสมศักดิ์ บุญประชม,เพื่อไทรวมพลัง,#ff66cc,207
election_data\อำเภอน้ำยืน\ตำบลยาง\หน่วยที่ 10,อำเภอน้ำยืน,ตำบลยาง,หน่วยที่ 10,election_day,3,นายวัชรพล เชื้อคง,เพื่อไทย,#e0002b,7
election_data\อำเภอน้ำยืน\ตำบลยาง\หน่วยที่ 10,อำเภอน้ำยืน,ตำบลยาง,หน่วยที่ 10,election_day,4,นางสาวมิลิณ กำเนิดสิงห์,พลังประชารัฐ,#1f56a3,0
election_data\อำเภอน้ำยืน\ตำบลยาง\หน่วยที่ 10,อำเภอน้ำยืน,ตำบลยาง,หน่วยที่ 10,election_day,5,นายสิโรตม์ แสนทวีสุข,ประชาชน,#f47933,2
election_data\อำเภอน้ำยืน\ตำบลยาง\หน่วยที่ 10,อำเภอน้ำยืน,ตำบลยาง,หน่วยที่ 10,election_day,6,นายยิ่ง ภูผา,ประชาธิปัตย์,#00a2e8,0
election_data\อำเภอน้ำยืน\ตำบลยาง\หน่วยที่ 11,อำเภอน้ำยืน,ตำบลยาง,หน่วยที่ 11,election_day,1,นายเกษม ฉิมพลี,ภูมิใจไทย,#212b6b,0
election_data\อำเภอน้ำยืน\ตำบลยาง\หน่วยที่ 11,อำเภอน้ำยืน,ตำบลยาง,หน่วยที่ 11,election_day,2,นายสมศักดิ์ บุญประชม,เพื่อไทรวมพลัง,#ff66cc,0
election_data\อำเภอน้ำยืน\ตำบลยาง\หน่วยที่ 11,อำเภอน้ำยืน,ตำบลยาง,หน่วยที่ 11,election_day,3,นายวัชรพล เชื้อคง,เพื่อไทย,#e0002b,0
election_data\อำเภอน้ำยืน\ตำบลยาง\หน่วยที่ 11,อำเภอน้ำยืน,ตำบลยาง,หน่วยที่ 11,election_day,4,นางสาวมิลิณ กำเนิดสิงห์,พลังประชารัฐ,#1f56a3,0
election_data\อำเภอน้ำยืน\ตำบลยาง\หน่วยที่ 11,อำเภอน้ำยืน,ตำบลยาง,หน่วยที่ 11,election_day,5,นายสิโรตม์ แสนทวีสุข,ประชาชน,#f47933,0
election_data\อำเภอน้ำยืน\ตำบลยาง\หน่วยที่ 11,อำเภอน้ำยืน,ตำบลยาง,หน่วยที่ 11,election_day,6,นายยิ่ง ภูผา,ประชาธิปัตย์,#00a2e8,0
election_data\อำเภอน้ำยืน\ตำบลยาง\หน่วยที่ 12,อำเภอน้ำยืน,ตำบลยาง,หน่วยที่ 12,election_day,1,นายเกษม ฉิมพลี,ภูมิใจไทย,#212b6b,4
election_data\อำเภอน้ำยืน\ตำบลยาง\หน่วยที่ 12,อำเภอน้ำยืน,ตำบลยาง,หน่วยที่ 12,election_day,2,นายสมศักดิ์ บุญประชม,เพื่อไทรวมพลัง,#ff66cc,193
election_data\อำเภอน้ำยืน\ตำบลยาง\หน่วยที่ 12,อำเภอน้ำยืน,ตำบลยาง,หน่วยที่ 12,election_day,3,นายวัชรพล เชื้อคง,เพื่อไทย,#e0002b,8
election_data\อำเภอน้ำยืน\ตำบลยาง\หน่วยที่ 12,อำเภอน้ำยืน,ตำบลยาง,หน่วยที่ 12,election_day,4,นางสาวมิลิณ กำเนิดสิงห์,พลังประชารัฐ,#1f56a3,1
election_data\อำเภอน้ำยืน\ตำบลยาง\หน่วยที่ 12,อำเภอน้ำยืน,ตำบลยาง,หน่วยที่ 12,election_day,5,นายสิโรตม์ แสนทวีสุข,ประชาชน,#f47933,13
election_data\อำเภอน้ำยืน\ตำบลยาง\หน่วยที่ 12,อำเภอน้ำยืน,ตำบลยาง,หน่วยที่ 12,election_day,6,นายยิ่ง ภูผา,ประชาธิปัตย์,#00a2e8,0
election_data\อำเภอน้ำยืน\ตำบลยาง\หน่วยที่ 13,อำเภอน้ำยืน,ตำบลยาง,หน่วยที่ 13,election_day,1,นายเกษม ฉิมพลี,ภูมิใจไทย,#212b6b,4
election_data\อำเภอน้ำยืน\ตำบลยาง\หน่วยที่ 13,อำเภอน้ำยืน,ตำบลยาง,หน่วยที่ 13,election_day,2,นายสมศักดิ์ บุญประชม,เพื่อไทรวมพลัง,#ff66cc,246
election_data\อำเภอน้ำยืน\ตำบลยาง\หน่วยที่ 13,อำเภอน้ำยืน,ตำบลยาง,หน่วยที่ 13,election_day,3,นายวัชรพล เชื้อคง,เพื่อไทย,#e0002b,9
election_data\อำเภอน้ำยืน\ตำบลยาง\หน่วยที่ 13,อำเภอน้ำยืน,ตำบลยาง,หน่วยที่ 13,election_day,4,นางสาวมิลิณ กำเนิดสิงห์,พลังประชารัฐ,#1f56a3,1
election_data\อำเภอน้ำยืน\ตำบลยาง\หน่วยที่ 13,อำเภอน้ำยืน,ตำบลยาง,หน่วยที่ 13,election_day,5,นายสิโรตม์ แสนทวีสุข,ประชาชน,#f47933,9
election_data\อำเภอน้ำยืน\ตำบลยาง\หน่วยที่ 13,อำเภอน้ำยืน,ตำบลยาง,หน่วยที่ 13,election_day,6,นายยิ่ง ภูผา,ประชาธิปัตย์,#00a2e8,0
election_data\อำเภอน้ำยืน\ตำบลยาง\หน่วยที่ 2,อำเภอน้ำยืน,ตำบลยาง,หน่วยที่ 2,election_day,1,นายเกษม ฉิมพลี,ภูมิใจไทย,#212b6b,9
election_data\อำเภอน้ำยืน\ตำบลยาง\หน่วยที่ 2,อำเภอน้ำยืน,ตำบลยาง,หน่วยที่ 2,election_day,2,นายสมศักดิ์ บุญประชม,เพื่อไทรวมพลัง,#ff66cc,248
election_data\อำเภอน้ำยืน\ตำบลยาง\หน่วยที่ 2,อำเภอน้ำยืน,ตำบลยาง,หน่วยที่ 2,election_day,3,นายวัชรพล เชื้อคง,เพื่อไทย,#e0002b,4
election_data\อำเภอน้ำยืน\ตำบลยาง\หน่วยที่ 2,อำเภอน้ำยืน,ตำบลยาง,หน่วยที่ 2,election_day,4,นางสาวมิลิณ กำเนิดสิงห์,พลังประชารัฐ,#1f56a3,0
election_data\อำเภอน้ำยืน\ตำบลยาง\หน่วยที่ 2,อำเภอน้ำยืน,ตำบลยาง,หน่วยที่ 2,election_day,5,นายสิโรตม์ แสนทวีสุข,ประชาชน,#f47933,14
election_data\อำเภอน้ำยืน\ตำบลยาง\หน่วยที่ 2,อำเภอน้ำยืน,ตำบลยาง,หน่วยที่ 2,election_day,6,นายยิ่ง ภูผา,ประชาธิปัตย์,#00a2e8,0
election_data\อำเภอน้ำยืน\ตำบลยาง\หน่วยที่ 3,อำเภอน้ำยืน,ตำบลยาง,หน่วยที่ 3,election_day,1,นายเกษม ฉิมพลี,ภูมิใจไทย,#212b6b,13
election_data\อำเภอน้ำยืน\ตำบลยาง\หน่วยที่ 3,อำเภอน้ำยืน,ตำบลยาง,หน่วยที่ 3,election_day,2,นายสมศักดิ์ บุญประชม,เพื่อไทรวมพลัง,#ff66cc,168
election_data\อำเภอน้ำยืน\ตำบลยาง\หน่วยที่ 3,อำเภอน้ำยืน,ตำบลยาง,หน่วยที่ 3,election_day,3,นายวัชรพล เชื้อคง,เพื่อไทย,#e0002b,1
election_data\อำเภอน้ำยืน\ตำบลยาง\หน่วยที่ 3,อำเภอน้ำยืน,ตำบลยาง,หน่วยที่ 3,election_day,4,นางสาวมิลิณ กำเนิดสิงห์,พลังประชารัฐ,#1f56a3,1
election_data\อำเภอน้ำยืน\ตำบลยาง\หน่วยที่ 3,อำเภอน้ำยืน,ตำบลยาง,หน่วยที่ 3,election_day,5,นายสิโรตม์ แสนทวีสุข,ประชาชน,#f47933,1
election_data\อำเภอน้ำยืน\ตำบลยาง\หน่วยที่ 3,อำเภอน้ำยืน,ตำบลยาง,หน่วยที่ 3,election_day,6,นายยิ่ง ภูผา,ประชาธิปัตย์,#00a2e8,0
election_data\อำเภอน้ำยืน\ตำบลยาง\หน่วยที่ 4,อำเภอน้ำยืน,ตำบลยาง,หน่วยที่ 4,election_day,1,นายเกษม ฉิมพลี,ภูมิใจไทย,#212b6b,11
election_data\อำเภอน้ำยืน\ตำบลยาง\หน่วยที่ 4,อำเภอน้ำยืน,ตำบลยาง,หน่วยที่ 4,election_day,2,นายสมศักดิ์ บุญประชม,เพื่อไทรวมพลัง,#ff66cc,297
election_data\อำเภอน้ำยืน\ตำบลยาง\หน่วยที่ 4,อำเภอน้ำยืน,ตำบลยาง,หน่วยที่ 4,election_day,3,นายวัชรพล เชื้อคง,เพื่อไทย,#e0002b,0
election_data\อำเภอน้ำยืน\ตำบลยาง\หน่วยที่ 4,อำเภอน้ำยืน,ตำบลยาง,หน่วยที่ 4,election_day,4,นางสาวมิลิณ กำเนิดสิงห์,พลังประชารัฐ,#1f56a3,19
election_data\อำเภอน้ำยืน\ตำบลยาง\หน่วยที่ 4,อำเภอน้ำยืน,ตำบลยาง,หน่วยที่ 4,election_day,5,นายสิโรตม์ แสนทวีสุข,ประชาชน,#f47933,19
election_data\อำเภอน้ำยืน\ตำบลยาง\หน่วยที่ 4,อำเภอน้ำยืน,ตำบลยาง,หน่วยที่ 4,election_day,6,นายยิ่ง ภูผา,ประชาธิปัตย์,#00a2e8,0
election_data\อำเภอน้ำยืน\ตำบลยาง\หน่วยที่ 5,อำเภอน้ำยืน,ตำบลยาง,หน่วยที่ 5,election_day,1,นายเกษม ฉิมพลี,ภูมิใจไทย,#212b6b,5
election_data\อำเภอน้ำยืน\ตำบลยาง\หน่วยที่ 5,อำเภอน้ำยืน,ตำบลยาง,หน่วยที่ 5,election_day,2,นายสมศักดิ์ บุญประชม,เพื่อไทรวมพลัง,#ff66cc,165
election_data\อำเภอน้ำยืน\ตำบลยาง\หน่วยที่ 5,อำเภอน้ำยืน,ตำบลยาง,หน่วยที่ 5,election_day,3,นายวัชรพล เชื้อคง,เพื่อไทย,#e0002b,0
election_data\อำเภอน้ำยืน\ตำบลยาง\หน่วยที่ 5,อำเภอน้ำยืน,ตำบลยาง,หน่วยที่ 5,election_day,4,นางสาวมิลิณ กำเนิดสิงห์,พลังประชารัฐ,#1f56a3,0
election_data\อำเภอน้ำยืน\ตำบลยาง\หน่วยที่ 5,อำเภอน้ำยืน,ตำบลยาง,หน่วยที่ 5,election_day,5,นายสิโรตม์ แสนทวีสุข,ประชาชน,#f47933,12
election_data\อำเภอน้ำยืน\ตำบลยาง\หน่วยที่ 5,อำเภอน้ำยืน,ตำบลยาง,หน่วยที่ 5,election_day,6,นายยิ่ง ภูผา,ประชาธิปัตย์,#00a2e8,3
election_data\อำเภอน้ำยืน\ตำบลยาง\หน่วยที่ 6,อำเภอน้ำยืน,ตำบลยาง,หน่วยที่ 6,election_day,1,นายเกษม ฉิมพลี,ภูมิใจไทย,#212b6b,0
election_data\อำเภอน้ำยืน\ตำบลยาง\หน่วยที่ 6,อำเภอน้ำยืน,ตำบลยาง,หน่วยที่ 6,election_day,2,นายสมศักดิ์ บุญประชม,เพื่อไทรวมพลัง,#ff66cc,214
election_data\อำเภอน้ำยืน\ตำบลยาง\หน่วยที่ 6,อำเภอน้ำยืน,ตำบลยาง,หน่วยที่ 6,election_day,3,นายวัชรพล เชื้อคง,เพื่อไทย,#e0002b,4
election_data\อำเภอน้ำยืน\ตำบลยาง\หน่วยที่ 6,อำเภอน้ำยืน,ตำบลยาง,หน่วยที่ 6,election_day,4,นางสาวมิลิณ กำเนิดสิงห์,พลังประชารัฐ,#1f56a3,0
election_data\อำเภอน้ำยืน\ตำบลยาง\หน่วยที่ 6,อำเภอน้ำยืน,ตำบลยาง,หน่วยที่ 6,election_day,5,นายสิโรตม์ แสนทวีสุข,ประชาชน,#f47933,13
election_data\อำเภอน้ำยืน\ตำบลยาง\หน่วยที่ 6,อำเภอน้ำยืน,ตำบลยาง,หน่วยที่ 6,election_day,6,นายยิ่ง ภูผา,ประชาธิปัตย์,#00a2e8,0
election_data\อำเภอน้ำยืน\ตำบลยาง\หน่วยที่ 7,อำเภอน้ำยืน,ตำบลยาง,หน่วยที่ 7,election_day,1,นายเกษม ฉิมพลี,ภูมิใจไทย,#212b6b,12
election_data\อำเภอน้ำยืน\ตำบลยาง\หน่วยที่ 7,อำเภอน้ำยืน,ตำบลยาง,หน่วยที่ 7,election_day,2,นายสมศักดิ์ บุญประชม,เพื่อไทรวมพลัง,#ff66cc,210
election_data\อำเภอน้ำยืน\ตำบลยาง\หน่วยที่ 7,อำเภอน้ำยืน,ตำบลยาง,หน่วยที่ 7,election_day,3,นายวัชรพล เชื้อคง,เพื่อไทย,#e0002b,5
election_data\อำเภอน้ำยืน\ตำบลยาง\หน่วยที่ 7,อำเภอน้ำยืน,ตำบลยาง,หน่วยที่ 7,election_day,4,นางสาวมิลิณ กำเนิดสิงห์,พลังประชารัฐ,#1f56a3,1
election_data\อำเภอน้ำยืน\ตำบลยาง\หน่วยที่ 7,อำเภอน้ำยืน,ตำบลยาง,หน่วยที่ 7,election_day,5,นายสิโรตม์ แสนทวีสุข,ประชาชน,#f47933,10
election_data\อำเภอน้ำยืน\ตำบลยาง\หน่วยที่ 7,อำเภอน้ำยืน,ตำบลยาง,หน่วยที่ 7,election_day,6,นายยิ่ง ภูผา,ประชาธิปัตย์,#00a2e8,0
election_data\อำเภอน้ำยืน\ตำบลยาง\หน่วยที่ 8,อำเภอน้ำยืน,ตำบลยาง,หน่วยที่ 8,election_day,1,นายเกษม ฉิมพลี,ภูมิใจไทย,#212b6b,4
election_data\อำเภอน้ำยืน\ตำบลยาง\หน่วยที่ 8,อำเภอน้ำยืน,ตำบลยาง,หน่วยที่ 8,election_day,2,นายสมศักดิ์ บุญประชม,เพื่อไทรวมพลัง,#ff66cc,306
election_data\อำเภอน้ำยืน\ตำบลยาง\หน่วยที่ 8,อำเภอน้ำยืน,ตำบลยาง,หน่วยที่ 8,election_day,3,นายวัชรพล เชื้อคง,เพื่อไทย,#e0002b,5
election_data\อำเภอน้ำยืน\ตำบลยาง\หน่วยที่ 8,อำเภอน้ำยืน,ตำบลยาง,หน่วยที่ 8,election_day,4,นางสาวมิลิณ กำเนิดสิงห์,พลังประชารัฐ,#1f56a3,4
election_data\อำเภอน้ำยืน\ตำบลยาง\หน่วยที่ 8,อำเภอน้ำยืน,ตำบลยาง,หน่วยที่ 8,election_day,5,นายสิโรตม์ แสนทวีสุข,ประชาชน,#f47933,15
election_data\อำเภอน้ำยืน\ตำบลยาง\หน่วยที่ 8,อำเภอน้ำยืน,ตำบลยาง,หน่วยที่ 8,election_day,6,นายยิ่ง ภูผา,ประชาธิปัตย์,#00a2e8,0
election_data\อำเภอน้ำยืน\ตำบลยาง\หน่วยที่ 9,อำเภอน้ำยืน,ตำบลยาง,หน่วยที่ 9,election_day,1,นายเกษม ฉิมพลี,ภูมิใจไทย,#212b6b,10
election_data\อำเภอน้ำยืน\ตำบลยาง\หน่วยที่ 9,อำเภอน้ำยืน,ตำบลยาง,หน่วยที่ 9,election_day,2,นายสมศักดิ์ บุญประชม,เพื่อไทรวมพลัง,#ff66cc,189
election_data\อำเภอน้ำยืน\ตำบลยาง\หน่วยที่ 9,อำเภอน้ำยืน,ตำบลยาง,หน่วยที่ 9,election_day,3,นายวัชรพล เชื้อคง,เพื่อไทย,#e0002b,9
election_data\อำเภอน้ำยืน\ตำบลยาง\หน่วยที่ 9,อำเภอน้ำยืน,ตำบลยาง,หน่วยที่ 9,election_day,4,นางสาวมิลิณ กำเนิดสิงห์,พลังประชารัฐ,#1f56a3,4
election_data\อำเภอน้ำยืน\ตำบลยาง\หน่วยที่ 9,อำเภอน้ำยืน,ตำบลยาง,หน่วยที่ 9,election_day,5,นายสิโรตม์ แสนทวีสุข,ประชาชน,#f47933,4
election_data\อำเภอน้ำยืน\ตำบลยาง\หน่วยที่ 9,อำเภอน้ำยืน,ตำบลยาง,หน่วยที่ 9,election_day,6,นายยิ่ง ภูผา,ประชาธิปัตย์,#00a2e8,0
election_data\อำเภอน้ำยืน\ตำบลยางใหญ่\หน่วยที่ 1,อำเภอน้ำยืน,ตำบลยางใหญ่,หน่วยที่ 1,election_day,1,นายเกษม ฉิมพลี,ภูมิใจไทย,#212b6b,9
election_data\อำเภอน้ำยืน\ตำบลยางใหญ่\หน่วยที่ 1,อำเภอน้ำยืน,ตำบลยางใหญ่,หน่วยที่ 1,election_day,2,นายสมศักดิ์ บุญประชม,เพื่อไทรวมพลัง,#ff66cc,390
election_data\อำเภอน้ำยืน\ตำบลยางใหญ่\หน่วยที่ 1,อำเภอน้ำยืน,ตำบลยางใหญ่,หน่วยที่ 1,election_day,3,นายวัชรพล เชื้อคง,เพื่อไทย,#e0002b,1
election_data\อำเภอน้ำยืน\ตำบลยางใหญ่\หน่วยที่ 1,อำเภอน้ำยืน,ตำบลยางใหญ่,หน่วยที่ 1,election_day,4,นางสาวมิลิณ กำเนิดสิงห์,พลังประชารัฐ,#1f56a3,0
election_data\อำเภอน้ำยืน\ตำบลยางใหญ่\หน่วยที่ 1,อำเภอน้ำยืน,ตำบลยางใหญ่,หน่วยที่ 1,election_day,5,นายสิโรตม์ แสนทวีสุข,ประชาชน,#f47933,13
election_data\อำเภอน้ำยืน\ตำบลยางใหญ่\หน่วยที่ 1,อำเภอน้ำยืน,ตำบลยางใหญ่,หน่วยที่ 1,election_day,6,นายยิ่ง ภูผา,ประชาธิปัตย์,#00a2e8,0
election_data\อำเภอน้ำยืน\ตำบลยางใหญ่\หน่วยที่ 10,อำเภอน้ำยืน,ตำบลยางใหญ่,หน่วยที่ 10,election_day,1,นายเกษม ฉิมพลี,ภูมิใจไทย,#212b6b,4
election_data\อำเภอน้ำยืน\ตำบลยางใหญ่\หน่วยที่ 10,อำเภอน้ำยืน,ตำบลยางใหญ่,หน่วยที่ 10,election_day,2,นายสมศักดิ์ บุญประชม,เพื่อไทรวมพลัง,#ff66cc,163
election_data\อำเภอน้ำยืน\ตำบลยางใหญ่\หน่วยที่ 10,อำเภอน้ำยืน,ตำบลยางใหญ่,หน่วยที่ 10,election_day,3,นายวัชรพล เชื้อคง,เพื่อไทย,#e0002b,14
election_data\อำเภอน้ำยืน\ตำบลยางใหญ่\หน่วยที่ 10,อำเภอน้ำยืน,ตำบลยางใหญ่,หน่วยที่ 10,election_day,4,นางสาวมิลิณ กำเนิดสิงห์,พลังประชารัฐ,#1f56a3,0
election_data\อำเภอน้ำยืน\ตำบลยางใหญ่\หน่วยที่ 10,อำเภอน้ำยืน,ตำบลยางใหญ่,หน่วยที่ 10,election_day,5,นายสิโรตม์ แสนทวีสุข,ประชาชน,#f47933,1
election_data\อำเภอน้ำยืน\ตำบลยางใหญ่\หน่วยที่ 10,อำเภอน้ำยืน,ตำบลยางใหญ่,หน่วยที่ 10,election_day,6,นายยิ่ง ภูผา,ประชาธิปัตย์,#00a2e8,0
election_data\อำเภอน้ำยืน\ตำบลยางใหญ่\หน่วยที่ 11,อำเภอน้ำยืน,ตำบลยางใหญ่,หน่วยที่ 11,election_day,1,นายเกษม ฉิมพลี,ภูมิใจไทย,#212b6b,2
election_data\อำเภอน้ำยืน\ตำบลยางใหญ่\หน่วยที่ 11,อำเภอน้ำยืน,ตำบลยางใหญ่,หน่วยที่ 11,election_day,2,นายสมศักดิ์ บุญประชม,เพื่อไทรวมพลัง,#ff66cc,216
election_data\อำเภอน้ำยืน\ตำบลยางใหญ่\หน่วยที่ 11,อำเภอน้ำยืน,ตำบลยางใหญ่,หน่วยที่ 11,election_day,3,นายวัชรพล เชื้อคง,เพื่อไทย,#e0002b,4
election_data\อำเภอน้ำยืน\ตำบลยางใหญ่\หน่วยที่ 11,อำเภอน้ำยืน,ตำบลยางใหญ่,หน่วยที่ 11,election_day,4,นางสาวมิลิณ กำเนิดสิงห์,พลังประชารัฐ,#1f56a3,1
election_data\อำเภอน้ำยืน\ตำบลยางใหญ่\หน่วยที่ 11,อำเภอน้ำยืน,ตำบลยางใหญ่,หน่วยที่ 11,election_day,5,นายสิโรตม์ แสนทวีสุข,ประชาชน,#f47933,10
election_data\อำเภอน้ำยืน\ตำบลยางใหญ่\หน่วยที่ 11,อำเภอน้ำยืน,ตำบลยางใหญ่,หน่วยที่ 11,election_day,6,นายยิ่ง ภูผา,ประชาธิปัตย์,#00a2e8,0
election_data\อำเภอน้ำยืน\ตำบลยางใหญ่\หน่วยที่ 12,อำเภอน้ำยืน,ตำบลยางใหญ่,หน่วยที่ 12,election_day,1,นายเกษม ฉิมพลี,ภูมิใจไทย,#212b6b,6
election_data\อำเภอน้ำยืน\ตำบลยางใหญ่\หน่วยที่ 12,อำเภอน้ำยืน,ตำบลยางใหญ่,หน่วยที่ 12,election_day,2,นายสมศักดิ์ บุญประชม,เพื่อไทรวมพลัง,#ff66cc,169
election_data\อำเภอน้ำยืน\ตำบลยางใหญ่\หน่วยที่ 12,อำเภอน้ำยืน,ตำบลยางใหญ่,หน่วยที่ 12,election_day,3,นายวัชรพล เชื้อคง,เพื่อไทย,#e0002b,9
election_data\อำเภอน้ำยืน\ตำบลยางใหญ่\หน่วยที่ 12,อำเภอน้ำยืน,ตำบลยางใหญ่,หน่วยที่ 12,election_day,4,นางสาวมิลิณ กำเนิดสิงห์,พลังประชารัฐ,#1f56a3,0
election_data\อำเภอน้ำยืน\ตำบลยางใหญ่\หน่วยที่ 12,อำเภอน้ำยืน,ตำบลยางใหญ่,หน่วยที่ 12,election_day,5,นายสิโรตม์ แสนทวีสุข,ประชาชน,#f47933,7
election_data\อำเภอน้ำยืน\ตำบลยางใหญ่\หน่วยที่ 12,อำเภอน้ำยืน,ตำบลยางใหญ่,หน่วยที่ 12,election_day,6,นายยิ่ง ภูผา,ประชาธิปัตย์,#00a2e8,0
election_data\อำเภอน้ำยืน\ตำบลยางใหญ่\หน่วยที่ 2,อำเภอน้ำยืน,ตำบลยางใหญ่,หน่วยที่ 2,election_day,1,นายเกษม ฉิมพลี,ภูมิใจไทย,#212b6b,4
election_data\อำเภอน้ำยืน\ตำบลยางใหญ่\หน่วยที่ 2,อำเภอน้ำยืน,ตำบลยางใหญ่,หน่วยที่ 2,election_day,2,นายสมศักดิ์ บุญประชม,เพื่อไทรวมพลัง,#ff66cc,135
election_data\อำเภอน้ำยืน\ตำบลยางใหญ่\หน่วยที่ 2,อำเภอน้ำยืน,ตำบลยางใหญ่,หน่วยที่ 2,election_day,3,นายวัชรพล เชื้อคง,เพื่อไทย,#e0002b,29
election_data\อำเภอน้ำยืน\ตำบลยางใหญ่\หน่วยที่ 2,อำเภอน้ำยืน,ตำบลยางใหญ่,หน่วยที่ 2,election_day,4,นางสาวมิลิณ กำเนิดสิงห์,พลังประชารัฐ,#1f56a3,4
election_data\อำเภอน้ำยืน\ตำบลยางใหญ่\หน่วยที่ 2,อำเภอน้ำยืน,ตำบลยางใหญ่,หน่วยที่ 2,election_day,5,นายสิโรตม์ แสนทวีสุข,ประชาชน,#f47933,12
election_data\อำเภอน้ำยืน\ตำบลยางใหญ่\หน่วยที่ 2,อำเภอน้ำยืน,ตำบลยางใหญ่,หน่วยที่ 2,election_day,6,นายยิ่ง ภูผา,ประชาธิปัตย์,#00a2e8,1
election_data\อำเภอน้ำยืน\ตำบลยางใหญ่\หน่วยที่ 3,อำเภอน้ำยืน,ตำบลยางใหญ่,หน่วยที่ 3,election_day,1,นายเกษม ฉิมพลี,ภูมิใจไทย,#212b6b,9
election_data\อำเภอน้ำยืน\ตำบลยางใหญ่\หน่วยที่ 3,อำเภอน้ำยืน,ตำบลยางใหญ่,หน่วยที่ 3,election_day,2,นายสมศักดิ์ บุญประชม,เพื่อไทรวมพลัง,#ff66cc,224
election_data\อำเภอน้ำยืน\ตำบลยางใหญ่\หน่วยที่ 3,อำเภอน้ำยืน,ตำบลยางใหญ่,หน่วยที่ 3,election_day,3,นายวัชรพล เชื้อคง,เพื่อไทย,#e0002b,21
election_data\อำเภอน้ำยืน\ตำบลยางใหญ่\หน่วยที่ 3,อำเภอน้ำยืน,ตำบลยางใหญ่,หน่วยที่ 3,election_day,4,นางสาวมิลิณ กำเนิดสิงห์,พลังประชารัฐ,#1f56a3,1
election_data\อำเภอน้ำยืน\ตำบลยางใหญ่\หน่วยที่ 3,อำเภอน้ำยืน,ตำบลยางใหญ่,หน่วยที่ 3,election_day,5,นายสิโรตม์ แสนทวีสุข,ประชาชน,#f47933,11
election_data\อำเภอน้ำยืน\ตำบลยางใหญ่\หน่วยที่ 3,อำเภอน้ำยืน,ตำบลยางใหญ่,หน่วยที่ 3,election_day,6,นายยิ่ง ภูผา,ประชาธิปัตย์,#00a2e8,0
election_data\อำเภอน้ำยืน\ตำบลยางใหญ่\หน่วยที่ 4,อำเภอน้ำยืน,ตำบลยางใหญ่,หน่วยที่ 4,election_day,1,นายเกษม ฉิมพลี,ภูมิใจไทย,#212b6b,0
election_data\อำเภอน้ำยืน\ตำบลยางใหญ่\หน่วยที่ 4,อำเภอน้ำยืน,ตำบลยางใหญ่,หน่วยที่ 4,election_day,2,นายสมศักดิ์ บุญประชม,เพื่อไทรวมพลัง,#ff66cc,165
election_data\อำเภอน้ำยืน\ตำบลยางใหญ่\หน่วยที่ 4,อำเภอน้ำยืน,ตำบลยางใหญ่,หน่วยที่ 4,election_day,3,นายวัชรพล เชื้อคง,เพื่อไทย,#e0002b,20
election_data\อำเภอน้ำยืน\ตำบลยางใหญ่\หน่วยที่ 4,อำเภอน้ำยืน,ตำบลยางใหญ่,หน่วยที่ 4,election_day,4,นางสาวมิลิณ กำเนิดสิงห์,พลังประชารัฐ,#1f56a3,0
election_data\อำเภอน้ำยืน\ตำบลยางใหญ่\หน่วยที่ 4,อำเภอน้ำยืน,ตำบลยางใหญ่,หน่วยที่ 4,election_day,5,นายสิโรตม์ แสนทวีสุข,ประชาชน,#f47933,6
election_data\อำเภอน้ำยืน\ตำบลยางใหญ่\หน่วยที่ 4,อำเภอน้ำยืน,ตำบลยางใหญ่,หน่วยที่ 4,election_day,6,นายยิ่ง ภูผา,ประชาธิปัตย์,#00a2e8,0
election_data\อำเภอน้ำยืน\ตำบลยางใหญ่\หน่วยที่ 5,อำเภอน้ำยืน,ตำบลยางใหญ่,หน่วยที่ 5,election_day,1,นายเกษม ฉิมพลี,ภูมิใจไทย,#212b6b,5
election_data\อำเภอน้ำยืน\ตำบลยางใหญ่\หน่วยที่ 5,อำเภอน้ำยืน,ตำบลยางใหญ่,หน่วยที่ 5,election_day,2,นายสมศักดิ์ บุญประชม,เพื่อไทรวมพลัง,#ff66cc,251
election_data\อำเภอน้ำยืน\ตำบลยางใหญ่\หน่วยที่ 5,อำเภอน้ำยืน,ตำบลยางใหญ่,หน่วยที่ 5,election_day,3,นายวัชรพล เชื้อคง,เพื่อไทย,#e0002b,1
election_data\อำเภอน้ำยืน\ตำบลยางใหญ่\หน่วยที่ 5,อำเภอน้ำยืน,ตำบลยางใหญ่,หน่วยที่ 5,election_day,4,นางสาวมิลิณ กำเนิดสิงห์,พลังประชารัฐ,#1f56a3,0
election_data\อำเภอน้ำยืน\ตำบลยางใหญ่\หน่วยที่ 5,อำเภอน้ำยืน,ตำบลยางใหญ่,หน่วยที่ 5,election_day,5,นายสิโรตม์ แสนทวีสุข,ประชาชน,#f47933,15
election_data\อำเภอน้ำยืน\ตำบลยางใหญ่\หน่วยที่ 5,อำเภอน้ำยืน,ตำบลยางใหญ่,หน่วยที่ 5,election_day,6,นายยิ่ง ภูผา,ประชาธิปัตย์,#00a2e8,2
election_data\อำเภอน้ำยืน\ตำบลยางใหญ่\หน่วยที่ 6,อำเภอน้ำยืน,ตำบลยางใหญ่,หน่วยที่ 6,election_day,1,นายเกษม ฉิมพลี,ภูมิใจไทย,#212b6b,1
election_data\อำเภอน้ำยืน\ตำบลยางใหญ่\หน่วยที่ 6,อำเภอน้ำยืน,ตำบลยางใหญ่,หน่วยที่ 6,election_day,2,นายสมศักดิ์ บุญประชม,เพื่อไทรวมพลัง,#ff66cc,154
election_data\อำเภอน้ำยืน\ตำบลยางใหญ่\หน่วยที่ 6,อำเภอน้ำยืน,ตำบลยางใหญ่,หน่วยที่ 6,election_day,3,นายวัชรพล เชื้อคง,เพื่อไทย,#e0002b,4
election_data\อำเภอน้ำยืน\ตำบลยางใหญ่\หน่วยที่ 6,อำเภอน้ำยืน,ตำบลยางใหญ่,หน่วยที่ 6,election_day,4,นางสาวมิลิณ กำเนิดสิงห์,พลังประชารัฐ,#1f56a3,5
election_data\อำเภอน้ำยืน\ตำบลยางใหญ่\หน่วยที่ 6,อำเภอน้ำยืน,ตำบลยางใหญ่,หน่วยที่ 6,election_day,5,นายสิโรตม์ แสนทวีสุข,ประชาชน,#f47933,5
election_data\อำเภอน้ำยืน\ตำบลยางใหญ่\หน่วยที่ 6,อำเภอน้ำยืน,ตำบลยางใหญ่,หน่วยที่ 6,election_day,6,นายยิ่ง ภูผา,ประชาธิปัตย์,#00a2e8,0
election_data\อำเภอน้ำยืน\ตำบลยางใหญ่\หน่วยที่ 7,อำเภอน้ำยืน,ตำบลยางใหญ่,หน่วยที่ 7,election_day,1,นายเกษม ฉิมพลี,ภูมิใจไทย,#212b6b,4
election_data\อำเภอน้ำยืน\ตำบลยางใหญ่\หน่วยที่ 7,อำเภอน้ำยืน,ตำบลยางใหญ่,หน่วยที่ 7,election_day,2,นายสมศักดิ์ บุญประชม,เพื่อไทรวมพลัง,#ff66cc,136
election_data\อำเภอน้ำยืน\ตำบลยางใหญ่\หน่วยที่ 7,อำเภอน้ำยืน,ตำบลยางใหญ่,หน่วยที่ 7,election_day,3,นายวัชรพล เชื้อคง,เพื่อไทย,#e0002b,1
election_data\อำเภอน้ำยืน\ตำบลยางใหญ่\หน่วยที่ 7,อำเภอน้ำยืน,ตำบลยางใหญ่,หน่วยที่ 7,election_day,4,นางสาวมิลิณ กำเนิดสิงห์,พลังประชารัฐ,#1f56a3,0
election_data\อำเภอน้ำยืน\ตำบลยางใหญ่\หน่วยที่ 7,อำเภอน้ำยืน,ตำบลยางใหญ่,หน่วยที่ 7,election_day,5,นายสิโรตม์ แสนทวีสุข,ประชาชน,#f47933,16
election_data\อำเภอน้ำยืน\ตำบลยางใหญ่\หน่วยที่ 7,อำเภอน้ำยืน,ตำบลยางใหญ่,หน่วยที่ 7,election_day,6,นายยิ่ง ภูผา,ประชาธิปัตย์,#00a2e8,2
election_data\อำเภอน้ำยืน\ตำบลยางใหญ่\หน่วยที่ 8,อำเภอน้ำยืน,ตำบลยางใหญ่,หน่วยที่ 8,election_day,1,นายเกษม ฉิมพลี,ภูมิใจไทย,#212b6b,4
election_data\อำเภอน้ำยืน\ตำบลยางใหญ่\หน่วยที่ 8,อำเภอน้ำยืน,ตำบลยางใหญ่,หน่วยที่ 8,election_day,2,นายสมศักดิ์ บุญประชม,เพื่อไทรวมพลัง,#ff66cc,105
election_data\อำเภอน้ำยืน\ตำบลยางใหญ่\หน่วยที่ 8,อำเภอน้ำยืน,ตำบลยางใหญ่,หน่วยที่ 8,election_day,3,นายวัชรพล เชื้อคง,เพื่อไทย,#e0002b,0
election_data\อำเภอน้ำยืน\ตำบลยางใหญ่\หน่วยที่ 8,อำเภอน้ำยืน,ตำบลยางใหญ่,หน่วยที่ 8,election_day,4,นางสาวมิลิณ กำเนิดสิงห์,พลังประชารัฐ,#1f56a3,2
election_data\อำเภอน้ำยืน\ตำบลยางใหญ่\หน่วยที่ 8,อำเภอน้ำยืน,ตำบลยางใหญ่,หน่วยที่ 8,election_day,5,นายสิโรตม์ แสนทวีสุข,ประชาชน,#f47933,0
election_data\อำเภอน้ำยืน\ตำบลยางใหญ่\หน่วยที่ 8,อำเภอน้ำยืน,ตำบลยางใหญ่,หน่วยที่ 8,election_day,6,นายยิ่ง ภูผา,ประชาธิปัตย์,#00a2e8,0
election_data\อำเภอน้ำยืน\ตำบลยางใหญ่\หน่วยที่ 9,อำเภอน้ำยืน,ตำบลยางใหญ่,หน่วยที่ 9,election_day,1,นายเกษม ฉิมพลี,ภูมิใจไทย,#212b6b,1
election_data\อำเภอน้ำยืน\ตำบลยางใหญ่\หน่วยที่ 9,อำเภอน้ำยืน,ตำบลยางใหญ่,หน่วยที่ 9,election_day,2,นายสมศักดิ์ บุญประชม,เพื่อไทรวมพลัง,#ff66cc,173
election_data\อำเภอน้ำยืน\ตำบลยางใหญ่\หน่วยที่ 9,อำเภอน้ำยืน,ตำบลยางใหญ่,หน่วยที่ 9,election_day,3,นายวัชรพล เชื้อคง,เพื่อไทย,#e0002b,18
election_data\อำเภอน้ำยืน\ตำบลยางใหญ่\หน่วยที่ 9,อำเภอน้ำยืน,ตำบลยางใหญ่,หน่วยที่ 9,election_day,4,นางสาวมิลิณ กำเนิดสิงห์,พลังประชารัฐ,#1f56a3,0
election_data\อำเภอน้ำยืน\ตำบลยางใหญ่\หน่วยที่ 9,อำเภอน้ำยืน,ตำบลยางใหญ่,หน่วยที่ 9,election_day,5,นายสิโรตม์ แสนทวีสุข,ประชาชน,#f47933,0
election_data\อำเภอน้ำยืน\ตำบลยางใหญ่\หน่วยที่ 9,อำเภอน้ำยืน,ตำบลยางใหญ่,หน่วยที่ 9,election_day,6,นายยิ่ง ภูผา,ประชาธิปัตย์,#00a2e8,0
election_data\อำเภอน้ำยืน\ตำบลสีวิเชียร\หน่วยที่ 1,อำเภอน้ำยืน,ตำบลสีวิเชียร,หน่วยที่ 1,election_day,1,นายเกษม ฉิมพลี,ภูมิใจไทย,#212b6b,0
election_data\อำเภอน้ำยืน\ตำบลสีวิเชียร\หน่วยที่ 1,อำเภอน้ำยืน,ตำบลสีวิเชียร,หน่วยที่ 1,election_day,2,นายสมศักดิ์ บุญประชม,เพื่อไทรวมพลัง,#ff66cc,289
election_data\อำเภอน้ำยืน\ตำบลสีวิเชียร\หน่วยที่ 1,อำเภอน้ำยืน,ตำบลสีวิเชียร,หน่วยที่ 1,election_day,3,นายวัชรพล เชื้อคง,เพื่อไทย,#e0002b,1
election_data\อำเภอน้ำยืน\ตำบลสีวิเชียร\หน่วยที่ 1,อำเภอน้ำยืน,ตำบลสีวิเชียร,หน่วยที่ 1,election_day,4,นางสาวมิลิณ กำเนิดสิงห์,พลังประชารัฐ,#1f56a3,0
election_data\อำเภอน้ำยืน\ตำบลสีวิเชียร\หน่วยที่ 1,อำเภอน้ำยืน,ตำบลสีวิเชียร,หน่วยที่ 1,election_day,5,นายสิโรตม์ แสนทวีสุข,ประชาชน,#f47933,21
election_data\อำเภอน้ำยืน\ตำบลสีวิเชียร\หน่วยที่ 1,อำเภอน้ำยืน,ตำบลสีวิเชียร,หน่วยที่ 1,election_day,6,นายยิ่ง ภูผา,ประชาธิปัตย์,#00a2e8,0
election_data\อำเภอน้ำยืน\ตำบลสีวิเชียร\หน่วยที่ 10,อำเภอน้ำยืน,ตำบลสีวิเชียร,หน่วยที่ 10,election_day,1,นายเกษม ฉิมพลี,ภูมิใจไทย,#212b6b,7
election_data\อำเภอน้ำยืน\ตำบลสีวิเชียร\หน่วยที่ 10,อำเภอน้ำยืน,ตำบลสีวิเชียร,หน่วยที่ 10,election_day,2,นายสมศักดิ์ บุญประชม,เพื่อไทรวมพลัง,#ff66cc,257
election_data\อำเภอน้ำยืน\ตำบลสีวิเชียร\หน่วยที่ 10,อำเภอน้ำยืน,ตำบลสีวิเชียร,หน่วยที่ 10,election_day,3,นายวัชรพล เชื้อคง,เพื่อไทย,#e0002b,25
election_data\อำเภอน้ำยืน\ตำบลสีวิเชียร\หน่วยที่ 10,อำเภอน้ำยืน,ตำบลสีวิเชียร,หน่วยที่ 10,election_day,4,นางสาวมิลิณ กำเนิดสิงห์,พลังประชารัฐ,#1f56a3,1
election_data\อำเภอน้ำยืน\ตำบลสีวิเชียร\หน่วยที่ 10,อำเภอน้ำยืน,ตำบลสีวิเชียร,หน่วยที่ 10,election_day,5,นายสิโรตม์ แสนทวีสุข,ประชาชน,#f47933,17
election_data\อำเภอน้ำยืน\ตำบลสีวิเชียร\หน่วยที่ 10,อำเภอน้ำยืน,ตำบลสีวิเชียร,หน่วยที่ 10,election_day,6,นายยิ่ง ภูผา,ประชาธิปัตย์,#00a2e8,4
election_data\อำเภอน้ำยืน\ตำบลสีวิเชียร\หน่วยที่ 11,อำเภอน้ำยืน,ตำบลสีวิเชียร,หน่วยที่ 11,election_day,1,นายเกษม ฉิมพลี,ภูมิใจไทย,#212b6b,4
election_data\อำเภอน้ำยืน\ตำบลสีวิเชียร\หน่วยที่ 11,อำเภอน้ำยืน,ตำบลสีวิเชียร,หน่วยที่ 11,election_day,2,นายสมศักดิ์ บุญประชม,เพื่อไทรวมพลัง,#ff66cc,165
election_data\อำเภอน้ำยืน\ตำบลสีวิเชียร\หน่วยที่ 11,อำเภอน้ำยืน,ตำบลสีวิเชียร,หน่วยที่ 11,election_day,3,นายวัชรพล เชื้อคง,เพื่อไทย,#e0002b,4
election_data\อำเภอน้ำยืน\ตำบลสีวิเชียร\หน่วยที่ 11,อำเภอน้ำยืน,ตำบลสีวิเชียร,หน่วยที่ 11,election_day,4,นางสาวมิลิณ กำเนิดสิงห์,พลังประชารัฐ,#1f56a3,4
election_data\อำเภอน้ำยืน\ตำบลสีวิเชียร\หน่วยที่ 11,อำเภอน้ำยืน,ตำบลสีวิเชียร,หน่วยที่ 11,election_day,5,นายสิโรตม์ แสนทวีสุข,ประชาชน,#f47933,9
election_data\อำเภอน้ำยืน\ตำบลสีวิเชียร\หน่วยที่ 11,อำเภอน้ำยืน,ตำบลสีวิเชียร,หน่วยที่ 11,election_day,6,นายยิ่ง ภูผา,ประชาธิปัตย์,#00a2e8,6
election_data\อำเภอน้ำยืน\ตำบลสีวิเชียร\หน่วยที่ 12,อำเภอน้ำยืน,ตำบลสีวิเชียร,หน่วยที่ 12,election_day,1,นายเกษม ฉิมพลี,ภูมิใจไทย,#212b6b,0
election_data\อำเภอน้ำยืน\ตำบลสีวิเชียร\หน่วยที่ 12,อำเภอน้ำยืน,ตำบลสีวิเชียร,หน่วยที่ 12,election_day,2,นายสมศักดิ์ บุญประชม,เพื่อไทรวมพลัง,#ff66cc,149
election_data\อำเภอน้ำยืน\ตำบลสีวิเชียร\หน่วยที่ 12,อำเภอน้ำยืน,ตำบลสีวิเชียร,หน่วยที่ 12,election_day,3,นายวัชรพล เชื้อคง,เพื่อไทย,#e0002b,5
election_data\อำเภอน้ำยืน\ตำบลสีวิเชียร\หน่วยที่ 12,อำเภอน้ำยืน,ตำบลสีวิเชียร,หน่วยที่ 12,election_day,4,นางสาวมิลิณ กำเนิดสิงห์,พลังประชารัฐ,#1f56a3,1
election_data\อำเภอน้ำยืน\ตำบลสีวิเชียร\หน่วยที่ 12,อำเภอน้ำยืน,ตำบลสีวิเชียร,หน่วยที่ 12,election_day,5,นายสิโรตม์ แสนทวีสุข,ประชาชน,#f47933,4
election_data\อำเภอน้ำยืน\ตำบลสีวิเชียร\หน่วยที่ 12,อำเภอน้ำยืน,ตำบลสีวิเชียร,หน่วยที่ 12,election_day,6,นายยิ่ง ภูผา,ประชาธิปัตย์,#00a2e8,0
election_data\อำเภอน้ำยืน\ตำบลสีวิเชียร\หน่วยที่ 13,อำเภอน้ำยืน,ตำบลสีวิเชียร,หน่วยที่ 13,election_day,1,นายเกษม ฉิมพลี,ภูมิใจไทย,#212b6b,2
election_data\อำเภอน้ำยืน\ตำบลสีวิเชียร\หน่วยที่ 13,อำเภอน้ำยืน,ตำบลสีวิเชียร,หน่วยที่ 13,election_day,2,นายสมศักดิ์ บุญประชม,เพื่อไทรวมพลัง,#ff66cc,283
election_data\อำเภอน้ำยืน\ตำบลสีวิเชียร\หน่วยที่ 13,อำเภอน้ำยืน,ตำบลสีวิเชียร,หน่วยที่ 13,election_day,3,นายวัชรพล เชื้อคง,เพื่อไทย,#e0002b,17
election_data\อำเภอน้ำยืน\ตำบลสีวิเชียร\หน่วยที่ 13,อำเภอน้ำยืน,ตำบลสีวิเชียร,หน่วยที่ 13,election_day,4,นางสาวมิลิณ กำเนิดสิงห์,พลังประชารัฐ,#1f56a3,0
election_data\อำเภอน้ำยืน\ตำบลสีวิเชียร\หน่วยที่ 13,อำเภอน้ำยืน,ตำบลสีวิเชียร,หน่วยที่ 13,election_day,5,นายสิโรตม์ แสนทวีสุข,ประชาชน,#f47933,0
election_data\อำเภอน้ำยืน\ตำบลสีวิเชียร\หน่วยที่ 13,อำเภอน้ำยืน,ตำบลสีวิเชียร,หน่วยที่ 13,election_day,6,นายยิ่ง ภูผา,ประชาธิปัตย์,#00a2e8,0
election_data\อำเภอน้ำยืน\ตำบลสีวิเชียร\หน่วยที่ 14,อำเภอน้ำยืน,ตำบลสีวิเชียร,หน่วยที่ 14,election_day,1,นายเกษม ฉิมพลี,ภูมิใจไทย,#212b6b,3
election_data\อำเภอน้ำยืน\ตำบลสีวิเชียร\หน่วยที่ 14,อำเภอน้ำยืน,ตำบลสีวิเชียร,หน่วยที่ 14,election_day,2,นายสมศักดิ์ บุญประชม,เพื่อไทรวมพลัง,#ff66cc,145
election_data\อำเภอน้ำยืน\ตำบลสีวิเชียร\หน่วยที่ 14,อำเภอน้ำยืน,ตำบลสีวิเชียร,หน่วยที่ 14,election_day,3,นายวัชรพล เชื้อคง,เพื่อไทย,#e0002b,1
election_data\อำเภอน้ำยืน\ตำบลสีวิเชียร\หน่วยที่ 14,อำเภอน้ำยืน,ตำบลสีวิเชียร,หน่วยที่ 14,election_day,4,นางสาวมิลิณ กำเนิดสิงห์,พลังประชารัฐ,#1f56a3,1
election_data\อำเภอน้ำยืน\ตำบลสีวิเชียร\หน่วยที่ 14,อำเภอน้ำยืน,ตำบลสีวิเชียร,หน่วยที่ 14,election_day,5,นายสิโรตม์ แสนทวีสุข,ประชาชน,#f47933,7
election_data\อำเภอน้ำยืน\ตำบลสีวิเชียร\หน่วยที่ 14,อำเภอน้ำยืน,ตำบลสีวิเชียร,หน่วยที่ 14,election_day,6,นายยิ่ง ภูผา,ประชาธิปัตย์,#00a2e8,0
election_data\อำเภอน้ำยืน\ตำบลสีวิเชียร\หน่วยที่ 15,อำเภอน้ำยืน,ตำบลสีวิเชียร,หน่วยที่ 15,election_day,1,นายเกษม ฉิมพลี,ภูมิใจไทย,#212b6b,4
election_data\อำเภอน้ำยืน\ตำบลสีวิเชียร\หน่วยที่ 15,อำเภอน้ำยืน,ตำบลสีวิเชียร,หน่วยที่ 15,election_day,2,นายสมศักดิ์ บุญประชม,เพื่อไทรวมพลัง,#ff66cc,339
election_data\อำเภอน้ำยืน\ตำบลสีวิเชียร\หน่วยที่ 15,อำเภอน้ำยืน,ตำบลสีวิเชียร,หน่วยที่ 15,election_day,3,นายวัชรพล เชื้อคง,เพื่อไทย,#e0002b,13
election_data\อำเภอน้ำยืน\ตำบลสีวิเชียร\หน่วยที่ 15,อำเภอน้ำยืน,ตำบลสีวิเชียร,หน่วยที่ 15,election_day,4,นางสาวมิลิณ กำเนิดสิงห์,พลังประชารัฐ,#1f56a3,1
election_data\อำเภอน้ำยืน\ตำบลสีวิเชียร\หน่วยที่ 15,อำเภอน้ำยืน,ตำบลสีวิเชียร,หน่วยที่ 15,election_day,5,นายสิโรตม์ แสนทวีสุข,ประชาชน,#f47933,7
election_data\อำเภอน้ำยืน\ตำบลสีวิเชียร\หน่วยที่ 15,อำเภอน้ำยืน,ตำบลสีวิเชียร,หน่วยที่ 15,election_day,6,นายยิ่ง ภูผา,ประชาธิปัตย์,#00a2e8,0
election_data\อำเภอน้ำยืน\ตำบลสีวิเชียร\หน่วยที่ 2,อำเภอน้ำยืน,ตำบลสีวิเชียร,หน่วยที่ 2,election_day,1,นายเกษม ฉิมพลี,ภูมิใจไทย,#212b6b,4
election_data\อำเภอน้ำยืน\ตำบลสีวิเชียร\หน่วยที่ 2,อำเภอน้ำยืน,ตำบลสีวิเชียร,หน่วยที่ 2,election_day,2,นายสมศักดิ์ บุญประชม,เพื่อไทรวมพลัง,#ff66cc,411
election_data\อำเภอน้ำยืน\ตำบลสีวิเชียร\หน่วยที่ 2,อำเภอน้ำยืน,ตำบลสีวิเชียร,หน่วยที่ 2,election_day,3,นายวัชรพล เชื้อคง,เพื่อไทย,#e0002b,3
election_data\อำเภอน้ำยืน\ตำบลสีวิเชียร\หน่วยที่ 2,อำเภอน้ำยืน,ตำบลสีวิเชียร,หน่วยที่ 2,election_day,4,นางสาวมิลิณ กำเนิดสิงห์,พลังประชารัฐ,#1f56a3,4
election_data\อำเภอน้ำยืน\ตำบลสีวิเชียร\หน่วยที่ 2,อำเภอน้ำยืน,ตำบลสีวิเชียร,หน่วยที่ 2,election_day,5,นายสิโรตม์ แสนทวีสุข,ประชาชน,#f47933,27
election_data\อำเภอน้ำยืน\ตำบลสีวิเชียร\หน่วยที่ 2,อำเภอน้ำยืน,ตำบลสีวิเชียร,หน่วยที่ 2,election_day,6,นายยิ่ง ภูผา,ประชาธิปัตย์,#00a2e8,4
election_data\อำเภอน้ำยืน\ตำบลสีวิเชียร\หน่วยที่ 3,อำเภอน้ำยืน,ตำบลสีวิเชียร,หน่วยที่ 3,election_day,1,นายเกษม ฉิมพลี,ภูมิใจไทย,#212b6b,6
election_data\อำเภอน้ำยืน\ตำบลสีวิเชียร\หน่วยที่ 3,อำเภอน้ำยืน,ตำบลสีวิเชียร,หน่วยที่ 3,election_day,2,นายสมศักดิ์ บุญประชม,เพื่อไทรวมพลัง,#ff66cc,244
election_data\อำเภอน้ำยืน\ตำบลสีวิเชียร\หน่วยที่ 3,อำเภอน้ำยืน,ตำบลสีวิเชียร,หน่วยที่ 3,election_day,3,นายวัชรพล เชื้อคง,เพื่อไทย,#e0002b,13
election_data\อำเภอน้ำยืน\ตำบลสีวิเชียร\หน่วยที่ 3,อำเภอน้ำยืน,ตำบลสีวิเชียร,หน่วยที่ 3,election_day,4,นางสาวมิลิณ กำเนิดสิงห์,พลังประชารัฐ,#1f56a3,0
election_data\อำเภอน้ำยืน\ตำบลสีวิเชียร\หน่วยที่ 3,อำเภอน้ำยืน,ตำบลสีวิเชียร,หน่วยที่ 3,election_day,5,นายสิโรตม์ แสนทวีสุข,ประชาชน,#f47933,12
election_data\อำเภอน้ำยืน\ตำบลสีวิเชียร\หน่วยที่ 3,อำเภอน้ำยืน,ตำบลสีวิเชียร,หน่วยที่ 3,election_day,6,นายยิ่ง ภูผา,ประชาธิปัตย์,#00a2e8,1
election_data\อำเภอน้ำยืน\ตำบลสีวิเชียร\หน่วยที่ 4,อำเภอน้ำยืน,ตำบลสีวิเชียร,หน่วยที่ 4,election_day,1,นายเกษม ฉิมพลี,ภูมิใจไทย,#212b6b,3
election_data\อำเภอน้ำยืน\ตำบลสีวิเชียร\หน่วยที่ 4,อำเภอน้ำยืน,ตำบลสีวิเชียร,หน่วยที่ 4,election_day,2,นายสมศักดิ์ บุญประชม,เพื่อไทรวมพลัง,#ff66cc,434
election_data\อำเภอน้ำยืน\ตำบลสีวิเชียร\หน่วยที่ 4,อำเภอน้ำยืน,ตำบลสีวิเชียร,หน่วยที่ 4,election_day,3,นายวัชรพล เชื้อคง,เพื่อไทย,#e0002b,6
election_data\อำเภอน้ำยืน\ตำบลสีวิเชียร\หน่วยที่ 4,อำเภอน้ำยืน,ตำบลสีวิเชียร,หน่วยที่ 4,election_day,4,นางสาวมิลิณ กำเนิดสิงห์,พลังประชารัฐ,#1f56a3,1
election_data\อำเภอน้ำยืน\ตำบลสีวิเชียร\หน่วยที่ 4,อำเภอน้ำยืน,ตำบลสีวิเชียร,หน่วยที่ 4,election_day,5,นายสิโรตม์ แสนทวีสุข,ประชาชน,#f47933,28
election_data\อำเภอน้ำยืน\ตำบลสีวิเชียร\หน่วยที่ 4,อำเภอน้ำยืน,ตำบลสีวิเชียร,หน่วยที่ 4,election_day,6,นายยิ่ง ภูผา,ประชาธิปัตย์,#00a2e8,0
election_data\อำเภอน้ำยืน\ตำบลสีวิเชียร\หน่วยที่ 5,อำเภอน้ำยืน,ตำบลสีวิเชียร,หน่วยที่ 5,election_day,1,นายเกษม ฉิมพลี,ภูมิใจไทย,#212b6b,5
election_data\อำเภอน้ำยืน\ตำบลสีวิเชียร\หน่วยที่ 5,อำเภอน้ำยืน,ตำบลสีวิเชียร,หน่วยที่ 5,election_day,2,นายสมศักดิ์ บุญประชม,เพื่อไทรวมพลัง,#ff66cc,302
election_data\อำเภอน้ำยืน\ตำบลสีวิเชียร\หน่วยที่ 5,อำเภอน้ำยืน,ตำบลสีวิเชียร,หน่วยที่ 5,election_day,3,นายวัชรพล เชื้อคง,เพื่อไทย,#e0002b,16
election_data\อำเภอน้ำยืน\ตำบลสีวิเชียร\หน่วยที่ 5,อำเภอน้ำยืน,ตำบลสีวิเชียร,หน่วยที่ 5,election_day,4,นางสาวมิลิณ กำเนิดสิงห์,พลังประชารัฐ,#1f56a3,0
election_data\อำเภอน้ำยืน\ตำบลสีวิเชียร\หน่วยที่ 5,อำเภอน้ำยืน,ตำบลสีวิเชียร,หน่วยที่ 5,election_day,5,นายสิโรตม์ แสนทวีสุข,ประชาชน,#f47933,19
election_data\อำเภอน้ำยืน\ตำบลสีวิเชียร\หน่วยที่ 5,อำเภอน้ำยืน,ตำบลสีวิเชียร,หน่วยที่ 5,election_day,6,นายยิ่ง ภูผา,ประชาธิปัตย์,#00a2e8,0
election_data\อำเภอน้ำยืน\ตำบลสีวิเชียร\หน่วยที่ 6,อำเภอน้ำยืน,ตำบลสีวิเชียร,หน่วยที่ 6,election_day,1,นายเกษม ฉิมพลี,ภูมิใจไทย,#212b6b,1
election_data\อำเภอน้ำยืน\ตำบลสีวิเชียร\หน่วยที่ 6,อำเภอน้ำยืน,ตำบลสีวิเชียร,หน่วยที่ 6,election_day,2,นายสมศักดิ์ บุญประชม,เพื่อไทรวมพลัง,#ff66cc,349
election_data\อำเภอน้ำยืน\ตำบลสีวิเชียร\หน่วยที่ 6,อำเภอน้ำยืน,ตำบลสีวิเชียร,หน่วยที่ 6,election_day,3,นายวัชรพล เชื้อคง,เพื่อไทย,#e0002b,13
election_data\อำเภอน้ำยืน\ตำบลสีวิเชียร\หน่วยที่ 6,อำเภอน้ำยืน,ตำบลสีวิเชียร,หน่วยที่ 6,election_day,4,นางสาวมิลิณ กำเนิดสิงห์,พลังประชารัฐ,#1f56a3,0
election_data\อำเภอน้ำยืน\ตำบลสีวิเชียร\หน่วยที่ 6,อำเภอน้ำยืน,ตำบลสีวิเชียร,หน่วยที่ 6,election_day,5,นายสิโรตม์ แสนทวีสุข,ประชาชน,#f47933,3
election_data\อำเภอน้ำยืน\ตำบลสีวิเชียร\หน่วยที่ 6,อำเภอน้ำยืน,ตำบลสีวิเชียร,หน่วยที่ 6,election_day,6,นายยิ่ง ภูผา,ประชาธิปัตย์,#00a2e8,0
election_data\อำเภอน้ำยืน\ตำบลสีวิเชียร\หน่วยที่ 7,อำเภอน้ำยืน,ตำบลสีวิเชียร,หน่วยที่ 7,election_day,1,นายเกษม ฉิมพลี,ภูมิใจไทย,#212b6b,1
election_data\อำเภอน้ำยืน\ตำบลสีวิเชียร\หน่วยที่ 7,อำเภอน้ำยืน,ตำบลสีวิเชียร,หน่วยที่ 7,election_day,2,นายสมศักดิ์ บุญประชม,เพื่อไทรวมพลัง,#ff66cc,326
election_data\อำเภอน้ำยืน\ตำบลสีวิเชียร\หน่วยที่ 7,อำเภอน้ำยืน,ตำบลสีวิเชียร,หน่วยที่ 7,election_day,3,นายวัชรพล เชื้อคง,เพื่อไทย,#e0002b,7
election_data\อำเภอน้ำยืน\ตำบลสีวิเชียร\หน่วยที่ 7,อำเภอน้ำยืน,ตำบลสีวิเชียร,หน่วยที่ 7,election_day,4,นางสาวมิลิณ กำเนิดสิงห์,พลังประชารัฐ,#1f56a3,7
election_data\อำเภอน้ำยืน\ตำบลสีวิเชียร\หน่วยที่ 7,อำเภอน้ำยืน,ตำบลสีวิเชียร,หน่วยที่ 7,election_day,5,นายสิโรตม์ แสนทวีสุข,ประชาชน,#f47933,25
election_data\อำเภอน้ำยืน\ตำบลสีวิเชียร\หน่วยที่ 7,อำเภอน้ำยืน,ตำบลสีวิเชียร,หน่วยที่ 7,election_day,6,นายยิ่ง ภูผา,ประชาธิปัตย์,#00a2e8,0
election_data\อำเภอน้ำยืน\ตำบลสีวิเชียร\หน่วยที่ 8,อำเภอน้ำยืน,ตำบลสีวิเชียร,หน่วยที่ 8,election_day,1,นายเกษม ฉิมพลี,ภูมิใจไทย,#212b6b,1
election_data\อำเภอน้ำยืน\ตำบลสีวิเชียร\หน่วยที่ 8,อำเภอน้ำยืน,ตำบลสีวิเชียร,หน่วยที่ 8,election_day,2,นายสมศักดิ์ บุญประชม,เพื่อไทรวมพลัง,#ff66cc,257
election_data\อำเภอน้ำยืน\ตำบลสีวิเชียร\หน่วยที่ 8,อำเภอน้ำยืน,ตำบลสีวิเชียร,หน่วยที่ 8,election_day,3,นายวัชรพล เชื้อคง,เพื่อไทย,#e0002b,4
election_data\อำเภอน้ำยืน\ตำบลสีวิเชียร\หน่วยที่ 8,อำเภอน้ำยืน,ตำบลสีวิเชียร,หน่วยที่ 8,election_day,4,นางสาวมิลิณ กำเนิดสิงห์,พลังประชารัฐ,#1f56a3,0
election_data\อำเภอน้ำยืน\ตำบลสีวิเชียร\หน่วยที่ 8,อำเภอน้ำยืน,ตำบลสีวิเชียร,หน่วยที่ 8,election_day,5,นายสิโรตม์ แสนทวีสุข,ประชาชน,#f47933,17
election_data\อำเภอน้ำยืน\ตำบลสีวิเชียร\หน่วยที่ 8,อำเภอน้ำยืน,ตำบลสีวิเชียร,หน่วยที่ 8,election_day,6,นายยิ่ง ภูผา,ประชาธิปัตย์,#00a2e8,1
election_data\อำเภอน้ำยืน\ตำบลสีวิเชียร\หน่วยที่ 9,อำเภอน้ำยืน,ตำบลสีวิเชียร,หน่วยที่ 9,election_day,1,นายเกษม ฉิมพลี,ภูมิใจไทย,#212b6b,5
election_data\อำเภอน้ำยืน\ตำบลสีวิเชียร\หน่วยที่ 9,อำเภอน้ำยืน,ตำบลสีวิเชียร,หน่วยที่ 9,election_day,2,นายสมศักดิ์ บุญประชม,เพื่อไทรวมพลัง,#ff66cc,254
election_data\อำเภอน้ำยืน\ตำบลสีวิเชียร\หน่วยที่ 9,อำเภอน้ำยืน,ตำบลสีวิเชียร,หน่วยที่ 9,election_day,3,นายวัชรพล เชื้อคง,เพื่อไทย,#e0002b,24
election_data\อำเภอน้ำยืน\ตำบลสีวิเชียร\หน่วยที่ 9,อำเภอน้ำยืน,ตำบลสีวิเชียร,หน่วยที่ 9,election_day,4,นางสาวมิลิณ กำเนิดสิงห์,พลังประชารัฐ,#1f56a3,0
election_data\อำเภอน้ำยืน\ตำบลสีวิเชียร\หน่วยที่ 9,อำเภอน้ำยืน,ตำบลสีวิเชียร,หน่วยที่ 9,election_day,5,นายสิโรตม์ แสนทวีสุข,ประชาชน,#f47933,8
election_data\อำเภอน้ำยืน\ตำบลสีวิเชียร\หน่วยที่ 9,อำเภอน้ำยืน,ตำบลสีวิเชียร,หน่วยที่ 9,election_day,6,นายยิ่ง ภูผา,ประชาธิปัตย์,#00a2e8,1
election_data\อำเภอน้ำยืน\ตำบลเก่าขาม\หน่วยที่ 1,อำเภอน้ำยืน,ตำบลเก่าขาม,หน่วยที่ 1,election_day,1,นายเกษม ฉิมพลี,ภูมิใจไทย,#212b6b,9
election_data\อำเภอน้ำยืน\ตำบลเก่าขาม\หน่วยที่ 1,อำเภอน้ำยืน,ตำบลเก่าขาม,หน่วยที่ 1,election_day,2,นายสมศักดิ์ บุญประชม,เพื่อไทรวมพลัง,#ff66cc,217
election_data\อำเภอน้ำยืน\ตำบลเก่าขาม\หน่วยที่ 1,อำเภอน้ำยืน,ตำบลเก่าขาม,หน่วยที่ 1,election_day,3,นายวัชรพล เชื้อคง,เพื่อไทย,#e0002b,0
election_data\อำเภอน้ำยืน\ตำบลเก่าขาม\หน่วยที่ 1,อำเภอน้ำยืน,ตำบลเก่าขาม,หน่วยที่ 1,election_day,4,นางสาวมิลิณ กำเนิดสิงห์,พลังประชารัฐ,#1f56a3,10
election_data\อำเภอน้ำยืน\ตำบลเก่าขาม\หน่วยที่ 1,อำเภอน้ำยืน,ตำบลเก่าขาม,หน่วยที่ 1,election_day,5,นายสิโรตม์ แสนทวีสุข,ประชาชน,#f47933,0
election_data\อำเภอน้ำยืน\ตำบลเก่าขาม\หน่วยที่ 1,อำเภอน้ำยืน,ตำบลเก่าขาม,หน่วยที่ 1,election_day,6,นายยิ่ง ภูผา,ประชาธิปัตย์,#00a2e8,0
election_data\อำเภอน้ำยืน\ตำบลเก่าขาม\หน่วยที่ 10,อำเภอน้ำยืน,ตำบลเก่าขาม,หน่วยที่ 10,election_day,1,นายเกษม ฉิมพลี,ภูมิใจไทย,#212b6b,6
election_data\อำเภอน้ำยืน\ตำบลเก่าขาม\หน่วยที่ 10,อำเภอน้ำยืน,ตำบลเก่าขาม,หน่วยที่ 10,election_day,2,นายสมศักดิ์ บุญประชม,เพื่อไทรวมพลัง,#ff66cc,190
election_data\อำเภอน้ำยืน\ตำบลเก่าขาม\หน่วยที่ 10,อำเภอน้ำยืน,ตำบลเก่าขาม,หน่วยที่ 10,election_day,3,นายวัชรพล เชื้อคง,เพื่อไทย,#e0002b,2
election_data\อำเภอน้ำยืน\ตำบลเก่าขาม\หน่วยที่ 10,อำเภอน้ำยืน,ตำบลเก่าขาม,หน่วยที่ 10,election_day,4,นางสาวมิลิณ กำเนิดสิงห์,พลังประชารัฐ,#1f56a3,1
election_data\อำเภอน้ำยืน\ตำบลเก่าขาม\หน่วยที่ 10,อำเภอน้ำยืน,ตำบลเก่าขาม,หน่วยที่ 10,election_day,5,นายสิโรตม์ แสนทวีสุข,ประชาชน,#f47933,0
election_data\อำเภอน้ำยืน\ตำบลเก่าขาม\หน่วยที่ 10,อำเภอน้ำยืน,ตำบลเก่าขาม,หน่วยที่ 10,election_day,6,นายยิ่ง ภูผา,ประชาธิปัตย์,#00a2e8,0
election_data\อำเภอน้ำยืน\ตำบลเก่าขาม\หน่วยที่ 11,อำเภอน้ำยืน,ตำบลเก่าขาม,หน่วยที่ 11,election_day,1,นายเกษม ฉิมพลี,ภูมิใจไทย,#212b6b,3
election_data\อำเภอน้ำยืน\ตำบลเก่าขาม\หน่วยที่ 11,อำเภอน้ำยืน,ตำบลเก่าขาม,หน่วยที่ 11,election_day,2,นายสมศักดิ์ บุญประชม,เพื่อไทรวมพลัง,#ff66cc,132
election_data\อำเภอน้ำยืน\ตำบลเก่าขาม\หน่วยที่ 11,อำเภอน้ำยืน,ตำบลเก่าขาม,หน่วยที่ 11,election_day,3,นายวัชรพล เชื้อคง,เพื่อไทย,#e0002b,4
election_data\อำเภอน้ำยืน\ตำบลเก่าขาม\หน่วยที่ 11,อำเภอน้ำยืน,ตำบลเก่าขาม,หน่วยที่ 11,election_day,4,นางสาวมิลิณ กำเนิดสิงห์,พลังประชารัฐ,#1f56a3,0
election_data\อำเภอน้ำยืน\ตำบลเก่าขาม\หน่วยที่ 11,อำเภอน้ำยืน,ตำบลเก่าขาม,หน่วยที่ 11,election_day,5,นายสิโรตม์ แสนทวีสุข,ประชาชน,#f47933,4
election_data\อำเภอน้ำยืน\ตำบลเก่าขาม\หน่วยที่ 11,อำเภอน้ำยืน,ตำบลเก่าขาม,หน่วยที่ 11,election_day,6,นายยิ่ง ภูผา,ประชาธิปัตย์,#00a2e8,0
election_data\อำเภอน้ำยืน\ตำบลเก่าขาม\หน่วยที่ 12,อำเภอน้ำยืน,ตำบลเก่าขาม,หน่วยที่ 12,election_day,1,นายเกษม ฉิมพลี,ภูมิใจไทย,#212b6b,0
election_data\อำเภอน้ำยืน\ตำบลเก่าขาม\หน่วยที่ 12,อำเภอน้ำยืน,ตำบลเก่าขาม,หน่วยที่ 12,election_day,2,นายสมศักดิ์ บุญประชม,เพื่อไทรวมพลัง,#ff66cc,152
election_data\อำเภอน้ำยืน\ตำบลเก่าขาม\หน่วยที่ 12,อำเภอน้ำยืน,ตำบลเก่าขาม,หน่วยที่ 12,election_day,3,นายวัชรพล เชื้อคง,เพื่อไทย,#e0002b,5
election_data\อำเภอน้ำยืน\ตำบลเก่าขาม\หน่วยที่ 12,อำเภอน้ำยืน,ตำบลเก่าขาม,หน่วยที่ 12,election_day,4,นางสาวมิลิณ กำเนิดสิงห์,พลังประชารัฐ,#1f56a3,0
election_data\อำเภอน้ำยืน\ตำบลเก่าขาม\หน่วยที่ 12,อำเภอน้ำยืน,ตำบลเก่าขาม,หน่วยที่ 12,election_day,5,นายสิโรตม์ แสนทวีสุข,ประชาชน,#f47933,0
election_data\อำเภอน้ำยืน\ตำบลเก่าขาม\หน่วยที่ 12,อำเภอน้ำยืน,ตำบลเก่าขาม,หน่วยที่ 12,election_day,6,นายยิ่ง ภูผา,ประชาธิปัตย์,#00a2e8,0
election_data\อำเภอน้ำยืน\ตำบลเก่าขาม\หน่วยที่ 13,อำเภอน้ำยืน,ตำบลเก่าขาม,หน่วยที่ 13,election_day,1,นายเกษม ฉิมพลี,ภูมิใจไทย,#212b6b,4
election_data\อำเภอน้ำยืน\ตำบลเก่าขาม\หน่วยที่ 13,อำเภอน้ำยืน,ตำบลเก่าขาม,หน่วยที่ 13,election_day,2,นายสมศักดิ์ บุญประชม,เพื่อไทรวมพลัง,#ff66cc,132
election_data\อำเภอน้ำยืน\ตำบลเก่าขาม\หน่วยที่ 13,อำเภอน้ำยืน,ตำบลเก่าขาม,หน่วยที่ 13,election_day,3,นายวัชรพล เชื้อคง,เพื่อไทย,#e0002b,2
election_data\อำเภอน้ำยืน\ตำบลเก่าขาม\หน่วยที่ 13,อำเภอน้ำยืน,ตำบลเก่าขาม,หน่วยที่ 13,election_day,4,นางสาวมิลิณ กำเนิดสิงห์,พลังประชารัฐ,#1f56a3,1
election_data\อำเภอน้ำยืน\ตำบลเก่าขาม\หน่วยที่ 13,อำเภอน้ำยืน,ตำบลเก่าขาม,หน่วยที่ 13,election_day,5,นายสิโรตม์ แสนทวีสุข,ประชาชน,#f47933,0
election_data\อำเภอน้ำยืน\ตำบลเก่าขาม\หน่วยที่ 13,อำเภอน้ำยืน,ตำบลเก่าขาม,หน่วยที่ 13,election_day,6,นายยิ่ง ภูผา,ประชาธิปัตย์,#00a2e8,0
election_data\อำเภอน้ำยืน\ตำบลเก่าขาม\หน่วยที่ 14,อำเภอน้ำยืน,ตำบลเก่าขาม,หน่วยที่ 14,election_day,1,นายเกษม ฉิมพลี,ภูมิใจไทย,#212b6b,4
election_data\อำเภอน้ำยืน\ตำบลเก่าขาม\หน่วยที่ 14,อำเภอน้ำยืน,ตำบลเก่าขาม,หน่วยที่ 14,election_day,2,นายสมศักดิ์ บุญประชม,เพื่อไทรวมพลัง,#ff66cc,145
election_data\อำเภอน้ำยืน\ตำบลเก่าขาม\หน่วยที่ 14,อำเภอน้ำยืน,ตำบลเก่าขาม,หน่วยที่ 14,election_day,3,นายวัชรพล เชื้อคง,เพื่อไทย,#e0002b,1
election_data\อำเภอน้ำยืน\ตำบลเก่าขาม\หน่วยที่ 14,อำเภอน้ำยืน,ตำบลเก่าขาม,หน่วยที่ 14,election_day,4,นางสาวมิลิณ กำเนิดสิงห์,พลังประชารัฐ,#1f56a3,0
election_data\อำเภอน้ำยืน\ตำบลเก่าขาม\หน่วยที่ 14,อำเภอน้ำยืน,ตำบลเก่าขาม,หน่วยที่ 14,election_day,5,นายสิโรตม์ แสนทวีสุข,ประชาชน,#f47933,6
election_data\อำเภอน้ำยืน\ตำบลเก่าขาม\หน่วยที่ 14,อำเภอน้ำยืน,ตำบลเก่าขาม,หน่วยที่ 14,election_day,6,นายยิ่ง ภูผา,ประชาธิปัตย์,#00a2e8,0
election_data\อำเภอน้ำยืน\ตำบลเก่าขาม\หน่วยที่ 2,อำเภอน้ำยืน,ตำบลเก่าขาม,หน่วยที่ 2,election_day,1,นายเกษม ฉิมพลี,ภูมิใจไทย,#212b6b,6
election_data\อำเภอน้ำยืน\ตำบลเก่าขาม\หน่วยที่ 2,อำเภอน้ำยืน,ตำบลเก่าขาม,หน่วยที่ 2,election_day,2,นายสมศักดิ์ บุญประชม,เพื่อไทรวมพลัง,#ff66cc,389
election_data\อำเภอน้ำยืน\ตำบลเก่าขาม\หน่วยที่ 2,อำเภอน้ำยืน,ตำบลเก่าขาม,หน่วยที่ 2,election_day,3,นายวัชรพล เชื้อคง,เพื่อไทย,#e0002b,15
election_data\อำเภอน้ำยืน\ตำบลเก่าขาม\หน่วยที่ 2,อำเภอน้ำยืน,ตำบลเก่าขาม,หน่วยที่ 2,election_day,4,นางสาวมิลิณ กำเนิดสิงห์,พลังประชารัฐ,#1f56a3,0
election_data\อำเภอน้ำยืน\ตำบลเก่าขาม\หน่วยที่ 2,อำเภอน้ำยืน,ตำบลเก่าขาม,หน่วยที่ 2,election_day,5,นายสิโรตม์ แสนทวีสุข,ประชาชน,#f47933,19
election_data\อำเภอน้ำยืน\ตำบลเก่าขาม\หน่วยที่ 2,อำเภอน้ำยืน,ตำบลเก่าขาม,หน่วยที่ 2,election_day,6,นายยิ่ง ภูผา,ประชาธิปัตย์,#00a2e8,0
election_data\อำเภอน้ำยืน\ตำบลเก่าขาม\หน่วยที่ 3,อำเภอน้ำยืน,ตำบลเก่าขาม,หน่วยที่ 3,election_day,1,นายเกษม ฉิมพลี,ภูมิใจไทย,#212b6b,2
election_data\อำเภอน้ำยืน\ตำบลเก่าขาม\หน่วยที่ 3,อำเภอน้ำยืน,ตำบลเก่าขาม,หน่วยที่ 3,election_day,2,นายสมศักดิ์ บุญประชม,เพื่อไทรวมพลัง,#ff66cc,181
election_data\อำเภอน้ำยืน\ตำบลเก่าขาม\หน่วยที่ 3,อำเภอน้ำยืน,ตำบลเก่าขาม,หน่วยที่ 3,election_day,3,นายวัชรพล เชื้อคง,เพื่อไทย,#e0002b,6
election_data\อำเภอน้ำยืน\ตำบลเก่าขาม\หน่วยที่ 3,อำเภอน้ำยืน,ตำบลเก่าขาม,หน่วยที่ 3,election_day,4,นางสาวมิลิณ กำเนิดสิงห์,พลังประชารัฐ,#1f56a3,7
election_data\อำเภอน้ำยืน\ตำบลเก่าขาม\หน่วยที่ 3,อำเภอน้ำยืน,ตำบลเก่าขาม,หน่วยที่ 3,election_day,5,นายสิโรตม์ แสนทวีสุข,ประชาชน,#f47933,7
election_data\อำเภอน้ำยืน\ตำบลเก่าขาม\หน่วยที่ 3,อำเภอน้ำยืน,ตำบลเก่าขาม,หน่วยที่ 3,election_day,6,นายยิ่ง ภูผา,ประชาธิปัตย์,#00a2e8,0
election_data\อำเภอน้ำยืน\ตำบลเก่าขาม\หน่วยที่ 4,อำเภอน้ำยืน,ตำบลเก่าขาม,หน่วยที่ 4,election_day,1,นายเกษม ฉิมพลี,ภูมิใจไทย,#212b6b,3
election_data\อำเภอน้ำยืน\ตำบลเก่าขาม\หน่วยที่ 4,อำเภอน้ำยืน,ตำบลเก่าขาม,หน่วยที่ 4,election_day,2,นายสมศักดิ์ บุญประชม,เพื่อไทรวมพลัง,#ff66cc,314
election_data\อำเภอน้ำยืน\ตำบลเก่าขาม\หน่วยที่ 4,อำเภอน้ำยืน,ตำบลเก่าขาม,หน่วยที่ 4,election_day,3,นายวัชรพล เชื้อคง,เพื่อไทย,#e0002b,8
election_data\อำเภอน้ำยืน\ตำบลเก่าขาม\หน่วยที่ 4,อำเภอน้ำยืน,ตำบลเก่าขาม,หน่วยที่ 4,election_day,4,นางสาวมิลิณ กำเนิดสิงห์,พลังประชารัฐ,#1f56a3,0
election_data\อำเภอน้ำยืน\ตำบลเก่าขาม\หน่วยที่ 4,อำเภอน้ำยืน,ตำบลเก่าขาม,หน่วยที่ 4,election_day,5,นายสิโรตม์ แสนทวีสุข,ประชาชน,#f47933,9
election_data\อำเภอน้ำยืน\ตำบลเก่าขาม\หน่วยที่ 4,อำเภอน้ำยืน,ตำบลเก่าขาม,หน่วยที่ 4,election_day,6,นายยิ่ง ภูผา,ประชาธิปัตย์,#00a2e8,1
election_data\อำเภอน้ำยืน\ตำบลเก่าขาม\หน่วยที่ 5,อำเภอน้ำยืน,ตำบลเก่าขาม,หน่วยที่ 5,election_day,1,นายเกษม ฉิมพลี,ภูมิใจไทย,#212b6b,6
election_data\อำเภอน้ำยืน\ตำบลเก่าขาม\หน่วยที่ 5,อำเภอน้ำยืน,ตำบลเก่าขาม,หน่วยที่ 5,election_day,2,นายสมศักดิ์ บุญประชม,เพื่อไทรวมพลัง,#ff66cc,189
election_data\อำเภอน้ำยืน\ตำบลเก่าขาม\หน่วยที่ 5,อำเภอน้ำยืน,ตำบลเก่าขาม,หน่วยที่ 5,election_day,3,นายวัชรพล เชื้อคง,เพื่อไทย,#e0002b,1
election_data\อำเภอน้ำยืน\ตำบลเก่าขาม\หน่วยที่ 5,อำเภอน้ำยืน,ตำบลเก่าขาม,หน่วยที่ 5,election_day,4,นางสาวมิลิณ กำเนิดสิงห์,พลังประชารัฐ,#1f56a3,1
election_data\อำเภอน้ำยืน\ตำบลเก่าขาม\หน่วยที่ 5,อำเภอน้ำยืน,ตำบลเก่าขาม,หน่วยที่ 5,election_day,5,นายสิโรตม์ แสนทวีสุข,ประชาชน,#f47933,6
election_data\อำเภอน้ำยืน\ตำบลเก่าขาม\หน่วยที่ 5,อำเภอน้ำยืน,ตำบลเก่าขาม,หน่วยที่ 5,election_day,6,นายยิ่ง ภูผา,ประชาธิปัตย์,#00a2e8,0
election_data\อำเภอน้ำยืน\ตำบลเก่าขาม\หน่วยที่ 6,อำเภอน้ำยืน,ตำบลเก่าขาม,หน่วยที่ 6,election_day,1,นายเกษม ฉิมพลี,ภูมิใจไทย,#212b6b,9
election_data\อำเภอน้ำยืน\ตำบลเก่าขาม\หน่วยที่ 6,อำเภอน้ำยืน,ตำบลเก่าขาม,หน่วยที่ 6,election_day,2,นายสมศักดิ์ บุญประชม,เพื่อไทรวมพลัง,#ff66cc,244
election_data\อำเภอน้ำยืน\ตำบลเก่าขาม\หน่วยที่ 6,อำเภอน้ำยืน,ตำบลเก่าขาม,หน่วยที่ 6,election_day,3,นายวัชรพล เชื้อคง,เพื่อไทย,#e0002b,18
election_data\อำเภอน้ำยืน\ตำบลเก่าขาม\หน่วยที่ 6,อำเภอน้ำยืน,ตำบลเก่าขาม,หน่วยที่ 6,election_day,4,นางสาวมิลิณ กำเนิดสิงห์,พลังประชารัฐ,#1f56a3,2
election_data\อำเภอน้ำยืน\ตำบลเก่าขาม\หน่วยที่ 6,อำเภอน้ำยืน,ตำบลเก่าขาม,หน่วยที่ 6,election_day,5,นายสิโรตม์ แสนทวีสุข,ประชาชน,#f47933,11
election_data\อำเภอน้ำยืน\ตำบลเก่าขาม\หน่วยที่ 6,อำเภอน้ำยืน,ตำบลเก่าขาม,หน่วยที่ 6,election_day,6,นายยิ่ง ภูผา,ประชาธิปัตย์,#00a2e8,2
election_data\อำเภอน้ำยืน\ตำบลเก่าขาม\หน่วยที่ 7,อำเภอน้ำยืน,ตำบลเก่าขาม,หน่วยที่ 7,election_day,1,นายเกษม ฉิมพลี,ภูมิใจไทย,#212b6b,1
election_data\อำเภอน้ำยืน\ตำบลเก่าขาม\หน่วยที่ 7,อำเภอน้ำยืน,ตำบลเก่าขาม,หน่วยที่ 7,election_day,2,นายสมศักดิ์ บุญประชม,เพื่อไทรวมพลัง,#ff66cc,313
election_data\อำเภอน้ำยืน\ตำบลเก่าขาม\หน่วยที่ 7,อำเภอน้ำยืน,ตำบลเก่าขาม,หน่วยที่ 7,election_day,3,นายวัชรพล เชื้อคง,เพื่อไทย,#e0002b,6
election_data\อำเภอน้ำยืน\ตำบลเก่าขาม\หน่วยที่ 7,อำเภอน้ำยืน,ตำบลเก่าขาม,หน่วยที่ 7,election_day,4,นางสาวมิลิณ กำเนิดสิงห์,พลังประชารัฐ,#1f56a3,0
election_data\อำเภอน้ำยืน\ตำบลเก่าขาม\หน่วยที่ 7,อำเภอน้ำยืน,ตำบลเก่าขาม,หน่วยที่ 7,election_day,5,นายสิโรตม์ แสนทวีสุข,ประชาชน,#f47933,5
election_data\อำเภอน้ำยืน\ตำบลเก่าขาม\หน่วยที่ 7,อำเภอน้ำยืน,ตำบลเก่าขาม,หน่วยที่ 7,election_day,6,นายยิ่ง ภูผา,ประชาธิปัตย์,#00a2e8,0
election_data\อำเภอน้ำยืน\ตำบลเก่าขาม\หน่วยที่ 8,อำเภอน้ำยืน,ตำบลเก่าขาม,หน่วยที่ 8,election_day,1,นายเกษม ฉิมพลี,ภูมิใจไทย,#212b6b,9
election_data\อำเภอน้ำยืน\ตำบลเก่าขาม\หน่วยที่ 8,อำเภอน้ำยืน,ตำบลเก่าขาม,หน่วยที่ 8,election_day,2,นายสมศักดิ์ บุญประชม,เพื่อไทรวมพลัง,#ff66cc,340
election_data\อำเภอน้ำยืน\ตำบลเก่าขาม\หน่วยที่ 8,อำเภอน้ำยืน,ตำบลเก่าขาม,หน่วยที่ 8,election_day,3,นายวัชรพล เชื้อคง,เพื่อไทย,#e0002b,19
election_data\อำเภอน้ำยืน\ตำบลเก่าขาม\หน่วยที่ 8,อำเภอน้ำยืน,ตำบลเก่าขาม,หน่วยที่ 8,election_day,4,นางสาวมิลิณ กำเนิดสิงห์,พลังประชารัฐ,#1f56a3,3
election_data\อำเภอน้ำยืน\ตำบลเก่าขาม\หน่วยที่ 8,อำเภอน้ำยืน,ตำบลเก่าขาม,หน่วยที่ 8,election_day,5,นายสิโรตม์ แสนทวีสุข,ประชาชน,#f47933,26
election_data\อำเภอน้ำยืน\ตำบลเก่าขาม\หน่วยที่ 8,อำเภอน้ำยืน,ตำบลเก่าขาม,หน่วยที่ 8,election_day,6,นายยิ่ง ภูผา,ประชาธิปัตย์,#00a2e8,0
election_data\อำเภอน้ำยืน\ตำบลเก่าขาม\หน่วยที่ 9,อำเภอน้ำยืน,ตำบลเก่าขาม,หน่วยที่ 9,election_day,1,นายเกษม ฉิมพลี,ภูมิใจไทย,#212b6b,2
election_data\อำเภอน้ำยืน\ตำบลเก่าขาม\หน่วยที่ 9,อำเภอน้ำยืน,ตำบลเก่าขาม,หน่วยที่ 9,election_day,2,นายสมศักดิ์ บุญประชม,เพื่อไทรวมพลัง,#ff66cc,139
election_data\อำเภอน้ำยืน\ตำบลเก่าขาม\หน่วยที่ 9,อำเภอน้ำยืน,ตำบลเก่าขาม,หน่วยที่ 9,election_day,3,นายวัชรพล เชื้อคง,เพื่อไทย,#e0002b,7
election_data\อำเภอน้ำยืน\ตำบลเก่าขาม\หน่วยที่ 9,อำเภอน้ำยืน,ตำบลเก่าขาม,หน่วยที่ 9,election_day,4,นางสาวมิลิณ กำเนิดสิงห์,พลังประชารัฐ,#1f56a3,0
election_data\อำเภอน้ำยืน\ตำบลเก่าขาม\หน่วยที่ 9,อำเภอน้ำยืน,ตำบลเก่าขาม,หน่วยที่ 9,election_day,5,นายสิโรตม์ แสนทวีสุข,ประชาชน,#f47933,0
election_data\อำเภอน้ำยืน\ตำบลเก่าขาม\หน่วยที่ 9,อำเภอน้ำยืน,ตำบลเก่าขาม,หน่วยที่ 9,election_day,6,นายยิ่ง ภูผา,ประชาธิปัตย์,#00a2e8,0
election_data\อำเภอน้ำยืน\ตำบลโซง\หน่วยที่ 1,อำเภอน้ำยืน,ตำบลโซง,หน่วยที่ 1,election_day,1,นายเกษม ฉิมพลี,ภูมิใจไทย,#212b6b,9
election_data\อำเภอน้ำยืน\ตำบลโซง\หน่วยที่ 1,อำเภอน้ำยืน,ตำบลโซง,หน่วยที่ 1,election_day,2,นายสมศักดิ์ บุญประชม,เพื่อไทรวมพลัง,#ff66cc,430
election_data\อำเภอน้ำยืน\ตำบลโซง\หน่วยที่ 1,อำเภอน้ำยืน,ตำบลโซง,หน่วยที่ 1,election_day,3,นายวัชรพล เชื้อคง,เพื่อไทย,#e0002b,19
election_data\อำเภอน้ำยืน\ตำบลโซง\หน่วยที่ 1,อำเภอน้ำยืน,ตำบลโซง,หน่วยที่ 1,election_day,4,นางสาวมิลิณ กำเนิดสิงห์,พลังประชารัฐ,#1f56a3,2
election_data\อำเภอน้ำยืน\ตำบลโซง\หน่วยที่ 1,อำเภอน้ำยืน,ตำบลโซง,หน่วยที่ 1,election_day,5,นายสิโรตม์ แสนทวีสุข,ประชาชน,#f47933,1
election_data\อำเภอน้ำยืน\ตำบลโซง\หน่วยที่ 1,อำเภอน้ำยืน,ตำบลโซง,หน่วยที่ 1,election_day,6,นายยิ่ง ภูผา,ประชาธิปัตย์,#00a2e8,0
election_data\อำเภอน้ำยืน\ตำบลโซง\หน่วยที่ 10,อำเภอน้ำยืน,ตำบลโซง,หน่วยที่ 10,election_day,1,นายเกษม ฉิมพลี,ภูมิใจไทย,#212b6b,3
election_data\อำเภอน้ำยืน\ตำบลโซง\หน่วยที่ 10,อำเภอน้ำยืน,ตำบลโซง,หน่วยที่ 10,election_day,2,นายสมศักดิ์ บุญประชม,เพื่อไทรวมพลัง,#ff66cc,121
election_data\อำเภอน้ำยืน\ตำบลโซง\หน่วยที่ 10,อำเภอน้ำยืน,ตำบลโซง,หน่วยที่ 10,election_day,3,นายวัชรพล เชื้อคง,เพื่อไทย,#e0002b,2
election_data\อำเภอน้ำยืน\ตำบลโซง\หน่วยที่ 10,อำเภอน้ำยืน,ตำบลโซง,หน่วยที่ 10,election_day,4,นางสาวมิลิณ กำเนิดสิงห์,พลังประชารัฐ,#1f56a3,2
election_data\อำเภอน้ำยืน\ตำบลโซง\หน่วยที่ 10,อำเภอน้ำยืน,ตำบลโซง,หน่วยที่ 10,election_day,5,นายสิโรตม์ แสนทวีสุข,ประชาชน,#f47933,7
election_data\อำเภอน้ำยืน\ตำบลโซง\หน่วยที่ 10,อำเภอน้ำยืน,ตำบลโซง,หน่วยที่ 10,election_day,6,นายยิ่ง ภูผา,ประชาธิปัตย์,#00a2e8,0
election_data\อำเภอน้ำยืน\ตำบลโซง\หน่วยที่ 11,อำเภอน้ำยืน,ตำบลโซง,หน่วยที่ 11,election_day,1,นายเกษม ฉิมพลี,ภูมิใจไทย,#212b6b,7
election_data\อำเภอน้ำยืน\ตำบลโซง\หน่วยที่ 11,อำเภอน้ำยืน,ตำบลโซง,หน่วยที่ 11,election_day,2,นายสมศักดิ์ บุญประชม,เพื่อไทรวมพลัง,#ff66cc,382
election_data\อำเภอน้ำยืน\ตำบลโซง\หน่วยที่ 11,อำเภอน้ำยืน,ตำบลโซง,หน่วยที่ 11,election_day,3,นายวัชรพล เชื้อคง,เพื่อไทย,#e0002b,22
election_data\อำเภอน้ำยืน\ตำบลโซง\หน่วยที่ 11,อำเภอน้ำยืน,ตำบลโซง,หน่วยที่ 11,election_day,4,นางสาวมิลิณ กำเนิดสิงห์,พลังประชารัฐ,#1f56a3,0
election_data\อำเภอน้ำยืน\ตำบลโซง\หน่วยที่ 11,อำเภอน้ำยืน,ตำบลโซง,หน่วยที่ 11,election_day,5,นายสิโรตม์ แสนทวีสุข,ประชาชน,#f47933,17
election_data\อำเภอน้ำยืน\ตำบลโซง\หน่วยที่ 11,อำเภอน้ำยืน,ตำบลโซง,หน่วยที่ 11,election_day,6,นายยิ่ง ภูผา,ประชาธิปัตย์,#00a2e8,0
election_data\อำเภอน้ำยืน\ตำบลโซง\หน่วยที่ 12,อำเภอน้ำยืน,ตำบลโซง,หน่วยที่ 12,election_day,1,นายเกษม ฉิมพลี,ภูมิใจไทย,#212b6b,4
election_data\อำเภอน้ำยืน\ตำบลโซง\หน่วยที่ 12,อำเภอน้ำยืน,ตำบลโซง,หน่วยที่ 12,election_day,2,นายสมศักดิ์ บุญประชม,เพื่อไทรวมพลัง,#ff66cc,261
election_data\อำเภอน้ำยืน\ตำบลโซง\หน่วยที่ 12,อำเภอน้ำยืน,ตำบลโซง,หน่วยที่ 12,election_day,3,นายวัชรพล เชื้อคง,เพื่อไทย,#e0002b,6
election_data\อำเภอน้ำยืน\ตำบลโซง\หน่วยที่ 12,อำเภอน้ำยืน,ตำบลโซง,หน่วยที่ 12,election_day,4,นางสาวมิลิณ กำเนิดสิงห์,พลังประชารัฐ,#1f56a3,4
election_data\อำเภอน้ำยืน\ตำบลโซง\หน่วยที่ 12,อำเภอน้ำยืน,ตำบลโซง,หน่วยที่ 12,election_day,5,นายสิโรตม์ แสนทวีสุข,ประชาชน,#f47933,18
election_data\อำเภอน้ำยืน\ตำบลโซง\หน่วยที่ 12,อำเภอน้ำยืน,ตำบลโซง,หน่วยที่ 12,election_day,6,นายยิ่ง ภูผา,ประชาธิปัตย์,#00a2e8,0
election_data\อำเภอน้ำยืน\ตำบลโซง\หน่วยที่ 13,อำเภอน้ำยืน,ตำบลโซง,หน่วยที่ 13,election_day,1,นายเกษม ฉิมพลี,ภูมิใจไทย,#212b6b,5
election_data\อำเภอน้ำยืน\ตำบลโซง\หน่วยที่ 13,อำเภอน้ำยืน,ตำบลโซง,หน่วยที่ 13,election_day,2,นายสมศักดิ์ บุญประชม,เพื่อไทรวมพลัง,#ff66cc,260
election_data\อำเภอน้ำยืน\ตำบลโซง\หน่วยที่ 13,อำเภอน้ำยืน,ตำบลโซง,หน่วยที่ 13,election_day,3,นายวัชรพล เชื้อคง,เพื่อไทย,#e0002b,11
election_data\อำเภอน้ำยืน\ตำบลโซง\หน่วยที่ 13,อำเภอน้ำยืน,ตำบลโซง,หน่วยที่ 13,election_day,4,นางสาวมิลิณ กำเนิดสิงห์,พลังประชารัฐ,#1f56a3,7
election_data\อำเภอน้ำยืน\ตำบลโซง\หน่วยที่ 13,อำเภอน้ำยืน,ตำบลโซง,หน่วยที่ 13,election_day,5,นายสิโรตม์ แสนทวีสุข,ประชาชน,#f47933,0
election_data\อำเภอน้ำยืน\ตำบลโซง\หน่วยที่ 13,อำเภอน้ำยืน,ตำบลโซง,หน่วยที่ 13,election_day,6,นายยิ่ง ภูผา,ประชาธิปัตย์,#00a2e8,0
election_data\อำเภอน้ำยืน\ตำบลโซง\หน่วยที่ 2,อำเภอน้ำยืน,ตำบลโซง,หน่วยที่ 2,election_day,1,นายเกษม ฉิมพลี,ภูมิใจไทย,#212b6b,5
election_data\อำเภอน้ำยืน\ตำบลโซง\หน่วยที่ 2,อำเภอน้ำยืน,ตำบลโซง,หน่วยที่ 2,election_day,2,นายสมศักดิ์ บุญประชม,เพื่อไทรวมพลัง,#ff66cc,317
election_data\อำเภอน้ำยืน\ตำบลโซง\หน่วยที่ 2,อำเภอน้ำยืน,ตำบลโซง,หน่วยที่ 2,election_day,3,นายวัชรพล เชื้อคง,เพื่อไทย,#e0002b,15
election_data\อำเภอน้ำยืน\ตำบลโซง\หน่วยที่ 2,อำเภอน้ำยืน,ตำบลโซง,หน่วยที่ 2,election_day,4,นางสาวมิลิณ กำเนิดสิงห์,พลังประชารัฐ,#1f56a3,9
election_data\อำเภอน้ำยืน\ตำบลโซง\หน่วยที่ 2,อำเภอน้ำยืน,ตำบลโซง,หน่วยที่ 2,election_day,5,นายสิโรตม์ แสนทวีสุข,ประชาชน,#f47933,18
election_data\อำเภอน้ำยืน\ตำบลโซง\หน่วยที่ 2,อำเภอน้ำยืน,ตำบลโซง,หน่วยที่ 2,election_day,6,นายยิ่ง ภูผา,ประชาธิปัตย์,#00a2e8,0
election_data\อำเภอน้ำยืน\ตำบลโซง\หน่วยที่ 3,อำเภอน้ำยืน,ตำบลโซง,หน่วยที่ 3,election_day,1,นายเกษม ฉิมพลี,ภูมิใจไทย,#212b6b,4
election_data\อำเภอน้ำยืน\ตำบลโซง\หน่วยที่ 3,อำเภอน้ำยืน,ตำบลโซง,หน่วยที่ 3,election_day,2,นายสมศักดิ์ บุญประชม,เพื่อไทรวมพลัง,#ff66cc,274
election_data\อำเภอน้ำยืน\ตำบลโซง\หน่วยที่ 3,อำเภอน้ำยืน,ตำบลโซง,หน่วยที่ 3,election_day,3,นายวัชรพล เชื้อคง,เพื่อไทย,#e0002b,9
election_data\อำเภอน้ำยืน\ตำบลโซง\หน่วยที่ 3,อำเภอน้ำยืน,ตำบลโซง,หน่วยที่ 3,election_day,4,นางสาวมิลิณ กำเนิดสิงห์,พลังประชารัฐ,#1f56a3,1
election_data\อำเภอน้ำยืน\ตำบลโซง\หน่วยที่ 3,อำเภอน้ำยืน,ตำบลโซง,หน่วยที่ 3,election_day,5,นายสิโรตม์ แสนทวีสุข,ประชาชน,#f47933,16
election_data\อำเภอน้ำยืน\ตำบลโซง\หน่วยที่ 3,อำเภอน้ำยืน,ตำบลโซง,หน่วยที่ 3,election_day,6,นายยิ่ง ภูผา,ประชาธิปัตย์,#00a2e8,3
election_data\อำเภอน้ำยืน\ตำบลโซง\หน่วยที่ 4,อำเภอน้ำยืน,ตำบลโซง,หน่วยที่ 4,election_day,1,นายเกษม ฉิมพลี,ภูมิใจไทย,#212b6b,8
election_data\อำเภอน้ำยืน\ตำบลโซง\หน่วยที่ 4,อำเภอน้ำยืน,ตำบลโซง,หน่วยที่ 4,election_day,2,นายสมศักดิ์ บุญประชม,เพื่อไทรวมพลัง,#ff66cc,253
election_data\อำเภอน้ำยืน\ตำบลโซง\หน่วยที่ 4,อำเภอน้ำยืน,ตำบลโซง,หน่วยที่ 4,election_day,3,นายวัชรพล เชื้อคง,เพื่อไทย,#e0002b,22
election_data\อำเภอน้ำยืน\ตำบลโซง\หน่วยที่ 4,อำเภอน้ำยืน,ตำบลโซง,หน่วยที่ 4,election_day,4,นางสาวมิลิณ กำเนิดสิงห์,พลังประชารัฐ,#1f56a3,0
election_data\อำเภอน้ำยืน\ตำบลโซง\หน่วยที่ 4,อำเภอน้ำยืน,ตำบลโซง,หน่วยที่ 4,election_day,5,นายสิโรตม์ แสนทวีสุข,ประชาชน,#f47933,2
election_data\อำเภอน้ำยืน\ตำบลโซง\หน่วยที่ 4,อำเภอน้ำยืน,ตำบลโซง,หน่วยที่ 4,election_day,6,นายยิ่ง ภูผา,ประชาธิปัตย์,#00a2e8,0
election_data\อำเภอน้ำยืน\ตำบลโซง\หน่วยที่ 5,อำเภอน้ำยืน,ตำบลโซง,หน่วยที่ 5,election_day,1,นายเกษม ฉิมพลี,ภูมิใจไทย,#212b6b,3
election_data\อำเภอน้ำยืน\ตำบลโซง\หน่วยที่ 5,อำเภอน้ำยืน,ตำบลโซง,หน่วยที่ 5,election_day,2,นายสมศักดิ์ บุญประชม,เพื่อไทรวมพลัง,#ff66cc,387
election_data\อำเภอน้ำยืน\ตำบลโซง\หน่วยที่ 5,อำเภอน้ำยืน,ตำบลโซง,หน่วยที่ 5,election_day,3,นายวัชรพล เชื้อคง,เพื่อไทย,#e0002b,2
election_data\อำเภอน้ำยืน\ตำบลโซง\หน่วยที่ 5,อำเภอน้ำยืน,ตำบลโซง,หน่วยที่ 5,election_day,4,นางสาวมิลิณ กำเนิดสิงห์,พลังประชารัฐ,#1f56a3,1
election_data\อำเภอน้ำยืน\ตำบลโซง\หน่วยที่ 5,อำเภอน้ำยืน,ตำบลโซง,หน่วยที่ 5,election_day,5,นายสิโรตม์ แสนทวีสุข,ประชาชน,#f47933,7
election_data\อำเภอน้ำยืน\ตำบลโซง\หน่วยที่ 5,อำเภอน้ำยืน,ตำบลโซง,หน่วยที่ 5,election_day,6,นายยิ่ง ภูผา,ประชาธิปัตย์,#00a2e8,0
election_data\อำเภอน้ำยืน\ตำบลโซง\หน่วยที่ 6,อำเภอน้ำยืน,ตำบลโซง,หน่วยที่ 6,election_day,1,นายเกษม ฉิมพลี,ภูมิใจไทย,#212b6b,0
election_data\อำเภอน้ำยืน\ตำบลโซง\หน่วยที่ 6,อำเภอน้ำยืน,ตำบลโซง,หน่วยที่ 6,election_day,2,นายสมศักดิ์ บุญประชม,เพื่อไทรวมพลัง,#ff66cc,196
election_data\อำเภอน้ำยืน\ตำบลโซง\หน่วยที่ 6,อำเภอน้ำยืน,ตำบลโซง,หน่วยที่ 6,election_day,3,นายวัชรพล เชื้อคง,เพื่อไทย,#e0002b,6
election_data\อำเภอน้ำยืน\ตำบลโซง\หน่วยที่ 6,อำเภอน้ำยืน,ตำบลโซง,หน่วยที่ 6,election_day,4,นางสาวมิลิณ กำเนิดสิงห์,พลังประชารัฐ,#1f56a3,0
election_data\อำเภอน้ำยืน\ตำบลโซง\หน่วยที่ 6,อำเภอน้ำยืน,ตำบลโซง,หน่วยที่ 6,election_day,5,นายสิโรตม์ แสนทวีสุข,ประชาชน,#f47933,9
election_data\อำเภอน้ำยืน\ตำบลโซง\หน่วยที่ 6,อำเภอน้ำยืน,ตำบลโซง,หน่วยที่ 6,election_day,6,นายยิ่ง ภูผา,ประชาธิปัตย์,#00a2e8,1
election_data\อำเภอน้ำยืน\ตำบลโซง\หน่วยที่ 7,อำเภอน้ำยืน,ตำบลโซง,หน่วยที่ 7,election_day,1,นายเกษม ฉิมพลี,ภูมิใจไทย,#212b6b,11
election_data\อำเภอน้ำยืน\ตำบลโซง\หน่วยที่ 7,อำเภอน้ำยืน,ตำบลโซง,หน่วยที่ 7,election_day,2,นายสมศักดิ์ บุญประชม,เพื่อไทรวมพลัง,#ff66cc,269
election_data\อำเภอน้ำยืน\ตำบลโซง\หน่วยที่ 7,อำเภอน้ำยืน,ตำบลโซง,หน่วยที่ 7,election_day,3,นายวัชรพล เชื้อคง,เพื่อไทย,#e0002b,14
election_data\อำเภอน้ำยืน\ตำบลโซง\หน่วยที่ 7,อำเภอน้ำยืน,ตำบลโซง,หน่วยที่ 7,election_day,4,นางสาวมิลิณ กำเนิดสิงห์,พลังประชารัฐ,#1f56a3,3
election_data\อำเภอน้ำยืน\ตำบลโซง\หน่วยที่ 7,อำเภอน้ำยืน,ตำบลโซง,หน่วยที่ 7,election_day,5,นายสิโรตม์ แสนทวีสุข,ประชาชน,#f47933,8
election_data\อำเภอน้ำยืน\ตำบลโซง\หน่วยที่ 7,อำเภอน้ำยืน,ตำบลโซง,หน่วยที่ 7,election_day,6,นายยิ่ง ภูผา,ประชาธิปัตย์,#00a2e8,2
election_data\อำเภอน้ำยืน\ตำบลโซง\หน่วยที่ 8,อำเภอน้ำยืน,ตำบลโซง,หน่วยที่ 8,election_day,1,นายเกษม ฉิมพลี,ภูมิใจไทย,#212b6b,4
election_data\อำเภอน้ำยืน\ตำบลโซง\หน่วยที่ 8,อำเภอน้ำยืน,ตำบลโซง,หน่วยที่ 8,election_day,2,นายสมศักดิ์ บุญประชม,เพื่อไทรวมพลัง,#ff66cc,150
election_data\อำเภอน้ำยืน\ตำบลโซง\หน่วยที่ 8,อำเภอน้ำยืน,ตำบลโซง,หน่วยที่ 8,election_day,3,นายวัชรพล เชื้อคง,เพื่อไทย,#e0002b,4
election_data\อำเภอน้ำยืน\ตำบลโซง\หน่วยที่ 8,อำเภอน้ำยืน,ตำบลโซง,หน่วยที่ 8,election_day,4,นางสาวมิลิณ กำเนิดสิงห์,พลังประชารัฐ,#1f56a3,6
election_data\อำเภอน้ำยืน\ตำบลโซง\หน่วยที่ 8,อำเภอน้ำยืน,ตำบลโซง,หน่วยที่ 8,election_day,5,นายสิโรตม์ แสนทวีสุข,ประชาชน,#f47933,5
election_data\อำเภอน้ำยืน\ตำบลโซง\หน่วยที่ 8,อำเภอน้ำยืน,ตำบลโซง,หน่วยที่ 8,election_day,6,นายยิ่ง ภูผา,ประชาธิปัตย์,#00a2e8,0
election_data\อำเภอน้ำยืน\ตำบลโซง\หน่วยที่ 9,อำเภอน้ำยืน,ตำบลโซง,หน่วยที่ 9,election_day,1,นายเกษม ฉิมพลี,ภูมิใจไทย,#212b6b,2
election_data\อำเภอน้ำยืน\ตำบลโซง\หน่วยที่ 9,อำเภอน้ำยืน,ตำบลโซง,หน่วยที่ 9,election_day,2,นายสมศักดิ์ บุญประชม,เพื่อไทรวมพลัง,#ff66cc,222
election_data\อำเภอน้ำยืน\ตำบลโซง\หน่วยที่ 9,อำเภอน้ำยืน,ตำบลโซง,หน่วยที่ 9,election_day,3,นายวัชรพล เชื้อคง,เพื่อไทย,#e0002b,4
election_data\อำเภอน้ำยืน\ตำบลโซง\หน่วยที่ 9,อำเภอน้ำยืน,ตำบลโซง,หน่วยที่ 9,election_day,4,นางสาวมิลิณ กำเนิดสิงห์,พลังประชารัฐ,#1f56a3,3
election_data\อำเภอน้ำยืน\ตำบลโซง\หน่วยที่ 9,อำเภอน้ำยืน,ตำบลโซง,หน่วยที่ 9,election_day,5,นายสิโรตม์ แสนทวีสุข,ประชาชน,#f47933,4
election_data\อำเภอน้ำยืน\ตำบลโซง\หน่วยที่ 9,อำเภอน้ำยืน,ตำบลโซง,หน่วยที่ 9,election_day,6,นายยิ่ง ภูผา,ประชาธิปัตย์,#00a2e8,0
election_data\อำเภอน้ำยืน\ตำบลโดมประดิษฐ์\หน่วยที่ 1,อำเภอน้ำยืน,ตำบลโดมประดิษฐ์,หน่วยที่ 1,election_day,1,นายเกษม ฉิมพลี,ภูมิใจไทย,#212b6b,8
election_data\อำเภอน้ำยืน\ตำบลโดมประดิษฐ์\หน่วยที่ 1,อำเภอน้ำยืน,ตำบลโดมประดิษฐ์,หน่วยที่ 1,election_day,2,นายสมศักดิ์ บุญประชม,เพื่อไทรวมพลัง,#ff66cc,290
election_data\อำเภอน้ำยืน\ตำบลโดมประดิษฐ์\หน่วยที่ 1,อำเภอน้ำยืน,ตำบลโดมประดิษฐ์,หน่วยที่ 1,election_day,3,นายวัชรพล เชื้อคง,เพื่อไทย,#e0002b,8
election_data\อำเภอน้ำยืน\ตำบลโดมประดิษฐ์\หน่วยที่ 1,อำเภอน้ำยืน,ตำบลโดมประดิษฐ์,หน่วยที่ 1,election_day,4,นางสาวมิลิณ กำเนิดสิงห์,พลังประชารัฐ,#1f56a3,6
election_data\อำเภอน้ำยืน\ตำบลโดมประดิษฐ์\หน่วยที่ 1,อำเภอน้ำยืน,ตำบลโดมประดิษฐ์,หน่วยที่ 1,election_day,5,นายสิโรตม์ แสนทวีสุข,ประชาชน,#f47933,0
election_data\อำเภอน้ำยืน\ตำบลโดมประดิษฐ์\หน่วยที่ 1,อำเภอน้ำยืน,ตำบลโดมประดิษฐ์,หน่วยที่ 1,election_day,6,นายยิ่ง ภูผา,ประชาธิปัตย์,#00a2e8,0
election_data\อำเภอน้ำยืน\ตำบลโดมประดิษฐ์\หน่วยที่ 10,อำเภอน้ำยืน,ตำบลโดมประดิษฐ์,หน่วยที่ 10,election_day,1,นายเกษม ฉิมพลี,ภูมิใจไทย,#212b6b,4
election_data\อำเภอน้ำยืน\ตำบลโดมประดิษฐ์\หน่วยที่ 10,อำเภอน้ำยืน,ตำบลโดมประดิษฐ์,หน่วยที่ 10,election_day,2,นายสมศักดิ์ บุญประชม,เพื่อไทรวมพลัง,#ff66cc,243
election_data\อำเภอน้ำยืน\ตำบลโดมประดิษฐ์\หน่วยที่ 10,อำเภอน้ำยืน,ตำบลโดมประดิษฐ์,หน่วยที่ 10,election_day,3,นายวัชรพล เชื้อคง,เพื่อไทย,#e0002b,7
election_data\อำเภอน้ำยืน\ตำบลโดมประดิษฐ์\หน่วยที่ 10,อำเภอน้ำยืน,ตำบลโดมประดิษฐ์,หน่วยที่ 10,election_day,4,นางสาวมิลิณ กำเนิดสิงห์,พลังประชารัฐ,#1f56a3,0
election_data\อำเภอน้ำยืน\ตำบลโดมประดิษฐ์\หน่วยที่ 10,อำเภอน้ำยืน,ตำบลโดมประดิษฐ์,หน่วยที่ 10,election_day,5,นายสิโรตม์ แสนทวีสุข,ประชาชน,#f47933,7
election_data\อำเภอน้ำยืน\ตำบลโดมประดิษฐ์\หน่วยที่ 10,อำเภอน้ำยืน,ตำบลโดมประดิษฐ์,หน่วยที่ 10,election_day,6,นายยิ่ง ภูผา,ประชาธิปัตย์,#00a2e8,0
election_data\อำเภอน้ำยืน\ตำบลโดมประดิษฐ์\หน่วยที่ 11,อำเภอน้ำยืน,ตำบลโดมประดิษฐ์,หน่วยที่ 11,election_day,1,นายเกษม ฉิมพลี,ภูมิใจไทย,#212b6b,3
election_data\อำเภอน้ำยืน\ตำบลโดมประดิษฐ์\หน่วยที่ 11,อำเภอน้ำยืน,ตำบลโดมประดิษฐ์,หน่วยที่ 11,election_day,2,นายสมศักดิ์ บุญประชม,เพื่อไทรวมพลัง,#ff66cc,209
election_data\อำเภอน้ำยืน\ตำบลโดมประดิษฐ์\หน่วยที่ 11,อำเภอน้ำยืน,ตำบลโดมประดิษฐ์,หน่วยที่ 11,election_day,3,นายวัชรพล เชื้อคง,เพื่อไทย,#e0002b,8
election_data\อำเภอน้ำยืน\ตำบลโดมประดิษฐ์\หน่วยที่ 11,อำเภอน้ำยืน,ตำบลโดมประดิษฐ์,หน่วยที่ 11,election_day,4,นางสาวมิลิณ กำเนิดสิงห์,พลังประชารัฐ,#1f56a3,1
election_data\อำเภอน้ำยืน\ตำบลโดมประดิษฐ์\หน่วยที่ 11,อำเภอน้ำยืน,ตำบลโดมประดิษฐ์,หน่วยที่ 11,election_day,5,นายสิโรตม์ แสนทวีสุข,ประชาชน,#f47933,2
election_data\อำเภอน้ำยืน\ตำบลโดมประดิษฐ์\หน่วยที่ 11,อำเภอน้ำยืน,ตำบลโดมประดิษฐ์,หน่วยที่ 11,election_day,6,นายยิ่ง ภูผา,ประชาธิปัตย์,#00a2e8,1
election_data\อำเภอน้ำยืน\ตำบลโดมประดิษฐ์\หน่วยที่ 12,อำเภอน้ำยืน,ตำบลโดมประดิษฐ์,หน่วยที่ 12,election_day,1,นายเกษม ฉิมพลี,ภูมิใจไทย,#212b6b,1
election_data\อำเภอน้ำยืน\ตำบลโดมประดิษฐ์\หน่วยที่ 12,อำเภอน้ำยืน,ตำบลโดมประดิษฐ์,หน่วยที่ 12,election_day,2,นายสมศักดิ์ บุญประชม,เพื่อไทรวมพลัง,#ff66cc,249
election_data\อำเภอน้ำยืน\ตำบลโดมประดิษฐ์\หน่วยที่ 12,อำเภอน้ำยืน,ตำบลโดมประดิษฐ์,หน่วยที่ 12,election_day,3,นายวัชรพล เชื้อคง,เพื่อไทย,#e0002b,5
election_data\อำเภอน้ำยืน\ตำบลโดมประดิษฐ์\หน่วยที่ 12,อำเภอน้ำยืน,ตำบลโดมประดิษฐ์,หน่วยที่ 12,election_day,4,นางสาวมิลิณ กำเนิดสิงห์,พลังประชารัฐ,#1f56a3,0
election_data\อำเภอน้ำยืน\ตำบลโดมประดิษฐ์\หน่วยที่ 12,อำเภอน้ำยืน,ตำบลโดมประดิษฐ์,หน่วยที่ 12,election_day,5,นายสิโรตม์ แสนทวีสุข,ประชาชน,#f47933,10
election_data\อำเภอน้ำยืน\ตำบลโดมประดิษฐ์\หน่วยที่ 12,อำเภอน้ำยืน,ตำบลโดมประดิษฐ์,หน่วยที่ 12,election_day,6,นายยิ่ง ภูผา,ประชาธิปัตย์,#00a2e8,0
election_data\อำเภอน้ำยืน\ตำบลโดมประดิษฐ์\หน่วยที่ 13,อำเภอน้ำยืน,ตำบลโดมประดิษฐ์,หน่วยที่ 13,election_day,1,นายเกษม ฉิมพลี,ภูมิใจไทย,#212b6b,5
election_data\อำเภอน้ำยืน\ตำบลโดมประดิษฐ์\หน่วยที่ 13,อำเภอน้ำยืน,ตำบลโดมประดิษฐ์,หน่วยที่ 13,election_day,2,นายสมศักดิ์ บุญประชม,เพื่อไทรวมพลัง,#ff66cc,285
election_data\อำเภอน้ำยืน\ตำบลโดมประดิษฐ์\หน่วยที่ 13,อำเภอน้ำยืน,ตำบลโดมประดิษฐ์,หน่วยที่ 13,election_day,3,นายวัชรพล เชื้อคง,เพื่อไทย,#e0002b,8
election_data\อำเภอน้ำยืน\ตำบลโดมประดิษฐ์\หน่วยที่ 13,อำเภอน้ำยืน,ตำบลโดมประดิษฐ์,หน่วยที่ 13,election_day,4,นางสาวมิลิณ กำเนิดสิงห์,พลังประชารัฐ,#1f56a3,10
election_data\อำเภอน้ำยืน\ตำบลโดมประดิษฐ์\หน่วยที่ 13,อำเภอน้ำยืน,ตำบลโดมประดิษฐ์,หน่วยที่ 13,election_day,5,นายสิโรตม์ แสนทวีสุข,ประชาชน,#f47933,10
election_data\อำเภอน้ำยืน\ตำบลโดมประดิษฐ์\หน่วยที่ 13,อำเภอน้ำยืน,ตำบลโดมประดิษฐ์,หน่วยที่ 13,election_day,6,นายยิ่ง ภูผา,ประชาธิปัตย์,#00a2e8,0
election_data\อำเภอน้ำยืน\ตำบลโดมประดิษฐ์\หน่วยที่ 14,อำเภอน้ำยืน,ตำบลโดมประดิษฐ์,หน่วยที่ 14,election_day,1,นายเกษม ฉิมพลี,ภูมิใจไทย,#212b6b,8
election_data\อำเภอน้ำยืน\ตำบลโดมประดิษฐ์\หน่วยที่ 14,อำเภอน้ำยืน,ตำบลโดมประดิษฐ์,หน่วยที่ 14,election_day,2,นายสมศักดิ์ บุญประชม,เพื่อไทรวมพลัง,#ff66cc,435
election_data\อำเภอน้ำยืน\ตำบลโดมประดิษฐ์\หน่วยที่ 14,อำเภอน้ำยืน,ตำบลโดมประดิษฐ์,หน่วยที่ 14,election_day,3,นายวัชรพล เชื้อคง,เพื่อไทย,#e0002b,5
election_data\อำเภอน้ำยืน\ตำบลโดมประดิษฐ์\หน่วยที่ 14,อำเภอน้ำยืน,ตำบลโดมประดิษฐ์,หน่วยที่ 14,election_day,4,นางสาวมิลิณ กำเนิดสิงห์,พลังประชารัฐ,#1f56a3,0
election_data\อำเภอน้ำยืน\ตำบลโดมประดิษฐ์\หน่วยที่ 14,อำเภอน้ำยืน,ตำบลโดมประดิษฐ์,หน่วยที่ 14,election_day,5,นายสิโรตม์ แสนทวีสุข,ประชาชน,#f47933,7
election_data\อำเภอน้ำยืน\ตำบลโดมประดิษฐ์\หน่วยที่ 14,อำเภอน้ำยืน,ตำบลโดมประดิษฐ์,หน่วยที่ 14,election_day,6,นายยิ่ง ภูผา,ประชาธิปัตย์,#00a2e8,0
election_data\อำเภอน้ำยืน\ตำบลโดมประดิษฐ์\หน่วยที่ 15,อำเภอน้ำยืน,ตำบลโดมประดิษฐ์,หน่วยที่ 15,election_day,1,นายเกษม ฉิมพลี,ภูมิใจไทย,#212b6b,1
election_data\อำเภอน้ำยืน\ตำบลโดมประดิษฐ์\หน่วยที่ 15,อำเภอน้ำยืน,ตำบลโดมประดิษฐ์,หน่วยที่ 15,election_day,2,นายสมศักดิ์ บุญประชม,เพื่อไทรวมพลัง,#ff66cc,189
election_data\อำเภอน้ำยืน\ตำบลโดมประดิษฐ์\หน่วยที่ 15,อำเภอน้ำยืน,ตำบลโดมประดิษฐ์,หน่วยที่ 15,election_day,3,นายวัชรพล เชื้อคง,เพื่อไทย,#e0002b,10
election_data\อำเภอน้ำยืน\ตำบลโดมประดิษฐ์\หน่วยที่ 15,อำเภอน้ำยืน,ตำบลโดมประดิษฐ์,หน่วยที่ 15,election_day,4,นางสาวมิลิณ กำเนิดสิงห์,พลังประชารัฐ,#1f56a3,4
election_data\อำเภอน้ำยืน\ตำบลโดมประดิษฐ์\หน่วยที่ 15,อำเภอน้ำยืน,ตำบลโดมประดิษฐ์,หน่วยที่ 15,election_day,5,นายสิโรตม์ แสนทวีสุข,ประชาชน,#f47933,0
election_data\อำเภอน้ำยืน\ตำบลโดมประดิษฐ์\หน่วยที่ 15,อำเภอน้ำยืน,ตำบลโดมประดิษฐ์,หน่วยที่ 15,election_day,6,นายยิ่ง ภูผา,ประชาธิปัตย์,#00a2e8,0
election_data\อำเภอน้ำยืน\ตำบลโดมประดิษฐ์\หน่วยที่ 16,อำเภอน้ำยืน,ตำบลโดมประดิษฐ์,หน่วยที่ 16,election_day,1,นายเกษม ฉิมพลี,ภูมิใจไทย,#212b6b,5
election_data\อำเภอน้ำยืน\ตำบลโดมประดิษฐ์\หน่วยที่ 16,อำเภอน้ำยืน,ตำบลโดมประดิษฐ์,หน่วยที่ 16,election_day,2,นายสมศักดิ์ บุญประชม,เพื่อไทรวมพลัง,#ff66cc,231
election_data\อำเภอน้ำยืน\ตำบลโดมประดิษฐ์\หน่วยที่ 16,อำเภอน้ำยืน,ตำบลโดมประดิษฐ์,หน่วยที่ 16,election_day,3,นายวัชรพล เชื้อคง,เพื่อไทย,#e0002b,2
election_data\อำเภอน้ำยืน\ตำบลโดมประดิษฐ์\หน่วยที่ 16,อำเภอน้ำยืน,ตำบลโดมประดิษฐ์,หน่วยที่ 16,election_day,4,นางสาวมิลิณ กำเนิดสิงห์,พลังประชารัฐ,#1f56a3,4
election_data\อำเภอน้ำยืน\ตำบลโดมประดิษฐ์\หน่วยที่ 16,อำเภอน้ำยืน,ตำบลโดมประดิษฐ์,หน่วยที่ 16,election_day,5,นายสิโรตม์ แสนทวีสุข,ประชาชน,#f47933,6
election_data\อำเภอน้ำยืน\ตำบลโดมประดิษฐ์\หน่วยที่ 16,อำเภอน้ำยืน,ตำบลโดมประดิษฐ์,หน่วยที่ 16,election_day,6,นายยิ่ง ภูผา,ประชาธิปัตย์,#00a2e8,0
election_data\อำเภอน้ำยืน\ตำบลโดมประดิษฐ์\หน่วยที่ 17,อำเภอน้ำยืน,ตำบลโดมประดิษฐ์,หน่วยที่ 17,election_day,1,นายเกษม ฉิมพลี,ภูมิใจไทย,#212b6b,4
election_data\อำเภอน้ำยืน\ตำบลโดมประดิษฐ์\หน่วยที่ 17,อำเภอน้ำยืน,ตำบลโดมประดิษฐ์,หน่วยที่ 17,election_day,2,นายสมศักดิ์ บุญประชม,เพื่อไทรวมพลัง,#ff66cc,265
election_data\อำเภอน้ำยืน\ตำบลโดมประดิษฐ์\หน่วยที่ 17,อำเภอน้ำยืน,ตำบลโดมประดิษฐ์,หน่วยที่ 17,election_day,3,นายวัชรพล เชื้อคง,เพื่อไทย,#e0002b,11
election_data\อำเภอน้ำยืน\ตำบลโดมประดิษฐ์\หน่วยที่ 17,อำเภอน้ำยืน,ตำบลโดมประดิษฐ์,หน่วยที่ 17,election_day,4,นางสาวมิลิณ กำเนิดสิงห์,พลังประชารัฐ,#1f56a3,0
election_data\อำเภอน้ำยืน\ตำบลโดมประดิษฐ์\หน่วยที่ 17,อำเภอน้ำยืน,ตำบลโดมประดิษฐ์,หน่วยที่ 17,election_day,5,นายสิโรตม์ แสนทวีสุข,ประชาชน,#f47933,0
election_data\อำเภอน้ำยืน\ตำบลโดมประดิษฐ์\หน่วยที่ 17,อำเภอน้ำยืน,ตำบลโดมประดิษฐ์,หน่วยที่ 17,election_day,6,นายยิ่ง ภูผา,ประชาธิปัตย์,#00a2e8,0
election_data\อำเภอน้ำยืน\ตำบลโดมประดิษฐ์\หน่วยที่ 18,อำเภอน้ำยืน,ตำบลโดมประดิษฐ์,หน่วยที่ 18,election_day,1,นายเกษม ฉิมพลี,ภูมิใจไทย,#212b6b,7
election_data\อำเภอน้ำยืน\ตำบลโดมประดิษฐ์\หน่วยที่ 18,อำเภอน้ำยืน,ตำบลโดมประดิษฐ์,หน่วยที่ 18,election_day,2,นายสมศักดิ์ บุญประชม,เพื่อไทรวมพลัง,#ff66cc,186
election_data\อำเภอน้ำยืน\ตำบลโดมประดิษฐ์\หน่วยที่ 18,อำเภอน้ำยืน,ตำบลโดมประดิษฐ์,หน่วยที่ 18,election_day,3,นายวัชรพล เชื้อคง,เพื่อไทย,#e0002b,20
election_data\อำเภอน้ำยืน\ตำบลโดมประดิษฐ์\หน่วยที่ 18,อำเภอน้ำยืน,ตำบลโดมประดิษฐ์,หน่วยที่ 18,election_day,4,นางสาวมิลิณ กำเนิดสิงห์,พลังประชารัฐ,#1f56a3,0
election_data\อำเภอน้ำยืน\ตำบลโดมประดิษฐ์\หน่วยที่ 18,อำเภอน้ำยืน,ตำบลโดมประดิษฐ์,หน่วยที่ 18,election_day,5,นายสิโรตม์ แสนทวีสุข,ประชาชน,#f47933,7
election_data\อำเภอน้ำยืน\ตำบลโดมประดิษฐ์\หน่วยที่ 18,อำเภอน้ำยืน,ตำบลโดมประดิษฐ์,หน่วยที่ 18,election_day,6,นายยิ่ง ภูผา,ประชาธิปัตย์,#00a2e8,0
election_data\อำเภอน้ำยืน\ตำบลโดมประดิษฐ์\หน่วยที่ 19,อำเภอน้ำยืน,ตำบลโดมประดิษฐ์,หน่วยที่ 19,election_day,1,นายเกษม ฉิมพลี,ภูมิใจไทย,#212b6b,1
election_data\อำเภอน้ำยืน\ตำบลโดมประดิษฐ์\หน่วยที่ 19,อำเภอน้ำยืน,ตำบลโดมประดิษฐ์,หน่วยที่ 19,election_day,2,นายสมศักดิ์ บุญประชม,เพื่อไทรวมพลัง,#ff66cc,174
election_data\อำเภอน้ำยืน\ตำบลโดมประดิษฐ์\หน่วยที่ 19,อำเภอน้ำยืน,ตำบลโดมประดิษฐ์,หน่วยที่ 19,election_day,3,นายวัชรพล เชื้อคง,เพื่อไทย,#e0002b,23
election_data\อำเภอน้ำยืน\ตำบลโดมประดิษฐ์\หน่วยที่ 19,อำเภอน้ำยืน,ตำบลโดมประดิษฐ์,หน่วยที่ 19,election_day,4,นางสาวมิลิณ กำเนิดสิงห์,พลังประชารัฐ,#1f56a3,0
election_data\อำเภอน้ำยืน\ตำบลโดมประดิษฐ์\หน่วยที่ 19,อำเภอน้ำยืน,ตำบลโดมประดิษฐ์,หน่วยที่ 19,election_day,5,นายสิโรตม์ แสนทวีสุข,ประชาชน,#f47933,0
election_data\อำเภอน้ำยืน\ตำบลโดมประดิษฐ์\หน่วยที่ 19,อำเภอน้ำยืน,ตำบลโดมประดิษฐ์,หน่วยที่ 19,election_day,6,นายยิ่ง ภูผา,ประชาธิปัตย์,#00a2e8,0
election_data\อำเภอน้ำยืน\ตำบลโดมประดิษฐ์\หน่วยที่ 2,อำเภอน้ำยืน,ตำบลโดมประดิษฐ์,หน่วยที่ 2,election_day,1,นายเกษม ฉิมพลี,ภูมิใจไทย,#212b6b,2
election_data\อำเภอน้ำยืน\ตำบลโดมประดิษฐ์\หน่วยที่ 2,อำเภอน้ำยืน,ตำบลโดมประดิษฐ์,หน่วยที่ 2,election_day,2,นายสมศักดิ์ บุญประชม,เพื่อไทรวมพลัง,#ff66cc,267
election_data\อำเภอน้ำยืน\ตำบลโดมประดิษฐ์\หน่วยที่ 2,อำเภอน้ำยืน,ตำบลโดมประดิษฐ์,หน่วยที่ 2,election_day,3,นายวัชรพล เชื้อคง,เพื่อไทย,#e0002b,0
election_data\อำเภอน้ำยืน\ตำบลโดมประดิษฐ์\หน่วยที่ 2,อำเภอน้ำยืน,ตำบลโดมประดิษฐ์,หน่วยที่ 2,election_day,4,นางสาวมิลิณ กำเนิดสิงห์,พลังประชารัฐ,#1f56a3,12
election_data\อำเภอน้ำยืน\ตำบลโดมประดิษฐ์\หน่วยที่ 2,อำเภอน้ำยืน,ตำบลโดมประดิษฐ์,หน่วยที่ 2,election_day,5,นายสิโรตม์ แสนทวีสุข,ประชาชน,#f47933,12
election_data\อำเภอน้ำยืน\ตำบลโดมประดิษฐ์\หน่วยที่ 2,อำเภอน้ำยืน,ตำบลโดมประดิษฐ์,หน่วยที่ 2,election_day,6,นายยิ่ง ภูผา,ประชาธิปัตย์,#00a2e8,0
election_data\อำเภอน้ำยืน\ตำบลโดมประดิษฐ์\หน่วยที่ 20,อำเภอน้ำยืน,ตำบลโดมประดิษฐ์,หน่วยที่ 20,election_day,1,นายเกษม ฉิมพลี,ภูมิใจไทย,#212b6b,5
election_data\อำเภอน้ำยืน\ตำบลโดมประดิษฐ์\หน่วยที่ 20,อำเภอน้ำยืน,ตำบลโดมประดิษฐ์,หน่วยที่ 20,election_day,2,นายสมศักดิ์ บุญประชม,เพื่อไทรวมพลัง,#ff66cc,298
election_data\อำเภอน้ำยืน\ตำบลโดมประดิษฐ์\หน่วยที่ 20,อำเภอน้ำยืน,ตำบลโดมประดิษฐ์,หน่วยที่ 20,election_day,3,นายวัชรพล เชื้อคง,เพื่อไทย,#e0002b,12
election_data\อำเภอน้ำยืน\ตำบลโดมประดิษฐ์\หน่วยที่ 20,อำเภอน้ำยืน,ตำบลโดมประดิษฐ์,หน่วยที่ 20,election_day,4,นางสาวมิลิณ กำเนิดสิงห์,พลังประชารัฐ,#1f56a3,4
election_data\อำเภอน้ำยืน\ตำบลโดมประดิษฐ์\หน่วยที่ 20,อำเภอน้ำยืน,ตำบลโดมประดิษฐ์,หน่วยที่ 20,election_day,5,นายสิโรตม์ แสนทวีสุข,ประชาชน,#f47933,0
election_data\อำเภอน้ำยืน\ตำบลโดมประดิษฐ์\หน่วยที่ 20,อำเภอน้ำยืน,ตำบลโดมประดิษฐ์,หน่วยที่ 20,election_day,6,นายยิ่ง ภูผา,ประชาธิปัตย์,#00a2e8,0
election_data\อำเภอน้ำยืน\ตำบลโดมประดิษฐ์\หน่วยที่ 21,อำเภอน้ำยืน,ตำบลโดมประดิษฐ์,หน่วยที่ 21,election_day,1,นายเกษม ฉิมพลี,ภูมิใจไทย,#212b6b,6
election_data\อำเภอน้ำยืน\ตำบลโดมประดิษฐ์\หน่วยที่ 21,อำเภอน้ำยืน,ตำบลโดมประดิษฐ์,หน่วยที่ 21,election_day,2,นายสมศักดิ์ บุญประชม,เพื่อไทรวมพลัง,#ff66cc,291
election_data\อำเภอน้ำยืน\ตำบลโดมประดิษฐ์\หน่วยที่ 21,อำเภอน้ำยืน,ตำบลโดมประดิษฐ์,หน่วยที่ 21,election_day,3,นายวัชรพล เชื้อคง,เพื่อไทย,#e0002b,14
election_data\อำเภอน้ำยืน\ตำบลโดมประดิษฐ์\หน่วยที่ 21,อำเภอน้ำยืน,ตำบลโดมประดิษฐ์,หน่วยที่ 21,election_day,4,นางสาวมิลิณ กำเนิดสิงห์,พลังประชารัฐ,#1f56a3,7
election_data\อำเภอน้ำยืน\ตำบลโดมประดิษฐ์\หน่วยที่ 21,อำเภอน้ำยืน,ตำบลโดมประดิษฐ์,หน่วยที่ 21,election_day,5,นายสิโรตม์ แสนทวีสุข,ประชาชน,#f47933,6
election_data\อำเภอน้ำยืน\ตำบลโดมประดิษฐ์\หน่วยที่ 21,อำเภอน้ำยืน,ตำบลโดมประดิษฐ์,หน่วยที่ 21,election_day,6,นายยิ่ง ภูผา,ประชาธิปัตย์,#00a2e8,0
election_data\อำเภอน้ำยืน\ตำบลโดมประดิษฐ์\หน่วยที่ 22,อำเภอน้ำยืน,ตำบลโดมประดิษฐ์,หน่วยที่ 22,election_day,1,นายเกษม ฉิมพลี,ภูมิใจไทย,#212b6b,6
election_data\อำเภอน้ำยืน\ตำบลโดมประดิษฐ์\หน่วยที่ 22,อำเภอน้ำยืน,ตำบลโดมประดิษฐ์,หน่วยที่ 22,election_day,2,นายสมศักดิ์ บุญประชม,เพื่อไทรวมพลัง,#ff66cc,289
election_data\อำเภอน้ำยืน\ตำบลโดมประดิษฐ์\หน่วยที่ 22,อำเภอน้ำยืน,ตำบลโดมประดิษฐ์,หน่วยที่ 22,election_day,3,นายวัชรพล เชื้อคง,เพื่อไทย,#e0002b,14
election_data\อำเภอน้ำยืน\ตำบลโดมประดิษฐ์\หน่วยที่ 22,อำเภอน้ำยืน,ตำบลโดมประดิษฐ์,หน่วยที่ 22,election_day,4,นางสาวมิลิณ กำเนิดสิงห์,พลังประชารัฐ,#1f56a3,0
election_data\อำเภอน้ำยืน\ตำบลโดมประดิษฐ์\หน่วยที่ 22,อำเภอน้ำยืน,ตำบลโดมประดิษฐ์,หน่วยที่ 22,election_day,5,นายสิโรตม์ แสนทวีสุข,ประชาชน,#f47933,0
election_data\อำเภอน้ำยืน\ตำบลโดมประดิษฐ์\หน่วยที่ 22,อำเภอน้ำยืน,ตำบลโดมประดิษฐ์,หน่วยที่ 22,election_day,6,นายยิ่ง ภูผา,ประชาธิปัตย์,#00a2e8,0
election_data\อำเภอน้ำยืน\ตำบลโดมประดิษฐ์\หน่วยที่ 23,อำเภอน้ำยืน,ตำบลโดมประดิษฐ์,หน่วยที่ 23,election_day,1,นายเกษม ฉิมพลี,ภูมิใจไทย,#212b6b,3
election_data\อำเภอน้ำยืน\ตำบลโดมประดิษฐ์\หน่วยที่ 23,อำเภอน้ำยืน,ตำบลโดมประดิษฐ์,หน่วยที่ 23,election_day,2,นายสมศักดิ์ บุญประชม,เพื่อไทรวมพลัง,#ff66cc,267
election_data\อำเภอน้ำยืน\ตำบลโดมประดิษฐ์\หน่วยที่ 23,อำเภอน้ำยืน,ตำบลโดมประดิษฐ์,หน่วยที่ 23,election_day,3,นายวัชรพล เชื้อคง,เพื่อไทย,#e0002b,16
election_data\อำเภอน้ำยืน\ตำบลโดมประดิษฐ์\หน่วยที่ 23,อำเภอน้ำยืน,ตำบลโดมประดิษฐ์,หน่วยที่ 23,election_day,4,นางสาวมิลิณ กำเนิดสิงห์,พลังประชารัฐ,#1f56a3,0
election_data\อำเภอน้ำยืน\ตำบลโดมประดิษฐ์\หน่วยที่ 23,อำเภอน้ำยืน,ตำบลโดมประดิษฐ์,หน่วยที่ 23,election_day,5,นายสิโรตม์ แสนทวีสุข,ประชาชน,#f47933,4
election_data\อำเภอน้ำยืน\ตำบลโดมประดิษฐ์\หน่วยที่ 23,อำเภอน้ำยืน,ตำบลโดมประดิษฐ์,หน่วยที่ 23,election_day,6,นายยิ่ง ภูผา,ประชาธิปัตย์,#00a2e8,0
election_data\อำเภอน้ำยืน\ตำบลโดมประดิษฐ์\หน่วยที่ 24,อำเภอน้ำยืน,ตำบลโดมประดิษฐ์,หน่วยที่ 24,election_day,1,นายเกษม ฉิมพลี,ภูมิใจไทย,#212b6b,7
election_data\อำเภอน้ำยืน\ตำบลโดมประดิษฐ์\หน่วยที่ 24,อำเภอน้ำยืน,ตำบลโดมประดิษฐ์,หน่วยที่ 24,election_day,2,นายสมศักดิ์ บุญประชม,เพื่อไทรวมพลัง,#ff66cc,264
election_data\อำเภอน้ำยืน\ตำบลโดมประดิษฐ์\หน่วยที่ 24,อำเภอน้ำยืน,ตำบลโดมประดิษฐ์,หน่วยที่ 24,election_day,3,นายวัชรพล เชื้อคง,เพื่อไทย,#e0002b,18
election_data\อำเภอน้ำยืน\ตำบลโดมประดิษฐ์\หน่วยที่ 24,อำเภอน้ำยืน,ตำบลโดมประดิษฐ์,หน่วยที่ 24,election_day,4,นางสาวมิลิณ กำเนิดสิงห์,พลังประชารัฐ,#1f56a3,1
election_data\อำเภอน้ำยืน\ตำบลโดมประดิษฐ์\หน่วยที่ 24,อำเภอน้ำยืน,ตำบลโดมประดิษฐ์,หน่วยที่ 24,election_day,5,นายสิโรตม์ แสนทวีสุข,ประชาชน,#f47933,8
election_data\อำเภอน้ำยืน\ตำบลโดมประดิษฐ์\หน่วยที่ 24,อำเภอน้ำยืน,ตำบลโดมประดิษฐ์,หน่วยที่ 24,election_day,6,นายยิ่ง ภูผา,ประชาธิปัตย์,#00a2e8,0
election_data\อำเภอน้ำยืน\ตำบลโดมประดิษฐ์\หน่วยที่ 25,อำเภอน้ำยืน,ตำบลโดมประดิษฐ์,หน่วยที่ 25,election_day,1,นายเกษม ฉิมพลี,ภูมิใจไทย,#212b6b,5
election_data\อำเภอน้ำยืน\ตำบลโดมประดิษฐ์\หน่วยที่ 25,อำเภอน้ำยืน,ตำบลโดมประดิษฐ์,หน่วยที่ 25,election_day,2,นายสมศักดิ์ บุญประชม,เพื่อไทรวมพลัง,#ff66cc,320
election_data\อำเภอน้ำยืน\ตำบลโดมประดิษฐ์\หน่วยที่ 25,อำเภอน้ำยืน,ตำบลโดมประดิษฐ์,หน่วยที่ 25,election_day,3,นายวัชรพล เชื้อคง,เพื่อไทย,#e0002b,4
election_data\อำเภอน้ำยืน\ตำบลโดมประดิษฐ์\หน่วยที่ 25,อำเภอน้ำยืน,ตำบลโดมประดิษฐ์,หน่วยที่ 25,election_day,4,นางสาวมิลิณ กำเนิดสิงห์,พลังประชารัฐ,#1f56a3,0
election_data\อำเภอน้ำยืน\ตำบลโดมประดิษฐ์\หน่วยที่ 25,อำเภอน้ำยืน,ตำบลโดมประดิษฐ์,หน่วยที่ 25,election_day,5,นายสิโรตม์ แสนทวีสุข,ประชาชน,#f47933,6
election_data\อำเภอน้ำยืน\ตำบลโดมประดิษฐ์\หน่วยที่ 25,อำเภอน้ำยืน,ตำบลโดมประดิษฐ์,หน่วยที่ 25,election_day,6,นายยิ่ง ภูผา,ประชาธิปัตย์,#00a2e8,0
election_data\อำเภอน้ำยืน\ตำบลโดมประดิษฐ์\หน่วยที่ 3,อำเภอน้ำยืน,ตำบลโดมประดิษฐ์,หน่วยที่ 3,election_day,1,นายเกษม ฉิมพลี,ภูมิใจไทย,#212b6b,5
election_data\อำเภอน้ำยืน\ตำบลโดมประดิษฐ์\หน่วยที่ 3,อำเภอน้ำยืน,ตำบลโดมประดิษฐ์,หน่วยที่ 3,election_day,2,นายสมศักดิ์ บุญประชม,เพื่อไทรวมพลัง,#ff66cc,375
election_data\อำเภอน้ำยืน\ตำบลโดมประดิษฐ์\หน่วยที่ 3,อำเภอน้ำยืน,ตำบลโดมประดิษฐ์,หน่วยที่ 3,election_day,3,นายวัชรพล เชื้อคง,เพื่อไทย,#e0002b,19
election_data\อำเภอน้ำยืน\ตำบลโดมประดิษฐ์\หน่วยที่ 3,อำเภอน้ำยืน,ตำบลโดมประดิษฐ์,หน่วยที่ 3,election_day,4,นางสาวมิลิณ กำเนิดสิงห์,พลังประชารัฐ,#1f56a3,4
election_data\อำเภอน้ำยืน\ตำบลโดมประดิษฐ์\หน่วยที่ 3,อำเภอน้ำยืน,ตำบลโดมประดิษฐ์,หน่วยที่ 3,election_day,5,นายสิโรตม์ แสนทวีสุข,ประชาชน,#f47933,6
election_data\อำเภอน้ำยืน\ตำบลโดมประดิษฐ์\หน่วยที่ 3,อำเภอน้ำยืน,ตำบลโดมประดิษฐ์,หน่วยที่ 3,election_day,6,นายยิ่ง ภูผา,ประชาธิปัตย์,#00a2e8,0
election_data\อำเภอน้ำยืน\ตำบลโดมประดิษฐ์\หน่วยที่ 4,อำเภอน้ำยืน,ตำบลโดมประดิษฐ์,หน่วยที่ 4,election_day,1,นายเกษม ฉิมพลี,ภูมิใจไทย,#212b6b,0
election_data\อำเภอน้ำยืน\ตำบลโดมประดิษฐ์\หน่วยที่ 4,อำเภอน้ำยืน,ตำบลโดมประดิษฐ์,หน่วยที่ 4,election_day,2,นายสมศักดิ์ บุญประชม,เพื่อไทรวมพลัง,#ff66cc,191
election_data\อำเภอน้ำยืน\ตำบลโดมประดิษฐ์\หน่วยที่ 4,อำเภอน้ำยืน,ตำบลโดมประดิษฐ์,หน่วยที่ 4,election_day,3,นายวัชรพล เชื้อคง,เพื่อไทย,#e0002b,9
election_data\อำเภอน้ำยืน\ตำบลโดมประดิษฐ์\หน่วยที่ 4,อำเภอน้ำยืน,ตำบลโดมประดิษฐ์,หน่วยที่ 4,election_day,4,นางสาวมิลิณ กำเนิดสิงห์,พลังประชารัฐ,#1f56a3,2
election_data\อำเภอน้ำยืน\ตำบลโดมประดิษฐ์\หน่วยที่ 4,อำเภอน้ำยืน,ตำบลโดมประดิษฐ์,หน่วยที่ 4,election_day,5,นายสิโรตม์ แสนทวีสุข,ประชาชน,#f47933,9
election_data\อำเภอน้ำยืน\ตำบลโดมประดิษฐ์\หน่วยที่ 4,อำเภอน้ำยืน,ตำบลโดมประดิษฐ์,หน่วยที่ 4,election_day,6,นายยิ่ง ภูผา,ประชาธิปัตย์,#00a2e8,0
election_data\อำเภอน้ำยืน\ตำบลโดมประดิษฐ์\หน่วยที่ 5,อำเภอน้ำยืน,ตำบลโดมประดิษฐ์,หน่วยที่ 5,election_day,1,นายเกษม ฉิมพลี,ภูมิใจไทย,#212b6b,4
election_data\อำเภอน้ำยืน\ตำบลโดมประดิษฐ์\หน่วยที่ 5,อำเภอน้ำยืน,ตำบลโดมประดิษฐ์,หน่วยที่ 5,election_day,2,นายสมศักดิ์ บุญประชม,เพื่อไทรวมพลัง,#ff66cc,249
election_data\อำเภอน้ำยืน\ตำบลโดมประดิษฐ์\หน่วยที่ 5,อำเภอน้ำยืน,ตำบลโดมประดิษฐ์,หน่วยที่ 5,election_day,3,นายวัชรพล เชื้อคง,เพื่อไทย,#e0002b,6
election_data\อำเภอน้ำยืน\ตำบลโดมประดิษฐ์\หน่วยที่ 5,อำเภอน้ำยืน,ตำบลโดมประดิษฐ์,หน่วยที่ 5,election_day,4,นางสาวมิลิณ กำเนิดสิงห์,พลังประชารัฐ,#1f56a3,1
election_data\อำเภอน้ำยืน\ตำบลโดมประดิษฐ์\หน่วยที่ 5,อำเภอน้ำยืน,ตำบลโดมประดิษฐ์,หน่วยที่ 5,election_day,5,นายสิโรตม์ แสนทวีสุข,ประชาชน,#f47933,14
election_data\อำเภอน้ำยืน\ตำบลโดมประดิษฐ์\หน่วยที่ 5,อำเภอน้ำยืน,ตำบลโดมประดิษฐ์,หน่วยที่ 5,election_day,6,นายยิ่ง ภูผา,ประชาธิปัตย์,#00a2e8,0
election_data\อำเภอน้ำยืน\ตำบลโดมประดิษฐ์\หน่วยที่ 6,อำเภอน้ำยืน,ตำบลโดมประดิษฐ์,หน่วยที่ 6,election_day,1,นายเกษม ฉิมพลี,ภูมิใจไทย,#212b6b,8
election_data\อำเภอน้ำยืน\ตำบลโดมประดิษฐ์\หน่วยที่ 6,อำเภอน้ำยืน,ตำบลโดมประดิษฐ์,หน่วยที่ 6,election_day,2,นายสมศักดิ์ บุญประชม,เพื่อไทรวมพลัง,#ff66cc,272
election_data\อำเภอน้ำยืน\ตำบลโดมประดิษฐ์\หน่วยที่ 6,อำเภอน้ำยืน,ตำบลโดมประดิษฐ์,หน่วยที่ 6,election_day,3,นายวัชรพล เชื้อคง,เพื่อไทย,#e0002b,10
election_data\อำเภอน้ำยืน\ตำบลโดมประดิษฐ์\หน่วยที่ 6,อำเภอน้ำยืน,ตำบลโดมประดิษฐ์,หน่วยที่ 6,election_day,4,นางสาวมิลิณ กำเนิดสิงห์,พลังประชารัฐ,#1f56a3,1
election_data\อำเภอน้ำยืน\ตำบลโดมประดิษฐ์\หน่วยที่ 6,อำเภอน้ำยืน,ตำบลโดมประดิษฐ์,หน่วยที่ 6,election_day,5,นายสิโรตม์ แสนทวีสุข,ประชาชน,#f47933,0
election_data\อำเภอน้ำยืน\ตำบลโดมประดิษฐ์\หน่วยที่ 6,อำเภอน้ำยืน,ตำบลโดมประดิษฐ์,หน่วยที่ 6,election_day,6,นายยิ่ง ภูผา,ประชาธิปัตย์,#00a2e8,0
election_data\อำเภอน้ำยืน\ตำบลโดมประดิษฐ์\หน่วยที่ 7,อำเภอน้ำยืน,ตำบลโดมประดิษฐ์,หน่วยที่ 7,election_day,1,นายเกษม ฉิมพลี,ภูมิใจไทย,#212b6b,6
election_data\อำเภอน้ำยืน\ตำบลโดมประดิษฐ์\หน่วยที่ 7,อำเภอน้ำยืน,ตำบลโดมประดิษฐ์,หน่วยที่ 7,election_day,2,นายสมศักดิ์ บุญประชม,เพื่อไทรวมพลัง,#ff66cc,267
election_data\อำเภอน้ำยืน\ตำบลโดมประดิษฐ์\หน่วยที่ 7,อำเภอน้ำยืน,ตำบลโดมประดิษฐ์,หน่วยที่ 7,election_day,3,นายวัชรพล เชื้อคง,เพื่อไทย,#e0002b,8
election_data\อำเภอน้ำยืน\ตำบลโดมประดิษฐ์\หน่วยที่ 7,อำเภอน้ำยืน,ตำบลโดมประดิษฐ์,หน่วยที่ 7,election_day,4,นางสาวมิลิณ กำเนิดสิงห์,พลังประชารัฐ,#1f56a3,1
election_data\อำเภอน้ำยืน\ตำบลโดมประดิษฐ์\หน่วยที่ 7,อำเภอน้ำยืน,ตำบลโดมประดิษฐ์,หน่วยที่ 7,election_day,5,นายสิโรตม์ แสนทวีสุข,ประชาชน,#f47933,12
election_data\อำเภอน้ำยืน\ตำบลโดมประดิษฐ์\หน่วยที่ 7,อำเภอน้ำยืน,ตำบลโดมประดิษฐ์,หน่วยที่ 7,election_day,6,นายยิ่ง ภูผา,ประชาธิปัตย์,#00a2e8,0
election_data\อำเภอน้ำยืน\ตำบลโดมประดิษฐ์\หน่วยที่ 8,อำเภอน้ำยืน,ตำบลโดมประดิษฐ์,หน่วยที่ 8,election_day,1,นายเกษม ฉิมพลี,ภูมิใจไทย,#212b6b,4
election_data\อำเภอน้ำยืน\ตำบลโดมประดิษฐ์\หน่วยที่ 8,อำเภอน้ำยืน,ตำบลโดมประดิษฐ์,หน่วยที่ 8,election_day,2,นายสมศักดิ์ บุญประชม,เพื่อไทรวมพลัง,#ff66cc,334
election_data\อำเภอน้ำยืน\ตำบลโดมประดิษฐ์\หน่วยที่ 8,อำเภอน้ำยืน,ตำบลโดมประดิษฐ์,หน่วยที่ 8,election_day,3,นายวัชรพล เชื้อคง,เพื่อไทย,#e0002b,15
election_data\อำเภอน้ำยืน\ตำบลโดมประดิษฐ์\หน่วยที่ 8,อำเภอน้ำยืน,ตำบลโดมประดิษฐ์,หน่วยที่ 8,election_day,4,นางสาวมิลิณ กำเนิดสิงห์,พลังประชารัฐ,#1f56a3,0
election_data\อำเภอน้ำยืน\ตำบลโดมประดิษฐ์\หน่วยที่ 8,อำเภอน้ำยืน,ตำบลโดมประดิษฐ์,หน่วยที่ 8,election_day,5,นายสิโรตม์ แสนทวีสุข,ประชาชน,#f47933,10
election_data\อำเภอน้ำยืน\ตำบลโดมประดิษฐ์\หน่วยที่ 8,อำเภอน้ำยืน,ตำบลโดมประดิษฐ์,หน่วยที่ 8,election_day,6,นายยิ่ง ภูผา,ประชาธิปัตย์,#00a2e8,0
election_data\อำเภอน้ำยืน\ตำบลโดมประดิษฐ์\หน่วยที่ 9,อำเภอน้ำยืน,ตำบลโดมประดิษฐ์,หน่วยที่ 9,election_day,1,นายเกษม ฉิมพลี,ภูมิใจไทย,#212b6b,0
election_data\อำเภอน้ำยืน\ตำบลโดมประดิษฐ์\หน่วยที่ 9,อำเภอน้ำยืน,ตำบลโดมประดิษฐ์,หน่วยที่ 9,election_day,2,นายสมศักดิ์ บุญประชม,เพื่อไทรวมพลัง,#ff66cc,214
election_data\อำเภอน้ำยืน\ตำบลโดมประดิษฐ์\หน่วยที่ 9,อำเภอน้ำยืน,ตำบลโดมประดิษฐ์,หน่วยที่ 9,election_day,3,นายวัชรพล เชื้อคง,เพื่อไทย,#e0002b,20
election_data\อำเภอน้ำยืน\ตำบลโดมประดิษฐ์\หน่วยที่ 9,อำเภอน้ำยืน,ตำบลโดมประดิษฐ์,หน่วยที่ 9,election_day,4,นางสาวมิลิณ กำเนิดสิงห์,พลังประชารัฐ,#1f56a3,2
election_data\อำเภอน้ำยืน\ตำบลโดมประดิษฐ์\หน่วยที่ 9,อำเภอน้ำยืน,ตำบลโดมประดิษฐ์,หน่วยที่ 9,election_day,5,นายสิโรตม์ แสนทวีสุข,ประชาชน,#f47933,0
election_data\อำเภอน้ำยืน\ตำบลโดมประดิษฐ์\หน่วยที่ 9,อำเภอน้ำยืน,ตำบลโดมประดิษฐ์,หน่วยที่ 9,election_day,6,นายยิ่ง ภูผา,ประชาธิปัตย์,#00a2e8,0
election_data\อำเภอสำโรง\ตำบลขามป้อม\หน่วยที่ 1,อำเภอสำโรง,ตำบลขามป้อม,หน่วยที่ 1,election_day,1,นายเกษม ฉิมพลี,ภูมิใจไทย,#212b6b,5
election_data\อำเภอสำโรง\ตำบลขามป้อม\หน่วยที่ 1,อำเภอสำโรง,ตำบลขามป้อม,หน่วยที่ 1,election_day,2,นายสมศักดิ์ บุญประชม,เพื่อไทรวมพลัง,#ff66cc,55
election_data\อำเภอสำโรง\ตำบลขามป้อม\หน่วยที่ 1,อำเภอสำโรง,ตำบลขามป้อม,หน่วยที่ 1,election_day,3,นายวัชรพล เชื้อคง,เพื่อไทย,#e0002b,6
election_data\อำเภอสำโรง\ตำบลขามป้อม\หน่วยที่ 1,อำเภอสำโรง,ตำบลขามป้อม,หน่วยที่ 1,election_day,4,นางสาวมิลิณ กำเนิดสิงห์,พลังประชารัฐ,#1f56a3,1
election_data\อำเภอสำโรง\ตำบลขามป้อม\หน่วยที่ 1,อำเภอสำโรง,ตำบลขามป้อม,หน่วยที่ 1,election_day,5,นายสิโรตม์ แสนทวีสุข,ประชาชน,#f47933,11
election_data\อำเภอสำโรง\ตำบลขามป้อม\หน่วยที่ 1,อำเภอสำโรง,ตำบลขามป้อม,หน่วยที่ 1,election_day,6,นายยิ่ง ภูผา,ประชาธิปัตย์,#00a2e8,0
election_data\อำเภอสำโรง\ตำบลขามป้อม\หน่วยที่ 2,อำเภอสำโรง,ตำบลขามป้อม,หน่วยที่ 2,election_day,1,นายเกษม ฉิมพลี,ภูมิใจไทย,#212b6b,11
election_data\อำเภอสำโรง\ตำบลขามป้อม\หน่วยที่ 2,อำเภอสำโรง,ตำบลขามป้อม,หน่วยที่ 2,election_day,2,นายสมศักดิ์ บุญประชม,เพื่อไทรวมพลัง,#ff66cc,168
election_data\อำเภอสำโรง\ตำบลขามป้อม\หน่วยที่ 2,อำเภอสำโรง,ตำบลขามป้อม,หน่วยที่ 2,election_day,3,นายวัชรพล เชื้อคง,เพื่อไทย,#e0002b,0
election_data\อำเภอสำโรง\ตำบลขามป้อม\หน่วยที่ 2,อำเภอสำโรง,ตำบลขามป้อม,หน่วยที่ 2,election_day,4,นางสาวมิลิณ กำเนิดสิงห์,พลังประชารัฐ,#1f56a3,4
election_data\อำเภอสำโรง\ตำบลขามป้อม\หน่วยที่ 2,อำเภอสำโรง,ตำบลขามป้อม,หน่วยที่ 2,election_day,5,นายสิโรตม์ แสนทวีสุข,ประชาชน,#f47933,44
election_data\อำเภอสำโรง\ตำบลขามป้อม\หน่วยที่ 2,อำเภอสำโรง,ตำบลขามป้อม,หน่วยที่ 2,election_day,6,นายยิ่ง ภูผา,ประชาธิปัตย์,#00a2e8,0
election_data\อำเภอสำโรง\ตำบลขามป้อม\หน่วยที่ 3,อำเภอสำโรง,ตำบลขามป้อม,หน่วยที่ 3,election_day,1,นายเกษม ฉิมพลี,ภูมิใจไทย,#212b6b,12
election_data\อำเภอสำโรง\ตำบลขามป้อม\หน่วยที่ 3,อำเภอสำโรง,ตำบลขามป้อม,หน่วยที่ 3,election_day,2,นายสมศักดิ์ บุญประชม,เพื่อไทรวมพลัง,#ff66cc,158
election_data\อำเภอสำโรง\ตำบลขามป้อม\หน่วยที่ 3,อำเภอสำโรง,ตำบลขามป้อม,หน่วยที่ 3,election_day,3,นายวัชรพล เชื้อคง,เพื่อไทย,#e0002b,18
election_data\อำเภอสำโรง\ตำบลขามป้อม\หน่วยที่ 3,อำเภอสำโรง,ตำบลขามป้อม,หน่วยที่ 3,election_day,4,นางสาวมิลิณ กำเนิดสิงห์,พลังประชารัฐ,#1f56a3,4
election_data\อำเภอสำโรง\ตำบลขามป้อม\หน่วยที่ 3,อำเภอสำโรง,ตำบลขามป้อม,หน่วยที่ 3,election_day,5,นายสิโรตม์ แสนทวีสุข,ประชาชน,#f47933,25
election_data\อำเภอสำโรง\ตำบลขามป้อม\หน่วยที่ 3,อำเภอสำโรง,ตำบลขามป้อม,หน่วยที่ 3,election_day,6,นายยิ่ง ภูผา,ประชาธิปัตย์,#00a2e8,0
election_data\อำเภอสำโรง\ตำบลขามป้อม\หน่วยที่ 4,อำเภอสำโรง,ตำบลขามป้อม,หน่วยที่ 4,election_day,1,นายเกษม ฉิมพลี,ภูมิใจไทย,#212b6b,5
election_data\อำเภอสำโรง\ตำบลขามป้อม\หน่วยที่ 4,อำเภอสำโรง,ตำบลขามป้อม,หน่วยที่ 4,election_day,2,นายสมศักดิ์ บุญประชม,เพื่อไทรวมพลัง,#ff66cc,104
election_data\อำเภอสำโรง\ตำบลขามป้อม\หน่วยที่ 4,อำเภอสำโรง,ตำบลขามป้อม,หน่วยที่ 4,election_day,3,นายวัชรพล เชื้อคง,เพื่อไทย,#e0002b,0
election_data\อำเภอสำโรง\ตำบลขามป้อม\หน่วยที่ 4,อำเภอสำโรง,ตำบลขามป้อม,หน่วยที่ 4,election_day,4,นางสาวมิลิณ กำเนิดสิงห์,พลังประชารัฐ,#1f56a3,0
election_data\อำเภอสำโรง\ตำบลขามป้อม\หน่วยที่ 4,อำเภอสำโรง,ตำบลขามป้อม,หน่วยที่ 4,election_day,5,นายสิโรตม์ แสนทวีสุข,ประชาชน,#f47933,5
election_data\อำเภอสำโรง\ตำบลขามป้อม\หน่วยที่ 4,อำเภอสำโรง,ตำบลขามป้อม,หน่วยที่ 4,election_day,6,นายยิ่ง ภูผา,ประชาธิปัตย์,#00a2e8,1
election_data\อำเภอสำโรง\ตำบลขามป้อม\หน่วยที่ 5,อำเภอสำโรง,ตำบลขามป้อม,หน่วยที่ 5,election_day,1,นายเกษม ฉิมพลี,ภูมิใจไทย,#212b6b,4
election_data\อำเภอสำโรง\ตำบลขามป้อม\หน่วยที่ 5,อำเภอสำโรง,ตำบลขามป้อม,หน่วยที่ 5,election_day,2,นายสมศักดิ์ บุญประชม,เพื่อไทรวมพลัง,#ff66cc,107
election_data\อำเภอสำโรง\ตำบลขามป้อม\หน่วยที่ 5,อำเภอสำโรง,ตำบลขามป้อม,หน่วยที่ 5,election_day,3,นายวัชรพล เชื้อคง,เพื่อไทย,#e0002b,23
election_data\อำเภอสำโรง\ตำบลขามป้อม\หน่วยที่ 5,อำเภอสำโรง,ตำบลขามป้อม,หน่วยที่ 5,election_day,4,นางสาวมิลิณ กำเนิดสิงห์,พลังประชารัฐ,#1f56a3,4
election_data\อำเภอสำโรง\ตำบลขามป้อม\หน่วยที่ 5,อำเภอสำโรง,ตำบลขามป้อม,หน่วยที่ 5,election_day,5,นายสิโรตม์ แสนทวีสุข,ประชาชน,#f47933,15
election_data\อำเภอสำโรง\ตำบลขามป้อม\หน่วยที่ 5,อำเภอสำโรง,ตำบลขามป้อม,หน่วยที่ 5,election_day,6,นายยิ่ง ภูผา,ประชาธิปัตย์,#00a2e8,1
election_data\อำเภอสำโรง\ตำบลขามป้อม\หน่วยที่ 6,อำเภอสำโรง,ตำบลขามป้อม,หน่วยที่ 6,election_day,1,นายเกษม ฉิมพลี,ภูมิใจไทย,#212b6b,3
election_data\อำเภอสำโรง\ตำบลขามป้อม\หน่วยที่ 6,อำเภอสำโรง,ตำบลขามป้อม,หน่วยที่ 6,election_day,2,นายสมศักดิ์ บุญประชม,เพื่อไทรวมพลัง,#ff66cc,94
election_data\อำเภอสำโรง\ตำบลขามป้อม\หน่วยที่ 6,อำเภอสำโรง,ตำบลขามป้อม,หน่วยที่ 6,election_day,3,นายวัชรพล เชื้อคง,เพื่อไทย,#e0002b,21
election_data\อำเภอสำโรง\ตำบลขามป้อม\หน่วยที่ 6,อำเภอสำโรง,ตำบลขามป้อม,หน่วยที่ 6,election_day,4,นางสาวมิลิณ กำเนิดสิงห์,พลังประชารัฐ,#1f56a3,6
election_data\อำเภอสำโรง\ตำบลขามป้อม\หน่วยที่ 6,อำเภอสำโรง,ตำบลขามป้อม,หน่วยที่ 6,election_day,5,นายสิโรตม์ แสนทวีสุข,ประชาชน,#f47933,4
election_data\อำเภอสำโรง\ตำบลขามป้อม\หน่วยที่ 6,อำเภอสำโรง,ตำบลขามป้อม,หน่วยที่ 6,election_day,6,นายยิ่ง ภูผา,ประชาธิปัตย์,#00a2e8,0
election_data\อำเภอสำโรง\ตำบลขามป้อม\หน่วยที่ 7,อำเภอสำโรง,ตำบลขามป้อม,หน่วยที่ 7,election_day,1,นายเกษม ฉิมพลี,ภูมิใจไทย,#212b6b,0
election_data\อำเภอสำโรง\ตำบลขามป้อม\หน่วยที่ 7,อำเภอสำโรง,ตำบลขามป้อม,หน่วยที่ 7,election_day,2,นายสมศักดิ์ บุญประชม,เพื่อไทรวมพลัง,#ff66cc,150
election_data\อำเภอสำโรง\ตำบลขามป้อม\หน่วยที่ 7,อำเภอสำโรง,ตำบลขามป้อม,หน่วยที่ 7,election_day,3,นายวัชรพล เชื้อคง,เพื่อไทย,#e0002b,7
election_data\อำเภอสำโรง\ตำบลขามป้อม\หน่วยที่ 7,อำเภอสำโรง,ตำบลขามป้อม,หน่วยที่ 7,election_day,4,นางสาวมิลิณ กำเนิดสิงห์,พลังประชารัฐ,#1f56a3,0
election_data\อำเภอสำโรง\ตำบลขามป้อม\หน่วยที่ 7,อำเภอสำโรง,ตำบลขามป้อม,หน่วยที่ 7,election_day,5,นายสิโรตม์ แสนทวีสุข,ประชาชน,#f47933,21
election_data\อำเภอสำโรง\ตำบลขามป้อม\หน่วยที่ 7,อำเภอสำโรง,ตำบลขามป้อม,หน่วยที่ 7,election_day,6,นายยิ่ง ภูผา,ประชาธิปัตย์,#00a2e8,2
election_data\อำเภอสำโรง\ตำบลขามป้อม\หน่วยที่ 8,อำเภอสำโรง,ตำบลขามป้อม,หน่วยที่ 8,election_day,1,นายเกษม ฉิมพลี,ภูมิใจไทย,#212b6b,4
election_data\อำเภอสำโรง\ตำบลขามป้อม\หน่วยที่ 8,อำเภอสำโรง,ตำบลขามป้อม,หน่วยที่ 8,election_day,2,นายสมศักดิ์ บุญประชม,เพื่อไทรวมพลัง,#ff66cc,94
election_data\อำเภอสำโรง\ตำบลขามป้อม\หน่วยที่ 8,อำเภอสำโรง,ตำบลขามป้อม,หน่วยที่ 8,election_day,3,นายวัชรพล เชื้อคง,เพื่อไทย,#e0002b,13
election_data\อำเภอสำโรง\ตำบลขามป้อม\หน่วยที่ 8,อำเภอสำโรง,ตำบลขามป้อม,หน่วยที่ 8,election_day,4,นางสาวมิลิณ กำเนิดสิงห์,พลังประชารัฐ,#1f56a3,0
election_data\อำเภอสำโรง\ตำบลขามป้อม\หน่วยที่ 8,อำเภอสำโรง,ตำบลขามป้อม,หน่วยที่ 8,election_day,5,นายสิโรตม์ แสนทวีสุข,ประชาชน,#f47933,13
election_data\อำเภอสำโรง\ตำบลขามป้อม\หน่วยที่ 8,อำเภอสำโรง,ตำบลขามป้อม,หน่วยที่ 8,election_day,6,นายยิ่ง ภูผา,ประชาธิปัตย์,#00a2e8,0
election_data\อำเภอสำโรง\ตำบลขามป้อม\หน่วยที่ 9,อำเภอสำโรง,ตำบลขามป้อม,หน่วยที่ 9,election_day,1,นายเกษม ฉิมพลี,ภูมิใจไทย,#212b6b,9
election_data\อำเภอสำโรง\ตำบลขามป้อม\หน่วยที่ 9,อำเภอสำโรง,ตำบลขามป้อม,หน่วยที่ 9,election_day,2,นายสมศักดิ์ บุญประชม,เพื่อไทรวมพลัง,#ff66cc,107
election_data\อำเภอสำโรง\ตำบลขามป้อม\หน่วยที่ 9,อำเภอสำโรง,ตำบลขามป้อม,หน่วยที่ 9,election_day,3,นายวัชรพล เชื้อคง,เพื่อไทย,#e0002b,0
election_data\อำเภอสำโรง\ตำบลขามป้อม\หน่วยที่ 9,อำเภอสำโรง,ตำบลขามป้อม,หน่วยที่ 9,election_day,4,นางสาวมิลิณ กำเนิดสิงห์,พลังประชารัฐ,#1f56a3,4
election_data\อำเภอสำโรง\ตำบลขามป้อม\หน่วยที่ 9,อำเภอสำโรง,ตำบลขามป้อม,หน่วยที่ 9,election_day,5,นายสิโรตม์ แสนทวีสุข,ประชาชน,#f47933,17
election_data\อำเภอสำโรง\ตำบลขามป้อม\หน่วยที่ 9,อำเภอสำโรง,ตำบลขามป้อม,หน่วยที่ 9,election_day,6,นายยิ่ง ภูผา,ประชาธิปัตย์,#00a2e8,0
election_data\อำเภอสำโรง\ตำบลค้อน้อย\หน่วยที่ 1,อำเภอสำโรง,ตำบลค้อน้อย,หน่วยที่ 1,election_day,1,นายเกษม ฉิมพลี,ภูมิใจไทย,#212b6b,15
election_data\อำเภอสำโรง\ตำบลค้อน้อย\หน่วยที่ 1,อำเภอสำโรง,ตำบลค้อน้อย,หน่วยที่ 1,election_day,2,นายสมศักดิ์ บุญประชม,เพื่อไทรวมพลัง,#ff66cc,155
election_data\อำเภอสำโรง\ตำบลค้อน้อย\หน่วยที่ 1,อำเภอสำโรง,ตำบลค้อน้อย,หน่วยที่ 1,election_day,3,นายวัชรพล เชื้อคง,เพื่อไทย,#e0002b,36
election_data\อำเภอสำโรง\ตำบลค้อน้อย\หน่วยที่ 1,อำเภอสำโรง,ตำบลค้อน้อย,หน่วยที่ 1,election_day,4,นางสาวมิลิณ กำเนิดสิงห์,พลังประชารัฐ,#1f56a3,1
election_data\อำเภอสำโรง\ตำบลค้อน้อย\หน่วยที่ 1,อำเภอสำโรง,ตำบลค้อน้อย,หน่วยที่ 1,election_day,5,นายสิโรตม์ แสนทวีสุข,ประชาชน,#f47933,0
election_data\อำเภอสำโรง\ตำบลค้อน้อย\หน่วยที่ 1,อำเภอสำโรง,ตำบลค้อน้อย,หน่วยที่ 1,election_day,6,นายยิ่ง ภูผา,ประชาธิปัตย์,#00a2e8,0
election_data\อำเภอสำโรง\ตำบลค้อน้อย\หน่วยที่ 10,อำเภอสำโรง,ตำบลค้อน้อย,หน่วยที่ 10,election_day,1,นายเกษม ฉิมพลี,ภูมิใจไทย,#212b6b,14
election_data\อำเภอสำโรง\ตำบลค้อน้อย\หน่วยที่ 10,อำเภอสำโรง,ตำบลค้อน้อย,หน่วยที่ 10,election_day,2,นายสมศักดิ์ บุญประชม,เพื่อไทรวมพลัง,#ff66cc,226
election_data\อำเภอสำโรง\ตำบลค้อน้อย\หน่วยที่ 10,อำเภอสำโรง,ตำบลค้อน้อย,หน่วยที่ 10,election_day,3,นายวัชรพล เชื้อคง,เพื่อไทย,#e0002b,22
election_data\อำเภอสำโรง\ตำบลค้อน้อย\หน่วยที่ 10,อำเภอสำโรง,ตำบลค้อน้อย,หน่วยที่ 10,election_day,4,นางสาวมิลิณ กำเนิดสิงห์,พลังประชารัฐ,#1f56a3,3
election_data\อำเภอสำโรง\ตำบลค้อน้อย\หน่วยที่ 10,อำเภอสำโรง,ตำบลค้อน้อย,หน่วยที่ 10,election_day,5,นายสิโรตม์ แสนทวีสุข,ประชาชน,#f47933,2
election_data\อำเภอสำโรง\ตำบลค้อน้อย\หน่วยที่ 10,อำเภอสำโรง,ตำบลค้อน้อย,หน่วยที่ 10,election_day,6,นายยิ่ง ภูผา,ประชาธิปัตย์,#00a2e8,1
election_data\อำเภอสำโรง\ตำบลค้อน้อย\หน่วยที่ 11,อำเภอสำโรง,ตำบลค้อน้อย,หน่วยที่ 11,election_day,1,นายเกษม ฉิมพลี,ภูมิใจไทย,#212b6b,17
election_data\อำเภอสำโรง\ตำบลค้อน้อย\หน่วยที่ 11,อำเภอสำโรง,ตำบลค้อน้อย,หน่วยที่ 11,election_day,2,นายสมศักดิ์ บุญประชม,เพื่อไทรวมพลัง,#ff66cc,134
election_data\อำเภอสำโรง\ตำบลค้อน้อย\หน่วยที่ 11,อำเภอสำโรง,ตำบลค้อน้อย,หน่วยที่ 11,election_day,3,นายวัชรพล เชื้อคง,เพื่อไทย,#e0002b,30
election_data\อำเภอสำโรง\ตำบลค้อน้อย\หน่วยที่ 11,อำเภอสำโรง,ตำบลค้อน้อย,หน่วยที่ 11,election_day,4,นางสาวมิลิณ กำเนิดสิงห์,พลังประชารัฐ,#1f56a3,0
election_data\อำเภอสำโรง\ตำบลค้อน้อย\หน่วยที่ 11,อำเภอสำโรง,ตำบลค้อน้อย,หน่วยที่ 11,election_day,5,นายสิโรตม์ แสนทวีสุข,ประชาชน,#f47933,0
election_data\อำเภอสำโรง\ตำบลค้อน้อย\หน่วยที่ 11,อำเภอสำโรง,ตำบลค้อน้อย,หน่วยที่ 11,election_day,6,นายยิ่ง ภูผา,ประชาธิปัตย์,#00a2e8,0
election_data\อำเภอสำโรง\ตำบลค้อน้อย\หน่วยที่ 12,อำเภอสำโรง,ตำบลค้อน้อย,หน่วยที่ 12,election_day,1,นายเกษม ฉิมพลี,ภูมิใจไทย,#212b6b,15
election_data\อำเภอสำโรง\ตำบลค้อน้อย\หน่วยที่ 12,อำเภอสำโรง,ตำบลค้อน้อย,หน่วยที่ 12,election_day,2,นายสมศักดิ์ บุญประชม,เพื่อไทรวมพลัง,#ff66cc,117
election_data\อำเภอสำโรง\ตำบลค้อน้อย\หน่วยที่ 12,อำเภอสำโรง,ตำบลค้อน้อย,หน่วยที่ 12,election_day,3,นายวัชรพล เชื้อคง,เพื่อไทย,#e0002b,24
election_data\อำเภอสำโรง\ตำบลค้อน้อย\หน่วยที่ 12,อำเภอสำโรง,ตำบลค้อน้อย,หน่วยที่ 12,election_day,4,นางสาวมิลิณ กำเนิดสิงห์,พลังประชารัฐ,#1f56a3,4
election_data\อำเภอสำโรง\ตำบลค้อน้อย\หน่วยที่ 12,อำเภอสำโรง,ตำบลค้อน้อย,หน่วยที่ 12,election_day,5,นายสิโรตม์ แสนทวีสุข,ประชาชน,#f47933,15
election_data\อำเภอสำโรง\ตำบลค้อน้อย\หน่วยที่ 12,อำเภอสำโรง,ตำบลค้อน้อย,หน่วยที่ 12,election_day,6,นายยิ่ง ภูผา,ประชาธิปัตย์,#00a2e8,2
election_data\อำเภอสำโรง\ตำบลค้อน้อย\หน่วยที่ 13,อำเภอสำโรง,ตำบลค้อน้อย,หน่วยที่ 13,election_day,1,นายเกษม ฉิมพลี,ภูมิใจไทย,#212b6b,11
election_data\อำเภอสำโรง\ตำบลค้อน้อย\หน่วยที่ 13,อำเภอสำโรง,ตำบลค้อน้อย,หน่วยที่ 13,election_day,2,นายสมศักดิ์ บุญประชม,เพื่อไทรวมพลัง,#ff66cc,178
election_data\อำเภอสำโรง\ตำบลค้อน้อย\หน่วยที่ 13,อำเภอสำโรง,ตำบลค้อน้อย,หน่วยที่ 13,election_day,3,นายวัชรพล เชื้อคง,เพื่อไทย,#e0002b,27
election_data\อำเภอสำโรง\ตำบลค้อน้อย\หน่วยที่ 13,อำเภอสำโรง,ตำบลค้อน้อย,หน่วยที่ 13,election_day,4,นางสาวมิลิณ กำเนิดสิงห์,พลังประชารัฐ,#1f56a3,0
election_data\อำเภอสำโรง\ตำบลค้อน้อย\หน่วยที่ 13,อำเภอสำโรง,ตำบลค้อน้อย,หน่วยที่ 13,election_day,5,นายสิโรตม์ แสนทวีสุข,ประชาชน,#f47933,15
election_data\อำเภอสำโรง\ตำบลค้อน้อย\หน่วยที่ 13,อำเภอสำโรง,ตำบลค้อน้อย,หน่วยที่ 13,election_day,6,นายยิ่ง ภูผา,ประชาธิปัตย์,#00a2e8,4
election_data\อำเภอสำโรง\ตำบลค้อน้อย\หน่วยที่ 14,อำเภอสำโรง,ตำบลค้อน้อย,หน่วยที่ 14,election_day,1,นายเกษม ฉิมพลี,ภูมิใจไทย,#212b6b,5
election_data\อำเภอสำโรง\ตำบลค้อน้อย\หน่วยที่ 14,อำเภอสำโรง,ตำบลค้อน้อย,หน่วยที่ 14,election_day,2,นายสมศักดิ์ บุญประชม,เพื่อไทรวมพลัง,#ff66cc,91
election_data\อำเภอสำโรง\ตำบลค้อน้อย\หน่วยที่ 14,อำเภอสำโรง,ตำบลค้อน้อย,หน่วยที่ 14,election_day,3,นายวัชรพล เชื้อคง,เพื่อไทย,#e0002b,22
election_data\อำเภอสำโรง\ตำบลค้อน้อย\หน่วยที่ 14,อำเภอสำโรง,ตำบลค้อน้อย,หน่วยที่ 14,election_day,4,นางสาวมิลิณ กำเนิดสิงห์,พลังประชารัฐ,#1f56a3,1
election_data\อำเภอสำโรง\ตำบลค้อน้อย\หน่วยที่ 14,อำเภอสำโรง,ตำบลค้อน้อย,หน่วยที่ 14,election_day,5,นายสิโรตม์ แสนทวีสุข,ประชาชน,#f47933,11
election_data\อำเภอสำโรง\ตำบลค้อน้อย\หน่วยที่ 14,อำเภอสำโรง,ตำบลค้อน้อย,หน่วยที่ 14,election_day,6,นายยิ่ง ภูผา,ประชาธิปัตย์,#00a2e8,4
election_data\อำเภอสำโรง\ตำบลค้อน้อย\หน่วยที่ 15,อำเภอสำโรง,ตำบลค้อน้อย,หน่วยที่ 15,election_day,1,นายเกษม ฉิมพลี,ภูมิใจไทย,#212b6b,8
election_data\อำเภอสำโรง\ตำบลค้อน้อย\หน่วยที่ 15,อำเภอสำโรง,ตำบลค้อน้อย,หน่วยที่ 15,election_day,2,นายสมศักดิ์ บุญประชม,เพื่อไทรวมพลัง,#ff66cc,122
election_data\อำเภอสำโรง\ตำบลค้อน้อย\หน่วยที่ 15,อำเภอสำโรง,ตำบลค้อน้อย,หน่วยที่ 15,election_day,3,นายวัชรพล เชื้อคง,เพื่อไทย,#e0002b,20
election_data\อำเภอสำโรง\ตำบลค้อน้อย\หน่วยที่ 15,อำเภอสำโรง,ตำบลค้อน้อย,หน่วยที่ 15,election_day,4,นางสาวมิลิณ กำเนิดสิงห์,พลังประชารัฐ,#1f56a3,2
election_data\อำเภอสำโรง\ตำบลค้อน้อย\หน่วยที่ 15,อำเภอสำโรง,ตำบลค้อน้อย,หน่วยที่ 15,election_day,5,นายสิโรตม์ แสนทวีสุข,ประชาชน,#f47933,28
election_data\อำเภอสำโรง\ตำบลค้อน้อย\หน่วยที่ 15,อำเภอสำโรง,ตำบลค้อน้อย,หน่วยที่ 15,election_day,6,นายยิ่ง ภูผา,ประชาธิปัตย์,#00a2e8,7
election_data\อำเภอสำโรง\ตำบลค้อน้อย\หน่วยที่ 16,อำเภอสำโรง,ตำบลค้อน้อย,หน่วยที่ 16,election_day,1,นายเกษม ฉิมพลี,ภูมิใจไทย,#212b6b,4
election_data\อำเภอสำโรง\ตำบลค้อน้อย\หน่วยที่ 16,อำเภอสำโรง,ตำบลค้อน้อย,หน่วยที่ 16,election_day,2,นายสมศักดิ์ บุญประชม,เพื่อไทรวมพลัง,#ff66cc,146
election_data\อำเภอสำโรง\ตำบลค้อน้อย\หน่วยที่ 16,อำเภอสำโรง,ตำบลค้อน้อย,หน่วยที่ 16,election_day,3,นายวัชรพล เชื้อคง,เพื่อไทย,#e0002b,3
election_data\อำเภอสำโรง\ตำบลค้อน้อย\หน่วยที่ 16,อำเภอสำโรง,ตำบลค้อน้อย,หน่วยที่ 16,election_day,4,นางสาวมิลิณ กำเนิดสิงห์,พลังประชารัฐ,#1f56a3,1
election_data\อำเภอสำโรง\ตำบลค้อน้อย\หน่วยที่ 16,อำเภอสำโรง,ตำบลค้อน้อย,หน่วยที่ 16,election_day,5,นายสิโรตม์ แสนทวีสุข,ประชาชน,#f47933,16
election_data\อำเภอสำโรง\ตำบลค้อน้อย\หน่วยที่ 16,อำเภอสำโรง,ตำบลค้อน้อย,หน่วยที่ 16,election_day,6,นายยิ่ง ภูผา,ประชาธิปัตย์,#00a2e8,0
election_data\อำเภอสำโรง\ตำบลค้อน้อย\หน่วยที่ 17,อำเภอสำโรง,ตำบลค้อน้อย,หน่วยที่ 17,election_day,1,นายเกษม ฉิมพลี,ภูมิใจไทย,#212b6b,2
election_data\อำเภอสำโรง\ตำบลค้อน้อย\หน่วยที่ 17,อำเภอสำโรง,ตำบลค้อน้อย,หน่วยที่ 17,election_day,2,นายสมศักดิ์ บุญประชม,เพื่อไทรวมพลัง,#ff66cc,129
election_data\อำเภอสำโรง\ตำบลค้อน้อย\หน่วยที่ 17,อำเภอสำโรง,ตำบลค้อน้อย,หน่วยที่ 17,election_day,3,นายวัชรพล เชื้อคง,เพื่อไทย,#e0002b,1
election_data\อำเภอสำโรง\ตำบลค้อน้อย\หน่วยที่ 17,อำเภอสำโรง,ตำบลค้อน้อย,หน่วยที่ 17,election_day,4,นางสาวมิลิณ กำเนิดสิงห์,พลังประชารัฐ,#1f56a3,4
election_data\อำเภอสำโรง\ตำบลค้อน้อย\หน่วยที่ 17,อำเภอสำโรง,ตำบลค้อน้อย,หน่วยที่ 17,election_day,5,นายสิโรตม์ แสนทวีสุข,ประชาชน,#f47933,16
election_data\อำเภอสำโรง\ตำบลค้อน้อย\หน่วยที่ 17,อำเภอสำโรง,ตำบลค้อน้อย,หน่วยที่ 17,election_day,6,นายยิ่ง ภูผา,ประชาธิปัตย์,#00a2e8,0
election_data\อำเภอสำโรง\ตำบลค้อน้อย\หน่วยที่ 2,อำเภอสำโรง,ตำบลค้อน้อย,หน่วยที่ 2,election_day,1,นายเกษม ฉิมพลี,ภูมิใจไทย,#212b6b,12
election_data\อำเภอสำโรง\ตำบลค้อน้อย\หน่วยที่ 2,อำเภอสำโรง,ตำบลค้อน้อย,หน่วยที่ 2,election_day,2,นายสมศักดิ์ บุญประชม,เพื่อไทรวมพลัง,#ff66cc,147
election_data\อำเภอสำโรง\ตำบลค้อน้อย\หน่วยที่ 2,อำเภอสำโรง,ตำบลค้อน้อย,หน่วยที่ 2,election_day,3,นายวัชรพล เชื้อคง,เพื่อไทย,#e0002b,7
election_data\อำเภอสำโรง\ตำบลค้อน้อย\หน่วยที่ 2,อำเภอสำโรง,ตำบลค้อน้อย,หน่วยที่ 2,election_day,4,นางสาวมิลิณ กำเนิดสิงห์,พลังประชารัฐ,#1f56a3,3
election_data\อำเภอสำโรง\ตำบลค้อน้อย\หน่วยที่ 2,อำเภอสำโรง,ตำบลค้อน้อย,หน่วยที่ 2,election_day,5,นายสิโรตม์ แสนทวีสุข,ประชาชน,#f47933,21
election_data\อำเภอสำโรง\ตำบลค้อน้อย\หน่วยที่ 2,อำเภอสำโรง,ตำบลค้อน้อย,หน่วยที่ 2,election_day,6,นายยิ่ง ภูผา,ประชาธิปัตย์,#00a2e8,0
election_data\อำเภอสำโรง\ตำบลค้อน้อย\หน่วยที่ 3,อำเภอสำโรง,ตำบลค้อน้อย,หน่วยที่ 3,election_day,1,นายเกษม ฉิมพลี,ภูมิใจไทย,#212b6b,5
election_data\อำเภอสำโรง\ตำบลค้อน้อย\หน่วยที่ 3,อำเภอสำโรง,ตำบลค้อน้อย,หน่วยที่ 3,election_day,2,นายสมศักดิ์ บุญประชม,เพื่อไทรวมพลัง,#ff66cc,140
election_data\อำเภอสำโรง\ตำบลค้อน้อย\หน่วยที่ 3,อำเภอสำโรง,ตำบลค้อน้อย,หน่วยที่ 3,election_day,3,นายวัชรพล เชื้อคง,เพื่อไทย,#e0002b,24
election_data\อำเภอสำโรง\ตำบลค้อน้อย\หน่วยที่ 3,อำเภอสำโรง,ตำบลค้อน้อย,หน่วยที่ 3,election_day,4,นางสาวมิลิณ กำเนิดสิงห์,พลังประชารัฐ,#1f56a3,0
election_data\อำเภอสำโรง\ตำบลค้อน้อย\หน่วยที่ 3,อำเภอสำโรง,ตำบลค้อน้อย,หน่วยที่ 3,election_day,5,นายสิโรตม์ แสนทวีสุข,ประชาชน,#f47933,28
election_data\อำเภอสำโรง\ตำบลค้อน้อย\หน่วยที่ 3,อำเภอสำโรง,ตำบลค้อน้อย,หน่วยที่ 3,election_day,6,นายยิ่ง ภูผา,ประชาธิปัตย์,#00a2e8,3
election_data\อำเภอสำโรง\ตำบลค้อน้อย\หน่วยที่ 4,อำเภอสำโรง,ตำบลค้อน้อย,หน่วยที่ 4,election_day,1,นายเกษม ฉิมพลี,ภูมิใจไทย,#212b6b,4
election_data\อำเภอสำโรง\ตำบลค้อน้อย\หน่วยที่ 4,อำเภอสำโรง,ตำบลค้อน้อย,หน่วยที่ 4,election_day,2,นายสมศักดิ์ บุญประชม,เพื่อไทรวมพลัง,#ff66cc,93
election_data\อำเภอสำโรง\ตำบลค้อน้อย\หน่วยที่ 4,อำเภอสำโรง,ตำบลค้อน้อย,หน่วยที่ 4,election_day,3,นายวัชรพล เชื้อคง,เพื่อไทย,#e0002b,12
election_data\อำเภอสำโรง\ตำบลค้อน้อย\หน่วยที่ 4,อำเภอสำโรง,ตำบลค้อน้อย,หน่วยที่ 4,election_day,4,นางสาวมิลิณ กำเนิดสิงห์,พลังประชารัฐ,#1f56a3,0
election_data\อำเภอสำโรง\ตำบลค้อน้อย\หน่วยที่ 4,อำเภอสำโรง,ตำบลค้อน้อย,หน่วยที่ 4,election_day,5,นายสิโรตม์ แสนทวีสุข,ประชาชน,#f47933,17
election_data\อำเภอสำโรง\ตำบลค้อน้อย\หน่วยที่ 4,อำเภอสำโรง,ตำบลค้อน้อย,หน่วยที่ 4,election_day,6,นายยิ่ง ภูผา,ประชาธิปัตย์,#00a2e8,0
election_data\อำเภอสำโรง\ตำบลค้อน้อย\หน่วยที่ 5,อำเภอสำโรง,ตำบลค้อน้อย,หน่วยที่ 5,election_day,1,นายเกษม ฉิมพลี,ภูมิใจไทย,#212b6b,14
election_data\อำเภอสำโรง\ตำบลค้อน้อย\หน่วยที่ 5,อำเภอสำโรง,ตำบลค้อน้อย,หน่วยที่ 5,election_day,2,นายสมศักดิ์ บุญประชม,เพื่อไทรวมพลัง,#ff66cc,157
election_data\อำเภอสำโรง\ตำบลค้อน้อย\หน่วยที่ 5,อำเภอสำโรง,ตำบลค้อน้อย,หน่วยที่ 5,election_day,3,นายวัชรพล เชื้อคง,เพื่อไทย,#e0002b,1
election_data\อำเภอสำโรง\ตำบลค้อน้อย\หน่วยที่ 5,อำเภอสำโรง,ตำบลค้อน้อย,หน่วยที่ 5,election_day,4,นางสาวมิลิณ กำเนิดสิงห์,พลังประชารัฐ,#1f56a3,2
election_data\อำเภอสำโรง\ตำบลค้อน้อย\หน่วยที่ 5,อำเภอสำโรง,ตำบลค้อน้อย,หน่วยที่ 5,election_day,5,นายสิโรตม์ แสนทวีสุข,ประชาชน,#f47933,21
election_data\อำเภอสำโรง\ตำบลค้อน้อย\หน่วยที่ 5,อำเภอสำโรง,ตำบลค้อน้อย,หน่วยที่ 5,election_day,6,นายยิ่ง ภูผา,ประชาธิปัตย์,#00a2e8,5
election_data\อำเภอสำโรง\ตำบลค้อน้อย\หน่วยที่ 6,อำเภอสำโรง,ตำบลค้อน้อย,หน่วยที่ 6,election_day,1,นายเกษม ฉิมพลี,ภูมิใจไทย,#212b6b,5
election_data\อำเภอสำโรง\ตำบลค้อน้อย\หน่วยที่ 6,อำเภอสำโรง,ตำบลค้อน้อย,หน่วยที่ 6,election_day,2,นายสมศักดิ์ บุญประชม,เพื่อไทรวมพลัง,#ff66cc,146
election_data\อำเภอสำโรง\ตำบลค้อน้อย\หน่วยที่ 6,อำเภอสำโรง,ตำบลค้อน้อย,หน่วยที่ 6,election_day,3,นายวัชรพล เชื้อคง,เพื่อไทย,#e0002b,44
election_data\อำเภอสำโรง\ตำบลค้อน้อย\หน่วยที่ 6,อำเภอสำโรง,ตำบลค้อน้อย,หน่วยที่ 6,election_day,4,นางสาวมิลิณ กำเนิดสิงห์,พลังประชารัฐ,#1f56a3,4
election_data\อำเภอสำโรง\ตำบลค้อน้อย\หน่วยที่ 6,อำเภอสำโรง,ตำบลค้อน้อย,หน่วยที่ 6,election_day,5,นายสิโรตม์ แสนทวีสุข,ประชาชน,#f47933,2
election_data\อำเภอสำโรง\ตำบลค้อน้อย\หน่วยที่ 6,อำเภอสำโรง,ตำบลค้อน้อย,หน่วยที่ 6,election_day,6,นายยิ่ง ภูผา,ประชาธิปัตย์,#00a2e8,6
election_data\อำเภอสำโรง\ตำบลค้อน้อย\หน่วยที่ 7,อำเภอสำโรง,ตำบลค้อน้อย,หน่วยที่ 7,election_day,1,นายเกษม ฉิมพลี,ภูมิใจไทย,#212b6b,9
election_data\อำเภอสำโรง\ตำบลค้อน้อย\หน่วยที่ 7,อำเภอสำโรง,ตำบลค้อน้อย,หน่วยที่ 7,election_day,2,นายสมศักดิ์ บุญประชม,เพื่อไทรวมพลัง,#ff66cc,243
election_data\อำเภอสำโรง\ตำบลค้อน้อย\หน่วยที่ 7,อำเภอสำโรง,ตำบลค้อน้อย,หน่วยที่ 7,election_day,3,นายวัชรพล เชื้อคง,เพื่อไทย,#e0002b,15
election_data\อำเภอสำโรง\ตำบลค้อน้อย\หน่วยที่ 7,อำเภอสำโรง,ตำบลค้อน้อย,หน่วยที่ 7,election_day,4,นางสาวมิลิณ กำเนิดสิงห์,พลังประชารัฐ,#1f56a3,1
election_data\อำเภอสำโรง\ตำบลค้อน้อย\หน่วยที่ 7,อำเภอสำโรง,ตำบลค้อน้อย,หน่วยที่ 7,election_day,5,นายสิโรตม์ แสนทวีสุข,ประชาชน,#f47933,14
election_data\อำเภอสำโรง\ตำบลค้อน้อย\หน่วยที่ 7,อำเภอสำโรง,ตำบลค้อน้อย,หน่วยที่ 7,election_day,6,นายยิ่ง ภูผา,ประชาธิปัตย์,#00a2e8,1
election_data\อำเภอสำโรง\ตำบลค้อน้อย\หน่วยที่ 8,อำเภอสำโรง,ตำบลค้อน้อย,หน่วยที่ 8,election_day,1,นายเกษม ฉิมพลี,ภูมิใจไทย,#212b6b,14
election_data\อำเภอสำโรง\ตำบลค้อน้อย\หน่วยที่ 8,อำเภอสำโรง,ตำบลค้อน้อย,หน่วยที่ 8,election_day,2,นายสมศักดิ์ บุญประชม,เพื่อไทรวมพลัง,#ff66cc,165
election_data\อำเภอสำโรง\ตำบลค้อน้อย\หน่วยที่ 8,อำเภอสำโรง,ตำบลค้อน้อย,หน่วยที่ 8,election_day,3,นายวัชรพล เชื้อคง,เพื่อไทย,#e0002b,63
election_data\อำเภอสำโรง\ตำบลค้อน้อย\หน่วยที่ 8,อำเภอสำโรง,ตำบลค้อน้อย,หน่วยที่ 8,election_day,4,นางสาวมิลิณ กำเนิดสิงห์,พลังประชารัฐ,#1f56a3,4
election_data\อำเภอสำโรง\ตำบลค้อน้อย\หน่วยที่ 8,อำเภอสำโรง,ตำบลค้อน้อย,หน่วยที่ 8,election_day,5,นายสิโรตม์ แสนทวีสุข,ประชาชน,#f47933,0
election_data\อำเภอสำโรง\ตำบลค้อน้อย\หน่วยที่ 8,อำเภอสำโรง,ตำบลค้อน้อย,หน่วยที่ 8,election_day,6,นายยิ่ง ภูผา,ประชาธิปัตย์,#00a2e8,0
election_data\อำเภอสำโรง\ตำบลค้อน้อย\หน่วยที่ 9,อำเภอสำโรง,ตำบลค้อน้อย,หน่วยที่ 9,election_day,1,นายเกษม ฉิมพลี,ภูมิใจไทย,#212b6b,4
election_data\อำเภอสำโรง\ตำบลค้อน้อย\หน่วยที่ 9,อำเภอสำโรง,ตำบลค้อน้อย,หน่วยที่ 9,election_day,2,นายสมศักดิ์ บุญประชม,เพื่อไทรวมพลัง,#ff66cc,111
election_data\อำเภอสำโรง\ตำบลค้อน้อย\หน่วยที่ 9,อำเภอสำโรง,ตำบลค้อน้อย,หน่วยที่ 9,election_day,3,นายวัชรพล เชื้อคง,เพื่อไทย,#e0002b,2
election_data\อำเภอสำโรง\ตำบลค้อน้อย\หน่วยที่ 9,อำเภอสำโรง,ตำบลค้อน้อย,หน่วยที่ 9,election_day,4,นางสาวมิลิณ กำเนิดสิงห์,พลังประชารัฐ,#1f56a3,2
election_data\อำเภอสำโรง\ตำบลค้อน้อย\หน่วยที่ 9,อำเภอสำโรง,ตำบลค้อน้อย,หน่วยที่ 9,election_day,5,นายสิโรตม์ แสนทวีสุข,ประชาชน,#f47933,27
election_data\อำเภอสำโรง\ตำบลค้อน้อย\หน่วยที่ 9,อำเภอสำโรง,ตำบลค้อน้อย,หน่วยที่ 9,election_day,6,นายยิ่ง ภูผา,ประชาธิปัตย์,#00a2e8,0
election_data\อำเภอสำโรง\ตำบลหนองไฮ\หน่วยที่ 1,อำเภอสำโรง,ตำบลหนองไฮ,หน่วยที่ 1,election_day,1,นายเกษม ฉิมพลี,ภูมิใจไทย,#212b6b,43
election_data\อำเภอสำโรง\ตำบลหนองไฮ\หน่วยที่ 1,อำเภอสำโรง,ตำบลหนองไฮ,หน่วยที่ 1,election_day,2,นายสมศักดิ์ บุญประชม,เพื่อไทรวมพลัง,#ff66cc,140
election_data\อำเภอสำโรง\ตำบลหนองไฮ\หน่วยที่ 1,อำเภอสำโรง,ตำบลหนองไฮ,หน่วยที่ 1,election_day,3,นายวัชรพล เชื้อคง,เพื่อไทย,#e0002b,35
election_data\อำเภอสำโรง\ตำบลหนองไฮ\หน่วยที่ 1,อำเภอสำโรง,ตำบลหนองไฮ,หน่วยที่ 1,election_day,4,นางสาวมิลิณ กำเนิดสิงห์,พลังประชารัฐ,#1f56a3,1
election_data\อำเภอสำโรง\ตำบลหนองไฮ\หน่วยที่ 1,อำเภอสำโรง,ตำบลหนองไฮ,หน่วยที่ 1,election_day,5,นายสิโรตม์ แสนทวีสุข,ประชาชน,#f47933,48
election_data\อำเภอสำโรง\ตำบลหนองไฮ\หน่วยที่ 1,อำเภอสำโรง,ตำบลหนองไฮ,หน่วยที่ 1,election_day,6,นายยิ่ง ภูผา,ประชาธิปัตย์,#00a2e8,0
election_data\อำเภอสำโรง\ตำบลหนองไฮ\หน่วยที่ 10,อำเภอสำโรง,ตำบลหนองไฮ,หน่วยที่ 10,election_day,1,นายเกษม ฉิมพลี,ภูมิใจไทย,#212b6b,9
election_data\อำเภอสำโรง\ตำบลหนองไฮ\หน่วยที่ 10,อำเภอสำโรง,ตำบลหนองไฮ,หน่วยที่ 10,election_day,2,นายสมศักดิ์ บุญประชม,เพื่อไทรวมพลัง,#ff66cc,214
election_data\อำเภอสำโรง\ตำบลหนองไฮ\หน่วยที่ 10,อำเภอสำโรง,ตำบลหนองไฮ,หน่วยที่ 10,election_day,3,นายวัชรพล เชื้อคง,เพื่อไทย,#e0002b,39
election_data\อำเภอสำโรง\ตำบลหนองไฮ\หน่วยที่ 10,อำเภอสำโรง,ตำบลหนองไฮ,หน่วยที่ 10,election_day,4,นางสาวมิลิณ กำเนิดสิงห์,พลังประชารัฐ,#1f56a3,2
election_data\อำเภอสำโรง\ตำบลหนองไฮ\หน่วยที่ 10,อำเภอสำโรง,ตำบลหนองไฮ,หน่วยที่ 10,election_day,5,นายสิโรตม์ แสนทวีสุข,ประชาชน,#f47933,3
election_data\อำเภอสำโรง\ตำบลหนองไฮ\หน่วยที่ 10,อำเภอสำโรง,ตำบลหนองไฮ,หน่วยที่ 10,election_day,6,นายยิ่ง ภูผา,ประชาธิปัตย์,#00a2e8,0
election_data\อำเภอสำโรง\ตำบลหนองไฮ\หน่วยที่ 11,อำเภอสำโรง,ตำบลหนองไฮ,หน่วยที่ 11,election_day,1,นายเกษม ฉิมพลี,ภูมิใจไทย,#212b6b,8
election_data\อำเภอสำโรง\ตำบลหนองไฮ\หน่วยที่ 11,อำเภอสำโรง,ตำบลหนองไฮ,หน่วยที่ 11,election_day,2,นายสมศักดิ์ บุญประชม,เพื่อไทรวมพลัง,#ff66cc,113
election_data\อำเภอสำโรง\ตำบลหนองไฮ\หน่วยที่ 11,อำเภอสำโรง,ตำบลหนองไฮ,หน่วยที่ 11,election_day,3,นายวัชรพล เชื้อคง,เพื่อไทย,#e0002b,19
election_data\อำเภอสำโรง\ตำบลหนองไฮ\หน่วยที่ 11,อำเภอสำโรง,ตำบลหนองไฮ,หน่วยที่ 11,election_day,4,นางสาวมิลิณ กำเนิดสิงห์,พลังประชารัฐ,#1f56a3,8
election_data\อำเภอสำโรง\ตำบลหนองไฮ\หน่วยที่ 11,อำเภอสำโรง,ตำบลหนองไฮ,หน่วยที่ 11,election_day,5,นายสิโรตม์ แสนทวีสุข,ประชาชน,#f47933,3
election_data\อำเภอสำโรง\ตำบลหนองไฮ\หน่วยที่ 11,อำเภอสำโรง,ตำบลหนองไฮ,หน่วยที่ 11,election_day,6,นายยิ่ง ภูผา,ประชาธิปัตย์,#00a2e8,0
election_data\อำเภอสำโรง\ตำบลหนองไฮ\หน่วยที่ 12,อำเภอสำโรง,ตำบลหนองไฮ,หน่วยที่ 12,election_day,1,นายเกษม ฉิมพลี,ภูมิใจไทย,#212b6b,11
election_data\อำเภอสำโรง\ตำบลหนองไฮ\หน่วยที่ 12,อำเภอสำโรง,ตำบลหนองไฮ,หน่วยที่ 12,election_day,2,นายสมศักดิ์ บุญประชม,เพื่อไทรวมพลัง,#ff66cc,92
election_data\อำเภอสำโรง\ตำบลหนองไฮ\หน่วยที่ 12,อำเภอสำโรง,ตำบลหนองไฮ,หน่วยที่ 12,election_day,3,นายวัชรพล เชื้อคง,เพื่อไทย,#e0002b,2
election_data\อำเภอสำโรง\ตำบลหนองไฮ\หน่วยที่ 12,อำเภอสำโรง,ตำบลหนองไฮ,หน่วยที่ 12,election_day,4,นางสาวมิลิณ กำเนิดสิงห์,พลังประชารัฐ,#1f56a3,28
election_data\อำเภอสำโรง\ตำบลหนองไฮ\หน่วยที่ 12,อำเภอสำโรง,ตำบลหนองไฮ,หน่วยที่ 12,election_day,5,นายสิโรตม์ แสนทวีสุข,ประชาชน,#f47933,28
election_data\อำเภอสำโรง\ตำบลหนองไฮ\หน่วยที่ 12,อำเภอสำโรง,ตำบลหนองไฮ,หน่วยที่ 12,election_day,6,นายยิ่ง ภูผา,ประชาธิปัตย์,#00a2e8,0
election_data\อำเภอสำโรง\ตำบลหนองไฮ\หน่วยที่ 2,อำเภอสำโรง,ตำบลหนองไฮ,หน่วยที่ 2,election_day,1,นายเกษม ฉิมพลี,ภูมิใจไทย,#212b6b,0
election_data\อำเภอสำโรง\ตำบลหนองไฮ\หน่วยที่ 2,อำเภอสำโรง,ตำบลหนองไฮ,หน่วยที่ 2,election_day,2,นายสมศักดิ์ บุญประชม,เพื่อไทรวมพลัง,#ff66cc,256
election_data\อำเภอสำโรง\ตำบลหนองไฮ\หน่วยที่ 2,อำเภอสำโรง,ตำบลหนองไฮ,หน่วยที่ 2,election_day,3,นายวัชรพล เชื้อคง,เพื่อไทย,#e0002b,0
election_data\อำเภอสำโรง\ตำบลหนองไฮ\หน่วยที่ 2,อำเภอสำโรง,ตำบลหนองไฮ,หน่วยที่ 2,election_day,4,นางสาวมิลิณ กำเนิดสิงห์,พลังประชารัฐ,#1f56a3,0
election_data\อำเภอสำโรง\ตำบลหนองไฮ\หน่วยที่ 2,อำเภอสำโรง,ตำบลหนองไฮ,หน่วยที่ 2,election_day,5,นายสิโรตม์ แสนทวีสุข,ประชาชน,#f47933,25
election_data\อำเภอสำโรง\ตำบลหนองไฮ\หน่วยที่ 2,อำเภอสำโรง,ตำบลหนองไฮ,หน่วยที่ 2,election_day,6,นายยิ่ง ภูผา,ประชาธิปัตย์,#00a2e8,0
election_data\อำเภอสำโรง\ตำบลหนองไฮ\หน่วยที่ 3,อำเภอสำโรง,ตำบลหนองไฮ,หน่วยที่ 3,election_day,1,นายเกษม ฉิมพลี,ภูมิใจไทย,#212b6b,7
election_data\อำเภอสำโรง\ตำบลหนองไฮ\หน่วยที่ 3,อำเภอสำโรง,ตำบลหนองไฮ,หน่วยที่ 3,election_day,2,นายสมศักดิ์ บุญประชม,เพื่อไทรวมพลัง,#ff66cc,133
election_data\อำเภอสำโรง\ตำบลหนองไฮ\หน่วยที่ 3,อำเภอสำโรง,ตำบลหนองไฮ,หน่วยที่ 3,election_day,3,นายวัชรพล เชื้อคง,เพื่อไทย,#e0002b,0
election_data\อำเภอสำโรง\ตำบลหนองไฮ\หน่วยที่ 3,อำเภอสำโรง,ตำบลหนองไฮ,หน่วยที่ 3,election_day,4,นางสาวมิลิณ กำเนิดสิงห์,พลังประชารัฐ,#1f56a3,0
election_data\อำเภอสำโรง\ตำบลหนองไฮ\หน่วยที่ 3,อำเภอสำโรง,ตำบลหนองไฮ,หน่วยที่ 3,election_day,5,นายสิโรตม์ แสนทวีสุข,ประชาชน,#f47933,25
election_data\อำเภอสำโรง\ตำบลหนองไฮ\หน่วยที่ 3,อำเภอสำโรง,ตำบลหนองไฮ,หน่วยที่ 3,election_day,6,นายยิ่ง ภูผา,ประชาธิปัตย์,#00a2e8,0
election_data\อำเภอสำโรง\ตำบลหนองไฮ\หน่วยที่ 4,อำเภอสำโรง,ตำบลหนองไฮ,หน่วยที่ 4,election_day,1,นายเกษม ฉิมพลี,ภูมิใจไทย,#212b6b,8
election_data\อำเภอสำโรง\ตำบลหนองไฮ\หน่วยที่ 4,อำเภอสำโรง,ตำบลหนองไฮ,หน่วยที่ 4,election_day,2,นายสมศักดิ์ บุญประชม,เพื่อไทรวมพลัง,#ff66cc,83
election_data\อำเภอสำโรง\ตำบลหนองไฮ\หน่วยที่ 4,อำเภอสำโรง,ตำบลหนองไฮ,หน่วยที่ 4,election_day,3,นายวัชรพล เชื้อคง,เพื่อไทย,#e0002b,47
election_data\อำเภอสำโรง\ตำบลหนองไฮ\หน่วยที่ 4,อำเภอสำโรง,ตำบลหนองไฮ,หน่วยที่ 4,election_day,4,นางสาวมิลิณ กำเนิดสิงห์,พลังประชารัฐ,#1f56a3,3
election_data\อำเภอสำโรง\ตำบลหนองไฮ\หน่วยที่ 4,อำเภอสำโรง,ตำบลหนองไฮ,หน่วยที่ 4,election_day,5,นายสิโรตม์ แสนทวีสุข,ประชาชน,#f47933,4
election_data\อำเภอสำโรง\ตำบลหนองไฮ\หน่วยที่ 4,อำเภอสำโรง,ตำบลหนองไฮ,หน่วยที่ 4,election_day,6,นายยิ่ง ภูผา,ประชาธิปัตย์,#00a2e8,0
election_data\อำเภอสำโรง\ตำบลหนองไฮ\หน่วยที่ 5,อำเภอสำโรง,ตำบลหนองไฮ,หน่วยที่ 5,election_day,1,นายเกษม ฉิมพลี,ภูมิใจไทย,#212b6b,0
election_data\อำเภอสำโรง\ตำบลหนองไฮ\หน่วยที่ 5,อำเภอสำโรง,ตำบลหนองไฮ,หน่วยที่ 5,election_day,2,นายสมศักดิ์ บุญประชม,เพื่อไทรวมพลัง,#ff66cc,154
election_data\อำเภอสำโรง\ตำบลหนองไฮ\หน่วยที่ 5,อำเภอสำโรง,ตำบลหนองไฮ,หน่วยที่ 5,election_day,3,นายวัชรพล เชื้อคง,เพื่อไทย,#e0002b,29
election_data\อำเภอสำโรง\ตำบลหนองไฮ\หน่วยที่ 5,อำเภอสำโรง,ตำบลหนองไฮ,หน่วยที่ 5,election_day,4,นางสาวมิลิณ กำเนิดสิงห์,พลังประชารัฐ,#1f56a3,0
election_data\อำเภอสำโรง\ตำบลหนองไฮ\หน่วยที่ 5,อำเภอสำโรง,ตำบลหนองไฮ,หน่วยที่ 5,election_day,5,นายสิโรตม์ แสนทวีสุข,ประชาชน,#f47933,0
election_data\อำเภอสำโรง\ตำบลหนองไฮ\หน่วยที่ 5,อำเภอสำโรง,ตำบลหนองไฮ,หน่วยที่ 5,election_day,6,นายยิ่ง ภูผา,ประชาธิปัตย์,#00a2e8,2
election_data\อำเภอสำโรง\ตำบลหนองไฮ\หน่วยที่ 6,อำเภอสำโรง,ตำบลหนองไฮ,หน่วยที่ 6,election_day,1,นายเกษม ฉิมพลี,ภูมิใจไทย,#212b6b,13
election_data\อำเภอสำโรง\ตำบลหนองไฮ\หน่วยที่ 6,อำเภอสำโรง,ตำบลหนองไฮ,หน่วยที่ 6,election_day,2,นายสมศักดิ์ บุญประชม,เพื่อไทรวมพลัง,#ff66cc,146
election_data\อำเภอสำโรง\ตำบลหนองไฮ\หน่วยที่ 6,อำเภอสำโรง,ตำบลหนองไฮ,หน่วยที่ 6,election_day,3,นายวัชรพล เชื้อคง,เพื่อไทย,#e0002b,34
election_data\อำเภอสำโรง\ตำบลหนองไฮ\หน่วยที่ 6,อำเภอสำโรง,ตำบลหนองไฮ,หน่วยที่ 6,election_day,4,นางสาวมิลิณ กำเนิดสิงห์,พลังประชารัฐ,#1f56a3,3
election_data\อำเภอสำโรง\ตำบลหนองไฮ\หน่วยที่ 6,อำเภอสำโรง,ตำบลหนองไฮ,หน่วยที่ 6,election_day,5,นายสิโรตม์ แสนทวีสุข,ประชาชน,#f47933,3
election_data\อำเภอสำโรง\ตำบลหนองไฮ\หน่วยที่ 6,อำเภอสำโรง,ตำบลหนองไฮ,หน่วยที่ 6,election_day,6,นายยิ่ง ภูผา,ประชาธิปัตย์,#00a2e8,4
election_data\อำเภอสำโรง\ตำบลหนองไฮ\หน่วยที่ 7,อำเภอสำโรง,ตำบลหนองไฮ,หน่วยที่ 7,election_day,1,นายเกษม ฉิมพลี,ภูมิใจไทย,#212b6b,28
election_data\อำเภอสำโรง\ตำบลหนองไฮ\หน่วยที่ 7,อำเภอสำโรง,ตำบลหนองไฮ,หน่วยที่ 7,election_day,2,นายสมศักดิ์ บุญประชม,เพื่อไทรวมพลัง,#ff66cc,261
election_data\อำเภอสำโรง\ตำบลหนองไฮ\หน่วยที่ 7,อำเภอสำโรง,ตำบลหนองไฮ,หน่วยที่ 7,election_day,3,นายวัชรพล เชื้อคง,เพื่อไทย,#e0002b,42
election_data\อำเภอสำโรง\ตำบลหนองไฮ\หน่วยที่ 7,อำเภอสำโรง,ตำบลหนองไฮ,หน่วยที่ 7,election_day,4,นางสาวมิลิณ กำเนิดสิงห์,พลังประชารัฐ,#1f56a3,3
election_data\อำเภอสำโรง\ตำบลหนองไฮ\หน่วยที่ 7,อำเภอสำโรง,ตำบลหนองไฮ,หน่วยที่ 7,election_day,5,นายสิโรตม์ แสนทวีสุข,ประชาชน,#f47933,3
election_data\อำเภอสำโรง\ตำบลหนองไฮ\หน่วยที่ 7,อำเภอสำโรง,ตำบลหนองไฮ,หน่วยที่ 7,election_day,6,นายยิ่ง ภูผา,ประชาธิปัตย์,#00a2e8,0
election_data\อำเภอสำโรง\ตำบลหนองไฮ\หน่วยที่ 8,อำเภอสำโรง,ตำบลหนองไฮ,หน่วยที่ 8,election_day,1,นายเกษม ฉิมพลี,ภูมิใจไทย,#212b6b,173
election_data\อำเภอสำโรง\ตำบลหนองไฮ\หน่วยที่ 8,อำเภอสำโรง,ตำบลหนองไฮ,หน่วยที่ 8,election_day,2,นายสมศักดิ์ บุญประชม,เพื่อไทรวมพลัง,#ff66cc,173
election_data\อำเภอสำโรง\ตำบลหนองไฮ\หน่วยที่ 8,อำเภอสำโรง,ตำบลหนองไฮ,หน่วยที่ 8,election_day,3,นายวัชรพล เชื้อคง,เพื่อไทย,#e0002b,36
election_data\อำเภอสำโรง\ตำบลหนองไฮ\หน่วยที่ 8,อำเภอสำโรง,ตำบลหนองไฮ,หน่วยที่ 8,election_day,4,นางสาวมิลิณ กำเนิดสิงห์,พลังประชารัฐ,#1f56a3,8
election_data\อำเภอสำโรง\ตำบลหนองไฮ\หน่วยที่ 8,อำเภอสำโรง,ตำบลหนองไฮ,หน่วยที่ 8,election_day,5,นายสิโรตม์ แสนทวีสุข,ประชาชน,#f47933,1
election_data\อำเภอสำโรง\ตำบลหนองไฮ\หน่วยที่ 8,อำเภอสำโรง,ตำบลหนองไฮ,หน่วยที่ 8,election_day,6,นายยิ่ง ภูผา,ประชาธิปัตย์,#00a2e8,0
election_data\อำเภอสำโรง\ตำบลหนองไฮ\หน่วยที่ 9,อำเภอสำโรง,ตำบลหนองไฮ,หน่วยที่ 9,election_day,1,นายเกษม ฉิมพลี,ภูมิใจไทย,#212b6b,17
election_data\อำเภอสำโรง\ตำบลหนองไฮ\หน่วยที่ 9,อำเภอสำโรง,ตำบลหนองไฮ,หน่วยที่ 9,election_day,2,นายสมศักดิ์ บุญประชม,เพื่อไทรวมพลัง,#ff66cc,244
election_data\อำเภอสำโรง\ตำบลหนองไฮ\หน่วยที่ 9,อำเภอสำโรง,ตำบลหนองไฮ,หน่วยที่ 9,election_day,3,นายวัชรพล เชื้อคง,เพื่อไทย,#e0002b,32
election_data\อำเภอสำโรง\ตำบลหนองไฮ\หน่วยที่ 9,อำเภอสำโรง,ตำบลหนองไฮ,หน่วยที่ 9,election_day,4,นางสาวมิลิณ กำเนิดสิงห์,พลังประชารัฐ,#1f56a3,2
election_data\อำเภอสำโรง\ตำบลหนองไฮ\หน่วยที่ 9,อำเภอสำโรง,ตำบลหนองไฮ,หน่วยที่ 9,election_day,5,นายสิโรตม์ แสนทวีสุข,ประชาชน,#f47933,2
election_data\อำเภอสำโรง\ตำบลหนองไฮ\หน่วยที่ 9,อำเภอสำโรง,ตำบลหนองไฮ,หน่วยที่ 9,election_day,6,นายยิ่ง ภูผา,ประชาธิปัตย์,#00a2e8,2
election_data\อำเภอสำโรง\ตำบลโคกสว่าง\หน่วยที่ 1,อำเภอสำโรง,ตำบลโคกสว่าง,หน่วยที่ 1,election_day,1,นายเกษม ฉิมพลี,ภูมิใจไทย,#212b6b,1
election_data\อำเภอสำโรง\ตำบลโคกสว่าง\หน่วยที่ 1,อำเภอสำโรง,ตำบลโคกสว่าง,หน่วยที่ 1,election_day,2,นายสมศักดิ์ บุญประชม,เพื่อไทรวมพลัง,#ff66cc,234
election_data\อำเภอสำโรง\ตำบลโคกสว่าง\หน่วยที่ 1,อำเภอสำโรง,ตำบลโคกสว่าง,หน่วยที่ 1,election_day,3,นายวัชรพล เชื้อคง,เพื่อไทย,#e0002b,15
election_data\อำเภอสำโรง\ตำบลโคกสว่าง\หน่วยที่ 1,อำเภอสำโรง,ตำบลโคกสว่าง,หน่วยที่ 1,election_day,4,นางสาวมิลิณ กำเนิดสิงห์,พลังประชารัฐ,#1f56a3,8
election_data\อำเภอสำโรง\ตำบลโคกสว่าง\หน่วยที่ 1,อำเภอสำโรง,ตำบลโคกสว่าง,หน่วยที่ 1,election_day,5,นายสิโรตม์ แสนทวีสุข,ประชาชน,#f47933,24
election_data\อำเภอสำโรง\ตำบลโคกสว่าง\หน่วยที่ 1,อำเภอสำโรง,ตำบลโคกสว่าง,หน่วยที่ 1,election_day,6,นายยิ่ง ภูผา,ประชาธิปัตย์,#00a2e8,3
election_data\อำเภอสำโรง\ตำบลโคกสว่าง\หน่วยที่ 10,อำเภอสำโรง,ตำบลโคกสว่าง,หน่วยที่ 10,election_day,1,นายเกษม ฉิมพลี,ภูมิใจไทย,#212b6b,2
election_data\อำเภอสำโรง\ตำบลโคกสว่าง\หน่วยที่ 10,อำเภอสำโรง,ตำบลโคกสว่าง,หน่วยที่ 10,election_day,2,นายสมศักดิ์ บุญประชม,เพื่อไทรวมพลัง,#ff66cc,77
election_data\อำเภอสำโรง\ตำบลโคกสว่าง\หน่วยที่ 10,อำเภอสำโรง,ตำบลโคกสว่าง,หน่วยที่ 10,election_day,3,นายวัชรพล เชื้อคง,เพื่อไทย,#e0002b,23
election_data\อำเภอสำโรง\ตำบลโคกสว่าง\หน่วยที่ 10,อำเภอสำโรง,ตำบลโคกสว่าง,หน่วยที่ 10,election_day,4,นางสาวมิลิณ กำเนิดสิงห์,พลังประชารัฐ,#1f56a3,4
election_data\อำเภอสำโรง\ตำบลโคกสว่าง\หน่วยที่ 10,อำเภอสำโรง,ตำบลโคกสว่าง,หน่วยที่ 10,election_day,5,นายสิโรตม์ แสนทวีสุข,ประชาชน,#f47933,2
election_data\อำเภอสำโรง\ตำบลโคกสว่าง\หน่วยที่ 10,อำเภอสำโรง,ตำบลโคกสว่าง,หน่วยที่ 10,election_day,6,นายยิ่ง ภูผา,ประชาธิปัตย์,#00a2e8,0
election_data\อำเภอสำโรง\ตำบลโคกสว่าง\หน่วยที่ 11,อำเภอสำโรง,ตำบลโคกสว่าง,หน่วยที่ 11,election_day,1,นายเกษม ฉิมพลี,ภูมิใจไทย,#212b6b,24
election_data\อำเภอสำโรง\ตำบลโคกสว่าง\หน่วยที่ 11,อำเภอสำโรง,ตำบลโคกสว่าง,หน่วยที่ 11,election_day,2,นายสมศักดิ์ บุญประชม,เพื่อไทรวมพลัง,#ff66cc,267
election_data\อำเภอสำโรง\ตำบลโคกสว่าง\หน่วยที่ 11,อำเภอสำโรง,ตำบลโคกสว่าง,หน่วยที่ 11,election_day,3,นายวัชรพล เชื้อคง,เพื่อไทย,#e0002b,5
election_data\อำเภอสำโรง\ตำบลโคกสว่าง\หน่วยที่ 11,อำเภอสำโรง,ตำบลโคกสว่าง,หน่วยที่ 11,election_day,4,นางสาวมิลิณ กำเนิดสิงห์,พลังประชารัฐ,#1f56a3,3
election_data\อำเภอสำโรง\ตำบลโคกสว่าง\หน่วยที่ 11,อำเภอสำโรง,ตำบลโคกสว่าง,หน่วยที่ 11,election_day,5,นายสิโรตม์ แสนทวีสุข,ประชาชน,#f47933,52
election_data\อำเภอสำโรง\ตำบลโคกสว่าง\หน่วยที่ 11,อำเภอสำโรง,ตำบลโคกสว่าง,หน่วยที่ 11,election_day,6,นายยิ่ง ภูผา,ประชาธิปัตย์,#00a2e8,0
election_data\อำเภอสำโรง\ตำบลโคกสว่าง\หน่วยที่ 12,อำเภอสำโรง,ตำบลโคกสว่าง,หน่วยที่ 12,election_day,1,นายเกษม ฉิมพลี,ภูมิใจไทย,#212b6b,21
election_data\อำเภอสำโรง\ตำบลโคกสว่าง\หน่วยที่ 12,อำเภอสำโรง,ตำบลโคกสว่าง,หน่วยที่ 12,election_day,2,นายสมศักดิ์ บุญประชม,เพื่อไทรวมพลัง,#ff66cc,146
election_data\อำเภอสำโรง\ตำบลโคกสว่าง\หน่วยที่ 12,อำเภอสำโรง,ตำบลโคกสว่าง,หน่วยที่ 12,election_day,3,นายวัชรพล เชื้อคง,เพื่อไทย,#e0002b,85
election_data\อำเภอสำโรง\ตำบลโคกสว่าง\หน่วยที่ 12,อำเภอสำโรง,ตำบลโคกสว่าง,หน่วยที่ 12,election_day,4,นางสาวมิลิณ กำเนิดสิงห์,พลังประชารัฐ,#1f56a3,3
election_data\อำเภอสำโรง\ตำบลโคกสว่าง\หน่วยที่ 12,อำเภอสำโรง,ตำบลโคกสว่าง,หน่วยที่ 12,election_day,5,นายสิโรตม์ แสนทวีสุข,ประชาชน,#f47933,0
election_data\อำเภอสำโรง\ตำบลโคกสว่าง\หน่วยที่ 12,อำเภอสำโรง,ตำบลโคกสว่าง,หน่วยที่ 12,election_day,6,นายยิ่ง ภูผา,ประชาธิปัตย์,#00a2e8,0
election_data\อำเภอสำโรง\ตำบลโคกสว่าง\หน่วยที่ 2,อำเภอสำโรง,ตำบลโคกสว่าง,หน่วยที่ 2,election_day,1,นายเกษม ฉิมพลี,ภูมิใจไทย,#212b6b,6
election_data\อำเภอสำโรง\ตำบลโคกสว่าง\หน่วยที่ 2,อำเภอสำโรง,ตำบลโคกสว่าง,หน่วยที่ 2,election_day,2,นายสมศักดิ์ บุญประชม,เพื่อไทรวมพลัง,#ff66cc,213
election_data\อำเภอสำโรง\ตำบลโคกสว่าง\หน่วยที่ 2,อำเภอสำโรง,ตำบลโคกสว่าง,หน่วยที่ 2,election_day,3,นายวัชรพล เชื้อคง,เพื่อไทย,#e0002b,4
election_data\อำเภอสำโรง\ตำบลโคกสว่าง\หน่วยที่ 2,อำเภอสำโรง,ตำบลโคกสว่าง,หน่วยที่ 2,election_day,4,นางสาวมิลิณ กำเนิดสิงห์,พลังประชารัฐ,#1f56a3,4
election_data\อำเภอสำโรง\ตำบลโคกสว่าง\หน่วยที่ 2,อำเภอสำโรง,ตำบลโคกสว่าง,หน่วยที่ 2,election_day,5,นายสิโรตม์ แสนทวีสุข,ประชาชน,#f47933,13
election_data\อำเภอสำโรง\ตำบลโคกสว่าง\หน่วยที่ 2,อำเภอสำโรง,ตำบลโคกสว่าง,หน่วยที่ 2,election_day,6,นายยิ่ง ภูผา,ประชาธิปัตย์,#00a2e8,1
election_data\อำเภอสำโรง\ตำบลโคกสว่าง\หน่วยที่ 3,อำเภอสำโรง,ตำบลโคกสว่าง,หน่วยที่ 3,election_day,1,นายเกษม ฉิมพลี,ภูมิใจไทย,#212b6b,4
election_data\อำเภอสำโรง\ตำบลโคกสว่าง\หน่วยที่ 3,อำเภอสำโรง,ตำบลโคกสว่าง,หน่วยที่ 3,election_day,2,นายสมศักดิ์ บุญประชม,เพื่อไทรวมพลัง,#ff66cc,320
election_data\อำเภอสำโรง\ตำบลโคกสว่าง\หน่วยที่ 3,อำเภอสำโรง,ตำบลโคกสว่าง,หน่วยที่ 3,election_day,3,นายวัชรพล เชื้อคง,เพื่อไทย,#e0002b,6
election_data\อำเภอสำโรง\ตำบลโคกสว่าง\หน่วยที่ 3,อำเภอสำโรง,ตำบลโคกสว่าง,หน่วยที่ 3,election_day,4,นางสาวมิลิณ กำเนิดสิงห์,พลังประชารัฐ,#1f56a3,0
election_data\อำเภอสำโรง\ตำบลโคกสว่าง\หน่วยที่ 3,อำเภอสำโรง,ตำบลโคกสว่าง,หน่วยที่ 3,election_day,5,นายสิโรตม์ แสนทวีสุข,ประชาชน,#f47933,64
election_data\อำเภอสำโรง\ตำบลโคกสว่าง\หน่วยที่ 3,อำเภอสำโรง,ตำบลโคกสว่าง,หน่วยที่ 3,election_day,6,นายยิ่ง ภูผา,ประชาธิปัตย์,#00a2e8,0
election_data\อำเภอสำโรง\ตำบลโคกสว่าง\หน่วยที่ 4,อำเภอสำโรง,ตำบลโคกสว่าง,หน่วยที่ 4,election_day,1,นายเกษม ฉิมพลี,ภูมิใจไทย,#212b6b,44
election_data\อำเภอสำโรง\ตำบลโคกสว่าง\หน่วยที่ 4,อำเภอสำโรง,ตำบลโคกสว่าง,หน่วยที่ 4,election_day,2,นายสมศักดิ์ บุญประชม,เพื่อไทรวมพลัง,#ff66cc,249
election_data\อำเภอสำโรง\ตำบลโคกสว่าง\หน่วยที่ 4,อำเภอสำโรง,ตำบลโคกสว่าง,หน่วยที่ 4,election_day,3,นายวัชรพล เชื้อคง,เพื่อไทย,#e0002b,51
election_data\อำเภอสำโรง\ตำบลโคกสว่าง\หน่วยที่ 4,อำเภอสำโรง,ตำบลโคกสว่าง,หน่วยที่ 4,election_day,4,นางสาวมิลิณ กำเนิดสิงห์,พลังประชารัฐ,#1f56a3,6
election_data\อำเภอสำโรง\ตำบลโคกสว่าง\หน่วยที่ 4,อำเภอสำโรง,ตำบลโคกสว่าง,หน่วยที่ 4,election_day,5,นายสิโรตม์ แสนทวีสุข,ประชาชน,#f47933,40
election_data\อำเภอสำโรง\ตำบลโคกสว่าง\หน่วยที่ 4,อำเภอสำโรง,ตำบลโคกสว่าง,หน่วยที่ 4,election_day,6,นายยิ่ง ภูผา,ประชาธิปัตย์,#00a2e8,7
election_data\อำเภอสำโรง\ตำบลโคกสว่าง\หน่วยที่ 5,อำเภอสำโรง,ตำบลโคกสว่าง,หน่วยที่ 5,election_day,1,นายเกษม ฉิมพลี,ภูมิใจไทย,#212b6b,21
election_data\อำเภอสำโรง\ตำบลโคกสว่าง\หน่วยที่ 5,อำเภอสำโรง,ตำบลโคกสว่าง,หน่วยที่ 5,election_day,2,นายสมศักดิ์ บุญประชม,เพื่อไทรวมพลัง,#ff66cc,182
election_data\อำเภอสำโรง\ตำบลโคกสว่าง\หน่วยที่ 5,อำเภอสำโรง,ตำบลโคกสว่าง,หน่วยที่ 5,election_day,3,นายวัชรพล เชื้อคง,เพื่อไทย,#e0002b,54
election_data\อำเภอสำโรง\ตำบลโคกสว่าง\หน่วยที่ 5,อำเภอสำโรง,ตำบลโคกสว่าง,หน่วยที่ 5,election_day,4,นางสาวมิลิณ กำเนิดสิงห์,พลังประชารัฐ,#1f56a3,3
election_data\อำเภอสำโรง\ตำบลโคกสว่าง\หน่วยที่ 5,อำเภอสำโรง,ตำบลโคกสว่าง,หน่วยที่ 5,election_day,5,นายสิโรตม์ แสนทวีสุข,ประชาชน,#f47933,5
election_data\อำเภอสำโรง\ตำบลโคกสว่าง\หน่วยที่ 5,อำเภอสำโรง,ตำบลโคกสว่าง,หน่วยที่ 5,election_day,6,นายยิ่ง ภูผา,ประชาธิปัตย์,#00a2e8,0
election_data\อำเภอสำโรง\ตำบลโคกสว่าง\หน่วยที่ 6,อำเภอสำโรง,ตำบลโคกสว่าง,หน่วยที่ 6,election_day,1,นายเกษม ฉิมพลี,ภูมิใจไทย,#212b6b,4
election_data\อำเภอสำโรง\ตำบลโคกสว่าง\หน่วยที่ 6,อำเภอสำโรง,ตำบลโคกสว่าง,หน่วยที่ 6,election_day,2,นายสมศักดิ์ บุญประชม,เพื่อไทรวมพลัง,#ff66cc,147
election_data\อำเภอสำโรง\ตำบลโคกสว่าง\หน่วยที่ 6,อำเภอสำโรง,ตำบลโคกสว่าง,หน่วยที่ 6,election_day,3,นายวัชรพล เชื้อคง,เพื่อไทย,#e0002b,59
election_data\อำเภอสำโรง\ตำบลโคกสว่าง\หน่วยที่ 6,อำเภอสำโรง,ตำบลโคกสว่าง,หน่วยที่ 6,election_day,4,นางสาวมิลิณ กำเนิดสิงห์,พลังประชารัฐ,#1f56a3,5
election_data\อำเภอสำโรง\ตำบลโคกสว่าง\หน่วยที่ 6,อำเภอสำโรง,ตำบลโคกสว่าง,หน่วยที่ 6,election_day,5,นายสิโรตม์ แสนทวีสุข,ประชาชน,#f47933,21
election_data\อำเภอสำโรง\ตำบลโคกสว่าง\หน่วยที่ 6,อำเภอสำโรง,ตำบลโคกสว่าง,หน่วยที่ 6,election_day,6,นายยิ่ง ภูผา,ประชาธิปัตย์,#00a2e8,1
election_data\อำเภอสำโรง\ตำบลโคกสว่าง\หน่วยที่ 7,อำเภอสำโรง,ตำบลโคกสว่าง,หน่วยที่ 7,election_day,1,นายเกษม ฉิมพลี,ภูมิใจไทย,#212b6b,0
election_data\อำเภอสำโรง\ตำบลโคกสว่าง\หน่วยที่ 7,อำเภอสำโรง,ตำบลโคกสว่าง,หน่วยที่ 7,election_day,2,นายสมศักดิ์ บุญประชม,เพื่อไทรวมพลัง,#ff66cc,181
election_data\อำเภอสำโรง\ตำบลโคกสว่าง\หน่วยที่ 7,อำเภอสำโรง,ตำบลโคกสว่าง,หน่วยที่ 7,election_day,3,นายวัชรพล เชื้อคง,เพื่อไทย,#e0002b,96
election_data\อำเภอสำโรง\ตำบลโคกสว่าง\หน่วยที่ 7,อำเภอสำโรง,ตำบลโคกสว่าง,หน่วยที่ 7,election_day,4,นางสาวมิลิณ กำเนิดสิงห์,พลังประชารัฐ,#1f56a3,4
election_data\อำเภอสำโรง\ตำบลโคกสว่าง\หน่วยที่ 7,อำเภอสำโรง,ตำบลโคกสว่าง,หน่วยที่ 7,election_day,5,นายสิโรตม์ แสนทวีสุข,ประชาชน,#f47933,4
election_data\อำเภอสำโรง\ตำบลโคกสว่าง\หน่วยที่ 7,อำเภอสำโรง,ตำบลโคกสว่าง,หน่วยที่ 7,election_day,6,นายยิ่ง ภูผา,ประชาธิปัตย์,#00a2e8,6
election_data\อำเภอสำโรง\ตำบลโคกสว่าง\หน่วยที่ 8,อำเภอสำโรง,ตำบลโคกสว่าง,หน่วยที่ 8,election_day,1,นายเกษม ฉิมพลี,ภูมิใจไทย,#212b6b,11
election_data\อำเภอสำโรง\ตำบลโคกสว่าง\หน่วยที่ 8,อำเภอสำโรง,ตำบลโคกสว่าง,หน่วยที่ 8,election_day,2,นายสมศักดิ์ บุญประชม,เพื่อไทรวมพลัง,#ff66cc,95
election_data\อำเภอสำโรง\ตำบลโคกสว่าง\หน่วยที่ 8,อำเภอสำโรง,ตำบลโคกสว่าง,หน่วยที่ 8,election_day,3,นายวัชรพล เชื้อคง,เพื่อไทย,#e0002b,11
election_data\อำเภอสำโรง\ตำบลโคกสว่าง\หน่วยที่ 8,อำเภอสำโรง,ตำบลโคกสว่าง,หน่วยที่ 8,election_day,4,นางสาวมิลิณ กำเนิดสิงห์,พลังประชารัฐ,#1f56a3,3
election_data\อำเภอสำโรง\ตำบลโคกสว่าง\หน่วยที่ 8,อำเภอสำโรง,ตำบลโคกสว่าง,หน่วยที่ 8,election_day,5,นายสิโรตม์ แสนทวีสุข,ประชาชน,#f47933,20
election_data\อำเภอสำโรง\ตำบลโคกสว่าง\หน่วยที่ 8,อำเภอสำโรง,ตำบลโคกสว่าง,หน่วยที่ 8,election_day,6,นายยิ่ง ภูผา,ประชาธิปัตย์,#00a2e8,1
election_data\อำเภอสำโรง\ตำบลโคกสว่าง\หน่วยที่ 9,อำเภอสำโรง,ตำบลโคกสว่าง,หน่วยที่ 9,election_day,1,นายเกษม ฉิมพลี,ภูมิใจไทย,#212b6b,0
election_data\อำเภอสำโรง\ตำบลโคกสว่าง\หน่วยที่ 9,อำเภอสำโรง,ตำบลโคกสว่าง,หน่วยที่ 9,election_day,2,นายสมศักดิ์ บุญประชม,เพื่อไทรวมพลัง,#ff66cc,134
election_data\อำเภอสำโรง\ตำบลโคกสว่าง\หน่วยที่ 9,อำเภอสำโรง,ตำบลโคกสว่าง,หน่วยที่ 9,election_day,3,นายวัชรพล เชื้อคง,เพื่อไทย,#e0002b,11
election_data\อำเภอสำโรง\ตำบลโคกสว่าง\หน่วยที่ 9,อำเภอสำโรง,ตำบลโคกสว่าง,หน่วยที่ 9,election_day,4,นางสาวมิลิณ กำเนิดสิงห์,พลังประชารัฐ,#1f56a3,0
election_data\อำเภอสำโรง\ตำบลโคกสว่าง\หน่วยที่ 9,อำเภอสำโรง,ตำบลโคกสว่าง,หน่วยที่ 9,election_day,5,นายสิโรตม์ แสนทวีสุข,ประชาชน,#f47933,9
election_data\อำเภอสำโรง\ตำบลโคกสว่าง\หน่วยที่ 9,อำเภอสำโรง,ตำบลโคกสว่าง,หน่วยที่ 9,election_day,6,นายยิ่ง ภูผา,ประชาธิปัตย์,#00a2e8,0
election_data\อำเภอสำโรง\ตำบลโนนกลาง\หน่วยที่ 1,อำเภอสำโรง,ตำบลโนนกลาง,หน่วยที่ 1,election_day,1,นายเกษม ฉิมพลี,ภูมิใจไทย,#212b6b,0
election_data\อำเภอสำโรง\ตำบลโนนกลาง\หน่วยที่ 1,อำเภอสำโรง,ตำบลโนนกลาง,หน่วยที่ 1,election_day,2,นายสมศักดิ์ บุญประชม,เพื่อไทรวมพลัง,#ff66cc,59
election_data\อำเภอสำโรง\ตำบลโนนกลาง\หน่วยที่ 1,อำเภอสำโรง,ตำบลโนนกลาง,หน่วยที่ 1,election_day,3,นายวัชรพล เชื้อคง,เพื่อไทย,#e0002b,76
election_data\อำเภอสำโรง\ตำบลโนนกลาง\หน่วยที่ 1,อำเภอสำโรง,ตำบลโนนกลาง,หน่วยที่ 1,election_day,4,นางสาวมิลิณ กำเนิดสิงห์,พลังประชารัฐ,#1f56a3,4
election_data\อำเภอสำโรง\ตำบลโนนกลาง\หน่วยที่ 1,อำเภอสำโรง,ตำบลโนนกลาง,หน่วยที่ 1,election_day,5,นายสิโรตม์ แสนทวีสุข,ประชาชน,#f47933,26
election_data\อำเภอสำโรง\ตำบลโนนกลาง\หน่วยที่ 1,อำเภอสำโรง,ตำบลโนนกลาง,หน่วยที่ 1,election_day,6,นายยิ่ง ภูผา,ประชาธิปัตย์,#00a2e8,0
election_data\อำเภอสำโรง\ตำบลโนนกลาง\หน่วยที่ 10,อำเภอสำโรง,ตำบลโนนกลาง,หน่วยที่ 10,election_day,1,นายเกษม ฉิมพลี,ภูมิใจไทย,#212b6b,0
election_data\อำเภอสำโรง\ตำบลโนนกลาง\หน่วยที่ 10,อำเภอสำโรง,ตำบลโนนกลาง,หน่วยที่ 10,election_day,2,นายสมศักดิ์ บุญประชม,เพื่อไทรวมพลัง,#ff66cc,64
election_data\อำเภอสำโรง\ตำบลโนนกลาง\หน่วยที่ 10,อำเภอสำโรง,ตำบลโนนกลาง,หน่วยที่ 10,election_day,3,นายวัชรพล เชื้อคง,เพื่อไทย,#e0002b,87
election_data\อำเภอสำโรง\ตำบลโนนกลาง\หน่วยที่ 10,อำเภอสำโรง,ตำบลโนนกลาง,หน่วยที่ 10,election_day,4,นางสาวมิลิณ กำเนิดสิงห์,พลังประชารัฐ,#1f56a3,2
election_data\อำเภอสำโรง\ตำบลโนนกลาง\หน่วยที่ 10,อำเภอสำโรง,ตำบลโนนกลาง,หน่วยที่ 10,election_day,5,นายสิโรตม์ แสนทวีสุข,ประชาชน,#f47933,3
election_data\อำเภอสำโรง\ตำบลโนนกลาง\หน่วยที่ 10,อำเภอสำโรง,ตำบลโนนกลาง,หน่วยที่ 10,election_day,6,นายยิ่ง ภูผา,ประชาธิปัตย์,#00a2e8,0
election_data\อำเภอสำโรง\ตำบลโนนกลาง\หน่วยที่ 2,อำเภอสำโรง,ตำบลโนนกลาง,หน่วยที่ 2,election_day,1,นายเกษม ฉิมพลี,ภูมิใจไทย,#212b6b,6
election_data\อำเภอสำโรง\ตำบลโนนกลาง\หน่วยที่ 2,อำเภอสำโรง,ตำบลโนนกลาง,หน่วยที่ 2,election_day,2,นายสมศักดิ์ บุญประชม,เพื่อไทรวมพลัง,#ff66cc,70
election_data\อำเภอสำโรง\ตำบลโนนกลาง\หน่วยที่ 2,อำเภอสำโรง,ตำบลโนนกลาง,หน่วยที่ 2,election_day,3,นายวัชรพล เชื้อคง,เพื่อไทย,#e0002b,25
election_data\อำเภอสำโรง\ตำบลโนนกลาง\หน่วยที่ 2,อำเภอสำโรง,ตำบลโนนกลาง,หน่วยที่ 2,election_day,4,นางสาวมิลิณ กำเนิดสิงห์,พลังประชารัฐ,#1f56a3,15
election_data\อำเภอสำโรง\ตำบลโนนกลาง\หน่วยที่ 2,อำเภอสำโรง,ตำบลโนนกลาง,หน่วยที่ 2,election_day,5,นายสิโรตม์ แสนทวีสุข,ประชาชน,#f47933,12
election_data\อำเภอสำโรง\ตำบลโนนกลาง\หน่วยที่ 2,อำเภอสำโรง,ตำบลโนนกลาง,หน่วยที่ 2,election_day,6,นายยิ่ง ภูผา,ประชาธิปัตย์,#00a2e8,0
election_data\อำเภอสำโรง\ตำบลโนนกลาง\หน่วยที่ 3,อำเภอสำโรง,ตำบลโนนกลาง,หน่วยที่ 3,election_day,1,นายเกษม ฉิมพลี,ภูมิใจไทย,#212b6b,7
election_data\อำเภอสำโรง\ตำบลโนนกลาง\หน่วยที่ 3,อำเภอสำโรง,ตำบลโนนกลาง,หน่วยที่ 3,election_day,2,นายสมศักดิ์ บุญประชม,เพื่อไทรวมพลัง,#ff66cc,25
election_data\อำเภอสำโรง\ตำบลโนนกลาง\หน่วยที่ 3,อำเภอสำโรง,ตำบลโนนกลาง,หน่วยที่ 3,election_day,3,นายวัชรพล เชื้อคง,เพื่อไทย,#e0002b,77
election_data\อำเภอสำโรง\ตำบลโนนกลาง\หน่วยที่ 3,อำเภอสำโรง,ตำบลโนนกลาง,หน่วยที่ 3,election_day,4,นางสาวมิลิณ กำเนิดสิงห์,พลังประชารัฐ,#1f56a3,1
election_data\อำเภอสำโรง\ตำบลโนนกลาง\หน่วยที่ 3,อำเภอสำโรง,ตำบลโนนกลาง,หน่วยที่ 3,election_day,5,นายสิโรตม์ แสนทวีสุข,ประชาชน,#f47933,16
election_data\อำเภอสำโรง\ตำบลโนนกลาง\หน่วยที่ 3,อำเภอสำโรง,ตำบลโนนกลาง,หน่วยที่ 3,election_day,6,นายยิ่ง ภูผา,ประชาธิปัตย์,#00a2e8,0
election_data\อำเภอสำโรง\ตำบลโนนกลาง\หน่วยที่ 4,อำเภอสำโรง,ตำบลโนนกลาง,หน่วยที่ 4,election_day,1,นายเกษม ฉิมพลี,ภูมิใจไทย,#212b6b,28
election_data\อำเภอสำโรง\ตำบลโนนกลาง\หน่วยที่ 4,อำเภอสำโรง,ตำบลโนนกลาง,หน่วยที่ 4,election_day,2,นายสมศักดิ์ บุญประชม,เพื่อไทรวมพลัง,#ff66cc,60
election_data\อำเภอสำโรง\ตำบลโนนกลาง\หน่วยที่ 4,อำเภอสำโรง,ตำบลโนนกลาง,หน่วยที่ 4,election_day,3,นายวัชรพล เชื้อคง,เพื่อไทย,#e0002b,3
election_data\อำเภอสำโรง\ตำบลโนนกลาง\หน่วยที่ 4,อำเภอสำโรง,ตำบลโนนกลาง,หน่วยที่ 4,election_day,4,นางสาวมิลิณ กำเนิดสิงห์,พลังประชารัฐ,#1f56a3,0
election_data\อำเภอสำโรง\ตำบลโนนกลาง\หน่วยที่ 4,อำเภอสำโรง,ตำบลโนนกลาง,หน่วยที่ 4,election_day,5,นายสิโรตม์ แสนทวีสุข,ประชาชน,#f47933,0
election_data\อำเภอสำโรง\ตำบลโนนกลาง\หน่วยที่ 4,อำเภอสำโรง,ตำบลโนนกลาง,หน่วยที่ 4,election_day,6,นายยิ่ง ภูผา,ประชาธิปัตย์,#00a2e8,0
election_data\อำเภอสำโรง\ตำบลโนนกลาง\หน่วยที่ 5,อำเภอสำโรง,ตำบลโนนกลาง,หน่วยที่ 5,election_day,1,นายเกษม ฉิมพลี,ภูมิใจไทย,#212b6b,0
election_data\อำเภอสำโรง\ตำบลโนนกลาง\หน่วยที่ 5,อำเภอสำโรง,ตำบลโนนกลาง,หน่วยที่ 5,election_day,2,นายสมศักดิ์ บุญประชม,เพื่อไทรวมพลัง,#ff66cc,90
election_data\อำเภอสำโรง\ตำบลโนนกลาง\หน่วยที่ 5,อำเภอสำโรง,ตำบลโนนกลาง,หน่วยที่ 5,election_day,3,นายวัชรพล เชื้อคง,เพื่อไทย,#e0002b,107
election_data\อำเภอสำโรง\ตำบลโนนกลาง\หน่วยที่ 5,อำเภอสำโรง,ตำบลโนนกลาง,หน่วยที่ 5,election_day,4,นางสาวมิลิณ กำเนิดสิงห์,พลังประชารัฐ,#1f56a3,1
election_data\อำเภอสำโรง\ตำบลโนนกลาง\หน่วยที่ 5,อำเภอสำโรง,ตำบลโนนกลาง,หน่วยที่ 5,election_day,5,นายสิโรตม์ แสนทวีสุข,ประชาชน,#f47933,6
election_data\อำเภอสำโรง\ตำบลโนนกลาง\หน่วยที่ 5,อำเภอสำโรง,ตำบลโนนกลาง,หน่วยที่ 5,election_day,6,นายยิ่ง ภูผา,ประชาธิปัตย์,#00a2e8,0
election_data\อำเภอสำโรง\ตำบลโนนกลาง\หน่วยที่ 6,อำเภอสำโรง,ตำบลโนนกลาง,หน่วยที่ 6,election_day,1,นายเกษม ฉิมพลี,ภูมิใจไทย,#212b6b,15
election_data\อำเภอสำโรง\ตำบลโนนกลาง\หน่วยที่ 6,อำเภอสำโรง,ตำบลโนนกลาง,หน่วยที่ 6,election_day,2,นายสมศักดิ์ บุญประชม,เพื่อไทรวมพลัง,#ff66cc,50
election_data\อำเภอสำโรง\ตำบลโนนกลาง\หน่วยที่ 6,อำเภอสำโรง,ตำบลโนนกลาง,หน่วยที่ 6,election_day,3,นายวัชรพล เชื้อคง,เพื่อไทย,#e0002b,81
election_data\อำเภอสำโรง\ตำบลโนนกลาง\หน่วยที่ 6,อำเภอสำโรง,ตำบลโนนกลาง,หน่วยที่ 6,election_day,4,นางสาวมิลิณ กำเนิดสิงห์,พลังประชารัฐ,#1f56a3,4
election_data\อำเภอสำโรง\ตำบลโนนกลาง\หน่วยที่ 6,อำเภอสำโรง,ตำบลโนนกลาง,หน่วยที่ 6,election_day,5,นายสิโรตม์ แสนทวีสุข,ประชาชน,#f47933,5
election_data\อำเภอสำโรง\ตำบลโนนกลาง\หน่วยที่ 6,อำเภอสำโรง,ตำบลโนนกลาง,หน่วยที่ 6,election_day,6,นายยิ่ง ภูผา,ประชาธิปัตย์,#00a2e8,0
election_data\อำเภอสำโรง\ตำบลโนนกลาง\หน่วยที่ 7,อำเภอสำโรง,ตำบลโนนกลาง,หน่วยที่ 7,election_day,1,นายเกษม ฉิมพลี,ภูมิใจไทย,#212b6b,37
election_data\อำเภอสำโรง\ตำบลโนนกลาง\หน่วยที่ 7,อำเภอสำโรง,ตำบลโนนกลาง,หน่วยที่ 7,election_day,2,นายสมศักดิ์ บุญประชม,เพื่อไทรวมพลัง,#ff66cc,8
election_data\อำเภอสำโรง\ตำบลโนนกลาง\หน่วยที่ 7,อำเภอสำโรง,ตำบลโนนกลาง,หน่วยที่ 7,election_day,3,นายวัชรพล เชื้อคง,เพื่อไทย,#e0002b,131
election_data\อำเภอสำโรง\ตำบลโนนกลาง\หน่วยที่ 7,อำเภอสำโรง,ตำบลโนนกลาง,หน่วยที่ 7,election_day,4,นางสาวมิลิณ กำเนิดสิงห์,พลังประชารัฐ,#1f56a3,5
election_data\อำเภอสำโรง\ตำบลโนนกลาง\หน่วยที่ 7,อำเภอสำโรง,ตำบลโนนกลาง,หน่วยที่ 7,election_day,5,นายสิโรตม์ แสนทวีสุข,ประชาชน,#f47933,85
election_data\อำเภอสำโรง\ตำบลโนนกลาง\หน่วยที่ 7,อำเภอสำโรง,ตำบลโนนกลาง,หน่วยที่ 7,election_day,6,นายยิ่ง ภูผา,ประชาธิปัตย์,#00a2e8,7
election_data\อำเภอสำโรง\ตำบลโนนกลาง\หน่วยที่ 8,อำเภอสำโรง,ตำบลโนนกลาง,หน่วยที่ 8,election_day,1,นายเกษม ฉิมพลี,ภูมิใจไทย,#212b6b,17
election_data\อำเภอสำโรง\ตำบลโนนกลาง\หน่วยที่ 8,อำเภอสำโรง,ตำบลโนนกลาง,หน่วยที่ 8,election_day,2,นายสมศักดิ์ บุญประชม,เพื่อไทรวมพลัง,#ff66cc,67
election_data\อำเภอสำโรง\ตำบลโนนกลาง\หน่วยที่ 8,อำเภอสำโรง,ตำบลโนนกลาง,หน่วยที่ 8,election_day,3,นายวัชรพล เชื้อคง,เพื่อไทย,#e0002b,45
election_data\อำเภอสำโรง\ตำบลโนนกลาง\หน่วยที่ 8,อำเภอสำโรง,ตำบลโนนกลาง,หน่วยที่ 8,election_day,4,นางสาวมิลิณ กำเนิดสิงห์,พลังประชารัฐ,#1f56a3,0
election_data\อำเภอสำโรง\ตำบลโนนกลาง\หน่วยที่ 8,อำเภอสำโรง,ตำบลโนนกลาง,หน่วยที่ 8,election_day,5,นายสิโรตม์ แสนทวีสุข,ประชาชน,#f47933,0
election_data\อำเภอสำโรง\ตำบลโนนกลาง\หน่วยที่ 8,อำเภอสำโรง,ตำบลโนนกลาง,หน่วยที่ 8,election_day,6,นายยิ่ง ภูผา,ประชาธิปัตย์,#00a2e8,0
election_data\อำเภอสำโรง\ตำบลโนนกลาง\หน่วยที่ 9,อำเภอสำโรง,ตำบลโนนกลาง,หน่วยที่ 9,election_day,1,นายเกษม ฉิมพลี,ภูมิใจไทย,#212b6b,13
election_data\อำเภอสำโรง\ตำบลโนนกลาง\หน่วยที่ 9,อำเภอสำโรง,ตำบลโนนกลาง,หน่วยที่ 9,election_day,2,นายสมศักดิ์ บุญประชม,เพื่อไทรวมพลัง,#ff66cc,59
election_data\อำเภอสำโรง\ตำบลโนนกลาง\หน่วยที่ 9,อำเภอสำโรง,ตำบลโนนกลาง,หน่วยที่ 9,election_day,3,นายวัชรพล เชื้อคง,เพื่อไทย,#e0002b,28
election_data\อำเภอสำโรง\ตำบลโนนกลาง\หน่วยที่ 9,อำเภอสำโรง,ตำบลโนนกลาง,หน่วยที่ 9,election_day,4,นางสาวมิลิณ กำเนิดสิงห์,พลังประชารัฐ,#1f56a3,0
election_data\อำเภอสำโรง\ตำบลโนนกลาง\หน่วยที่ 9,อำเภอสำโรง,ตำบลโนนกลาง,หน่วยที่ 9,election_day,5,นายสิโรตม์ แสนทวีสุข,ประชาชน,#f47933,1
election_data\อำเภอสำโรง\ตำบลโนนกลาง\หน่วยที่ 9,อำเภอสำโรง,ตำบลโนนกลาง,หน่วยที่ 9,election_day,6,นายยิ่ง ภูผา,ประชาธิปัตย์,#00a2e8,0
election_data\อำเภอสำโรง\ตำบลโนนกาเล็น\หน่วยที่ 1,อำเภอสำโรง,ตำบลโนนกาเล็น,หน่วยที่ 1,election_day,1,นายเกษม ฉิมพลี,ภูมิใจไทย,#212b6b,5
election_data\อำเภอสำโรง\ตำบลโนนกาเล็น\หน่วยที่ 1,อำเภอสำโรง,ตำบลโนนกาเล็น,หน่วยที่ 1,election_day,2,นายสมศักดิ์ บุญประชม,เพื่อไทรวมพลัง,#ff66cc,138
election_data\อำเภอสำโรง\ตำบลโนนกาเล็น\หน่วยที่ 1,อำเภอสำโรง,ตำบลโนนกาเล็น,หน่วยที่ 1,election_day,3,นายวัชรพล เชื้อคง,เพื่อไทย,#e0002b,91
election_data\อำเภอสำโรง\ตำบลโนนกาเล็น\หน่วยที่ 1,อำเภอสำโรง,ตำบลโนนกาเล็น,หน่วยที่ 1,election_day,4,นางสาวมิลิณ กำเนิดสิงห์,พลังประชารัฐ,#1f56a3,0
election_data\อำเภอสำโรง\ตำบลโนนกาเล็น\หน่วยที่ 1,อำเภอสำโรง,ตำบลโนนกาเล็น,หน่วยที่ 1,election_day,5,นายสิโรตม์ แสนทวีสุข,ประชาชน,#f47933,0
election_data\อำเภอสำโรง\ตำบลโนนกาเล็น\หน่วยที่ 1,อำเภอสำโรง,ตำบลโนนกาเล็น,หน่วยที่ 1,election_day,6,นายยิ่ง ภูผา,ประชาธิปัตย์,#00a2e8,0
election_data\อำเภอสำโรง\ตำบลโนนกาเล็น\หน่วยที่ 10,อำเภอสำโรง,ตำบลโนนกาเล็น,หน่วยที่ 10,election_day,1,นายเกษม ฉิมพลี,ภูมิใจไทย,#212b6b,1
election_data\อำเภอสำโรง\ตำบลโนนกาเล็น\หน่วยที่ 10,อำเภอสำโรง,ตำบลโนนกาเล็น,หน่วยที่ 10,election_day,2,นายสมศักดิ์ บุญประชม,เพื่อไทรวมพลัง,#ff66cc,15
election_data\อำเภอสำโรง\ตำบลโนนกาเล็น\หน่วยที่ 10,อำเภอสำโรง,ตำบลโนนกาเล็น,หน่วยที่ 10,election_day,3,นายวัชรพล เชื้อคง,เพื่อไทย,#e0002b,36
election_data\อำเภอสำโรง\ตำบลโนนกาเล็น\หน่วยที่ 10,อำเภอสำโรง,ตำบลโนนกาเล็น,หน่วยที่ 10,election_day,4,นางสาวมิลิณ กำเนิดสิงห์,พลังประชารัฐ,#1f56a3,0
election_data\อำเภอสำโรง\ตำบลโนนกาเล็น\หน่วยที่ 10,อำเภอสำโรง,ตำบลโนนกาเล็น,หน่วยที่ 10,election_day,5,นายสิโรตม์ แสนทวีสุข,ประชาชน,#f47933,0
election_data\อำเภอสำโรง\ตำบลโนนกาเล็น\หน่วยที่ 10,อำเภอสำโรง,ตำบลโนนกาเล็น,หน่วยที่ 10,election_day,6,นายยิ่ง ภูผา,ประชาธิปัตย์,#00a2e8,0
election_data\อำเภอสำโรง\ตำบลโนนกาเล็น\หน่วยที่ 11,อำเภอสำโรง,ตำบลโนนกาเล็น,หน่วยที่ 11,election_day,1,นายเกษม ฉิมพลี,ภูมิใจไทย,#212b6b,38
election_data\อำเภอสำโรง\ตำบลโนนกาเล็น\หน่วยที่ 11,อำเภอสำโรง,ตำบลโนนกาเล็น,หน่วยที่ 11,election_day,2,นายสมศักดิ์ บุญประชม,เพื่อไทรวมพลัง,#ff66cc,60
election_data\อำเภอสำโรง\ตำบลโนนกาเล็น\หน่วยที่ 11,อำเภอสำโรง,ตำบลโนนกาเล็น,หน่วยที่ 11,election_day,3,นายวัชรพล เชื้อคง,เพื่อไทย,#e0002b,84
election_data\อำเภอสำโรง\ตำบลโนนกาเล็น\หน่วยที่ 11,อำเภอสำโรง,ตำบลโนนกาเล็น,หน่วยที่ 11,election_day,4,นางสาวมิลิณ กำเนิดสิงห์,พลังประชารัฐ,#1f56a3,6
election_data\อำเภอสำโรง\ตำบลโนนกาเล็น\หน่วยที่ 11,อำเภอสำโรง,ตำบลโนนกาเล็น,หน่วยที่ 11,election_day,5,นายสิโรตม์ แสนทวีสุข,ประชาชน,#f47933,11
election_data\อำเภอสำโรง\ตำบลโนนกาเล็น\หน่วยที่ 11,อำเภอสำโรง,ตำบลโนนกาเล็น,หน่วยที่ 11,election_day,6,นายยิ่ง ภูผา,ประชาธิปัตย์,#00a2e8,0
election_data\อำเภอสำโรง\ตำบลโนนกาเล็น\หน่วยที่ 12,อำเภอสำโรง,ตำบลโนนกาเล็น,หน่วยที่ 12,election_day,1,นายเกษม ฉิมพลี,ภูมิใจไทย,#212b6b,15
election_data\อำเภอสำโรง\ตำบลโนนกาเล็น\หน่วยที่ 12,อำเภอสำโรง,ตำบลโนนกาเล็น,หน่วยที่ 12,election_day,2,นายสมศักดิ์ บุญประชม,เพื่อไทรวมพลัง,#ff66cc,56
election_data\อำเภอสำโรง\ตำบลโนนกาเล็น\หน่วยที่ 12,อำเภอสำโรง,ตำบลโนนกาเล็น,หน่วยที่ 12,election_day,3,นายวัชรพล เชื้อคง,เพื่อไทย,#e0002b,39
election_data\อำเภอสำโรง\ตำบลโนนกาเล็น\หน่วยที่ 12,อำเภอสำโรง,ตำบลโนนกาเล็น,หน่วยที่ 12,election_day,4,นางสาวมิลิณ กำเนิดสิงห์,พลังประชารัฐ,#1f56a3,0
election_data\อำเภอสำโรง\ตำบลโนนกาเล็น\หน่วยที่ 12,อำเภอสำโรง,ตำบลโนนกาเล็น,หน่วยที่ 12,election_day,5,นายสิโรตม์ แสนทวีสุข,ประชาชน,#f47933,13
election_data\อำเภอสำโรง\ตำบลโนนกาเล็น\หน่วยที่ 12,อำเภอสำโรง,ตำบลโนนกาเล็น,หน่วยที่ 12,election_day,6,นายยิ่ง ภูผา,ประชาธิปัตย์,#00a2e8,0
election_data\อำเภอสำโรง\ตำบลโนนกาเล็น\หน่วยที่ 13,อำเภอสำโรง,ตำบลโนนกาเล็น,หน่วยที่ 13,election_day,1,นายเกษม ฉิมพลี,ภูมิใจไทย,#212b6b,0
election_data\อำเภอสำโรง\ตำบลโนนกาเล็น\หน่วยที่ 13,อำเภอสำโรง,ตำบลโนนกาเล็น,หน่วยที่ 13,election_day,2,นายสมศักดิ์ บุญประชม,เพื่อไทรวมพลัง,#ff66cc,68
election_data\อำเภอสำโรง\ตำบลโนนกาเล็น\หน่วยที่ 13,อำเภอสำโรง,ตำบลโนนกาเล็น,หน่วยที่ 13,election_day,3,นายวัชรพล เชื้อคง,เพื่อไทย,#e0002b,51
election_data\อำเภอสำโรง\ตำบลโนนกาเล็น\หน่วยที่ 13,อำเภอสำโรง,ตำบลโนนกาเล็น,หน่วยที่ 13,election_day,4,นางสาวมิลิณ กำเนิดสิงห์,พลังประชารัฐ,#1f56a3,41
election_data\อำเภอสำโรง\ตำบลโนนกาเล็น\หน่วยที่ 13,อำเภอสำโรง,ตำบลโนนกาเล็น,หน่วยที่ 13,election_day,5,นายสิโรตม์ แสนทวีสุข,ประชาชน,#f47933,2
election_data\อำเภอสำโรง\ตำบลโนนกาเล็น\หน่วยที่ 13,อำเภอสำโรง,ตำบลโนนกาเล็น,หน่วยที่ 13,election_day,6,นายยิ่ง ภูผา,ประชาธิปัตย์,#00a2e8,0
election_data\อำเภอสำโรง\ตำบลโนนกาเล็น\หน่วยที่ 2,อำเภอสำโรง,ตำบลโนนกาเล็น,หน่วยที่ 2,election_day,1,นายเกษม ฉิมพลี,ภูมิใจไทย,#212b6b,23
election_data\อำเภอสำโรง\ตำบลโนนกาเล็น\หน่วยที่ 2,อำเภอสำโรง,ตำบลโนนกาเล็น,หน่วยที่ 2,election_day,2,นายสมศักดิ์ บุญประชม,เพื่อไทรวมพลัง,#ff66cc,52
election_data\อำเภอสำโรง\ตำบลโนนกาเล็น\หน่วยที่ 2,อำเภอสำโรง,ตำบลโนนกาเล็น,หน่วยที่ 2,election_day,3,นายวัชรพล เชื้อคง,เพื่อไทย,#e0002b,85
election_data\อำเภอสำโรง\ตำบลโนนกาเล็น\หน่วยที่ 2,อำเภอสำโรง,ตำบลโนนกาเล็น,หน่วยที่ 2,election_day,4,นางสาวมิลิณ กำเนิดสิงห์,พลังประชารัฐ,#1f56a3,4
election_data\อำเภอสำโรง\ตำบลโนนกาเล็น\หน่วยที่ 2,อำเภอสำโรง,ตำบลโนนกาเล็น,หน่วยที่ 2,election_day,5,นายสิโรตม์ แสนทวีสุข,ประชาชน,#f47933,4
election_data\อำเภอสำโรง\ตำบลโนนกาเล็น\หน่วยที่ 2,อำเภอสำโรง,ตำบลโนนกาเล็น,หน่วยที่ 2,election_day,6,นายยิ่ง ภูผา,ประชาธิปัตย์,#00a2e8,0
election_data\อำเภอสำโรง\ตำบลโนนกาเล็น\หน่วยที่ 3,อำเภอสำโรง,ตำบลโนนกาเล็น,หน่วยที่ 3,election_day,1,นายเกษม ฉิมพลี,ภูมิใจไทย,#212b6b,21
election_data\อำเภอสำโรง\ตำบลโนนกาเล็น\หน่วยที่ 3,อำเภอสำโรง,ตำบลโนนกาเล็น,หน่วยที่ 3,election_day,2,นายสมศักดิ์ บุญประชม,เพื่อไทรวมพลัง,#ff66cc,96
election_data\อำเภอสำโรง\ตำบลโนนกาเล็น\หน่วยที่ 3,อำเภอสำโรง,ตำบลโนนกาเล็น,หน่วยที่ 3,election_day,3,นายวัชรพล เชื้อคง,เพื่อไทย,#e0002b,102
election_data\อำเภอสำโรง\ตำบลโนนกาเล็น\หน่วยที่ 3,อำเภอสำโรง,ตำบลโนนกาเล็น,หน่วยที่ 3,election_day,4,นางสาวมิลิณ กำเนิดสิงห์,พลังประชารัฐ,#1f56a3,4
election_data\อำเภอสำโรง\ตำบลโนนกาเล็น\หน่วยที่ 3,อำเภอสำโรง,ตำบลโนนกาเล็น,หน่วยที่ 3,election_day,5,นายสิโรตม์ แสนทวีสุข,ประชาชน,#f47933,13
election_data\อำเภอสำโรง\ตำบลโนนกาเล็น\หน่วยที่ 3,อำเภอสำโรง,ตำบลโนนกาเล็น,หน่วยที่ 3,election_day,6,นายยิ่ง ภูผา,ประชาธิปัตย์,#00a2e8,0
election_data\อำเภอสำโรง\ตำบลโนนกาเล็น\หน่วยที่ 4,อำเภอสำโรง,ตำบลโนนกาเล็น,หน่วยที่ 4,election_day,1,นายเกษม ฉิมพลี,ภูมิใจไทย,#212b6b,10
election_data\อำเภอสำโรง\ตำบลโนนกาเล็น\หน่วยที่ 4,อำเภอสำโรง,ตำบลโนนกาเล็น,หน่วยที่ 4,election_day,2,นายสมศักดิ์ บุญประชม,เพื่อไทรวมพลัง,#ff66cc,75
election_data\อำเภอสำโรง\ตำบลโนนกาเล็น\หน่วยที่ 4,อำเภอสำโรง,ตำบลโนนกาเล็น,หน่วยที่ 4,election_day,3,นายวัชรพล เชื้อคง,เพื่อไทย,#e0002b,90
election_data\อำเภอสำโรง\ตำบลโนนกาเล็น\หน่วยที่ 4,อำเภอสำโรง,ตำบลโนนกาเล็น,หน่วยที่ 4,election_day,4,นางสาวมิลิณ กำเนิดสิงห์,พลังประชารัฐ,#1f56a3,56
election_data\อำเภอสำโรง\ตำบลโนนกาเล็น\หน่วยที่ 4,อำเภอสำโรง,ตำบลโนนกาเล็น,หน่วยที่ 4,election_day,5,นายสิโรตม์ แสนทวีสุข,ประชาชน,#f47933,3
election_data\อำเภอสำโรง\ตำบลโนนกาเล็น\หน่วยที่ 4,อำเภอสำโรง,ตำบลโนนกาเล็น,หน่วยที่ 4,election_day,6,นายยิ่ง ภูผา,ประชาธิปัตย์,#00a2e8,0
election_data\อำเภอสำโรง\ตำบลโนนกาเล็น\หน่วยที่ 5,อำเภอสำโรง,ตำบลโนนกาเล็น,หน่วยที่ 5,election_day,1,นายเกษม ฉิมพลี,ภูมิใจไทย,#212b6b,4
election_data\อำเภอสำโรง\ตำบลโนนกาเล็น\หน่วยที่ 5,อำเภอสำโรง,ตำบลโนนกาเล็น,หน่วยที่ 5,election_day,2,นายสมศักดิ์ บุญประชม,เพื่อไทรวมพลัง,#ff66cc,271
election_data\อำเภอสำโรง\ตำบลโนนกาเล็น\หน่วยที่ 5,อำเภอสำโรง,ตำบลโนนกาเล็น,หน่วยที่ 5,election_day,3,นายวัชรพล เชื้อคง,เพื่อไทย,#e0002b,68
election_data\อำเภอสำโรง\ตำบลโนนกาเล็น\หน่วยที่ 5,อำเภอสำโรง,ตำบลโนนกาเล็น,หน่วยที่ 5,election_day,4,นางสาวมิลิณ กำเนิดสิงห์,พลังประชารัฐ,#1f56a3,0
election_data\อำเภอสำโรง\ตำบลโนนกาเล็น\หน่วยที่ 5,อำเภอสำโรง,ตำบลโนนกาเล็น,หน่วยที่ 5,election_day,5,นายสิโรตม์ แสนทวีสุข,ประชาชน,#f47933,0
election_data\อำเภอสำโรง\ตำบลโนนกาเล็น\หน่วยที่ 5,อำเภอสำโรง,ตำบลโนนกาเล็น,หน่วยที่ 5,election_day,6,นายยิ่ง ภูผา,ประชาธิปัตย์,#00a2e8,0
election_data\อำเภอสำโรง\ตำบลโนนกาเล็น\หน่วยที่ 6,อำเภอสำโรง,ตำบลโนนกาเล็น,หน่วยที่ 6,election_day,1,นายเกษม ฉิมพลี,ภูมิใจไทย,#212b6b,89
election_data\อำเภอสำโรง\ตำบลโนนกาเล็น\หน่วยที่ 6,อำเภอสำโรง,ตำบลโนนกาเล็น,หน่วยที่ 6,election_day,2,นายสมศักดิ์ บุญประชม,เพื่อไทรวมพลัง,#ff66cc,89
election_data\อำเภอสำโรง\ตำบลโนนกาเล็น\หน่วยที่ 6,อำเภอสำโรง,ตำบลโนนกาเล็น,หน่วยที่ 6,election_day,3,นายวัชรพล เชื้อคง,เพื่อไทย,#e0002b,111
election_data\อำเภอสำโรง\ตำบลโนนกาเล็น\หน่วยที่ 6,อำเภอสำโรง,ตำบลโนนกาเล็น,หน่วยที่ 6,election_day,4,นางสาวมิลิณ กำเนิดสิงห์,พลังประชารัฐ,#1f56a3,13
election_data\อำเภอสำโรง\ตำบลโนนกาเล็น\หน่วยที่ 6,อำเภอสำโรง,ตำบลโนนกาเล็น,หน่วยที่ 6,election_day,5,นายสิโรตม์ แสนทวีสุข,ประชาชน,#f47933,0
election_data\อำเภอสำโรง\ตำบลโนนกาเล็น\หน่วยที่ 6,อำเภอสำโรง,ตำบลโนนกาเล็น,หน่วยที่ 6,election_day,6,นายยิ่ง ภูผา,ประชาธิปัตย์,#00a2e8,0
election_data\อำเภอสำโรง\ตำบลโนนกาเล็น\หน่วยที่ 7,อำเภอสำโรง,ตำบลโนนกาเล็น,หน่วยที่ 7,election_day,1,นายเกษม ฉิมพลี,ภูมิใจไทย,#212b6b,20
election_data\อำเภอสำโรง\ตำบลโนนกาเล็น\หน่วยที่ 7,อำเภอสำโรง,ตำบลโนนกาเล็น,หน่วยที่ 7,election_day,2,นายสมศักดิ์ บุญประชม,เพื่อไทรวมพลัง,#ff66cc,101
election_data\อำเภอสำโรง\ตำบลโนนกาเล็น\หน่วยที่ 7,อำเภอสำโรง,ตำบลโนนกาเล็น,หน่วยที่ 7,election_day,3,นายวัชรพล เชื้อคง,เพื่อไทย,#e0002b,82
election_data\อำเภอสำโรง\ตำบลโนนกาเล็น\หน่วยที่ 7,อำเภอสำโรง,ตำบลโนนกาเล็น,หน่วยที่ 7,election_day,4,นางสาวมิลิณ กำเนิดสิงห์,พลังประชารัฐ,#1f56a3,7
election_data\อำเภอสำโรง\ตำบลโนนกาเล็น\หน่วยที่ 7,อำเภอสำโรง,ตำบลโนนกาเล็น,หน่วยที่ 7,election_day,5,นายสิโรตม์ แสนทวีสุข,ประชาชน,#f47933,4
election_data\อำเภอสำโรง\ตำบลโนนกาเล็น\หน่วยที่ 7,อำเภอสำโรง,ตำบลโนนกาเล็น,หน่วยที่ 7,election_day,6,นายยิ่ง ภูผา,ประชาธิปัตย์,#00a2e8,12
election_data\อำเภอสำโรง\ตำบลโนนกาเล็น\หน่วยที่ 8,อำเภอสำโรง,ตำบลโนนกาเล็น,หน่วยที่ 8,election_day,1,นายเกษม ฉิมพลี,ภูมิใจไทย,#212b6b,0
election_data\อำเภอสำโรง\ตำบลโนนกาเล็น\หน่วยที่ 8,อำเภอสำโรง,ตำบลโนนกาเล็น,หน่วยที่ 8,election_day,2,นายสมศักดิ์ บุญประชม,เพื่อไทรวมพลัง,#ff66cc,65
election_data\อำเภอสำโรง\ตำบลโนนกาเล็น\หน่วยที่ 8,อำเภอสำโรง,ตำบลโนนกาเล็น,หน่วยที่ 8,election_day,3,นายวัชรพล เชื้อคง,เพื่อไทย,#e0002b,67
election_data\อำเภอสำโรง\ตำบลโนนกาเล็น\หน่วยที่ 8,อำเภอสำโรง,ตำบลโนนกาเล็น,หน่วยที่ 8,election_day,4,นางสาวมิลิณ กำเนิดสิงห์,พลังประชารัฐ,#1f56a3,1
election_data\อำเภอสำโรง\ตำบลโนนกาเล็น\หน่วยที่ 8,อำเภอสำโรง,ตำบลโนนกาเล็น,หน่วยที่ 8,election_day,5,นายสิโรตม์ แสนทวีสุข,ประชาชน,#f47933,21
election_data\อำเภอสำโรง\ตำบลโนนกาเล็น\หน่วยที่ 8,อำเภอสำโรง,ตำบลโนนกาเล็น,หน่วยที่ 8,election_day,6,นายยิ่ง ภูผา,ประชาธิปัตย์,#00a2e8,6
election_data\อำเภอสำโรง\ตำบลโนนกาเล็น\หน่วยที่ 9,อำเภอสำโรง,ตำบลโนนกาเล็น,หน่วยที่ 9,election_day,1,นายเกษม ฉิมพลี,ภูมิใจไทย,#212b6b,0
election_data\อำเภอสำโรง\ตำบลโนนกาเล็น\หน่วยที่ 9,อำเภอสำโรง,ตำบลโนนกาเล็น,หน่วยที่ 9,election_day,2,นายสมศักดิ์ บุญประชม,เพื่อไทรวมพลัง,#ff66cc,244
election_data\อำเภอสำโรง\ตำบลโนนกาเล็น\หน่วยที่ 9,อำเภอสำโรง,ตำบลโนนกาเล็น,หน่วยที่ 9,election_day,3,นายวัชรพล เชื้อคง,เพื่อไทย,#e0002b,89
election_data\อำเภอสำโรง\ตำบลโนนกาเล็น\หน่วยที่ 9,อำเภอสำโรง,ตำบลโนนกาเล็น,หน่วยที่ 9,election_day,4,นางสาวมิลิณ กำเนิดสิงห์,พลังประชารัฐ,#1f56a3,5
election_data\อำเภอสำโรง\ตำบลโนนกาเล็น\หน่วยที่ 9,อำเภอสำโรง,ตำบลโนนกาเล็น,หน่วยที่ 9,election_day,5,นายสิโรตม์ แสนทวีสุข,ประชาชน,#f47933,0
election_data\อำเภอสำโรง\ตำบลโนนกาเล็น\หน่วยที่ 9,อำเภอสำโรง,ตำบลโนนกาเล็น,หน่วยที่ 9,election_day,6,นายยิ่ง ภูผา,ประชาธิปัตย์,#00a2e8,0
election_data\อำเภอเดชอุดม (เฉพาะตำบลทุ่งเทิง)\หน่วยที่ 1,ล่วงหน้านอกเขต,ล่วงหน้านอกเขต,หน่วยที่ 1,advance_out,1,นายเกษม ฉิมพลี,ภูมิใจไทย,#212b6b,1
election_data\อำเภอเดชอุดม (เฉพาะตำบลทุ่งเทิง)\หน่วยที่ 1,ล่วงหน้านอกเขต,ล่วงหน้านอกเขต,หน่วยที่ 1,advance_out,2,นายสมศักดิ์ บุญประชม,เพื่อไทรวมพลัง,#ff66cc,236
election_data\อำเภอเดชอุดม (เฉพาะตำบลทุ่งเทิง)\หน่วยที่ 1,ล่วงหน้านอกเขต,ล่วงหน้านอกเขต,หน่วยที่ 1,advance_out,3,นายวัชรพล เชื้อคง,เพื่อไทย,#e0002b,122
election_data\อำเภอเดชอุดม (เฉพาะตำบลทุ่งเทิง)\หน่วยที่ 1,ล่วงหน้านอกเขต,ล่วงหน้านอกเขต,หน่วยที่ 1,advance_out,4,นางสาวมิลิณ กำเนิดสิงห์,พลังประชารัฐ,#1f56a3,0
election_data\อำเภอเดชอุดม (เฉพาะตำบลทุ่งเทิง)\หน่วยที่ 1,ล่วงหน้านอกเขต,ล่วงหน้านอกเขต,หน่วยที่ 1,advance_out,5,นายสิโรตม์ แสนทวีสุข,ประชาชน,#f47933,2
election_data\อำเภอเดชอุดม (เฉพาะตำบลทุ่งเทิง)\หน่วยที่ 1,ล่วงหน้านอกเขต,ล่วงหน้านอกเขต,หน่วยที่ 1,advance_out,6,นายยิ่ง ภูผา,ประชาธิปัตย์,#00a2e8,0
election_data\อำเภอเดชอุดม (เฉพาะตำบลทุ่งเทิง)\หน่วยที่ 10,ล่วงหน้านอกเขต,ล่วงหน้านอกเขต,หน่วยที่ 10,advance_out,1,นายเกษม ฉิมพลี,ภูมิใจไทย,#212b6b,17
election_data\อำเภอเดชอุดม (เฉพาะตำบลทุ่งเทิง)\หน่วยที่ 10,ล่วงหน้านอกเขต,ล่วงหน้านอกเขต,หน่วยที่ 10,advance_out,2,นายสมศักดิ์ บุญประชม,เพื่อไทรวมพลัง,#ff66cc,151
election_data\อำเภอเดชอุดม (เฉพาะตำบลทุ่งเทิง)\หน่วยที่ 10,ล่วงหน้านอกเขต,ล่วงหน้านอกเขต,หน่วยที่ 10,advance_out,3,นายวัชรพล เชื้อคง,เพื่อไทย,#e0002b,18
election_data\อำเภอเดชอุดม (เฉพาะตำบลทุ่งเทิง)\หน่วยที่ 10,ล่วงหน้านอกเขต,ล่วงหน้านอกเขต,หน่วยที่ 10,advance_out,4,นางสาวมิลิณ กำเนิดสิงห์,พลังประชารัฐ,#1f56a3,5
election_data\อำเภอเดชอุดม (เฉพาะตำบลทุ่งเทิง)\หน่วยที่ 10,ล่วงหน้านอกเขต,ล่วงหน้านอกเขต,หน่วยที่ 10,advance_out,5,นายสิโรตม์ แสนทวีสุข,ประชาชน,#f47933,39
election_data\อำเภอเดชอุดม (เฉพาะตำบลทุ่งเทิง)\หน่วยที่ 10,ล่วงหน้านอกเขต,ล่วงหน้านอกเขต,หน่วยที่ 10,advance_out,6,นายยิ่ง ภูผา,ประชาธิปัตย์,#00a2e8,3
election_data\อำเภอเดชอุดม (เฉพาะตำบลทุ่งเทิง)\หน่วยที่ 11,ล่วงหน้านอกเขต,ล่วงหน้านอกเขต,หน่วยที่ 11,advance_out,1,นายเกษม ฉิมพลี,ภูมิใจไทย,#212b6b,1
election_data\อำเภอเดชอุดม (เฉพาะตำบลทุ่งเทิง)\หน่วยที่ 11,ล่วงหน้านอกเขต,ล่วงหน้านอกเขต,หน่วยที่ 11,advance_out,2,นายสมศักดิ์ บุญประชม,เพื่อไทรวมพลัง,#ff66cc,272
election_data\อำเภอเดชอุดม (เฉพาะตำบลทุ่งเทิง)\หน่วยที่ 11,ล่วงหน้านอกเขต,ล่วงหน้านอกเขต,หน่วยที่ 11,advance_out,3,นายวัชรพล เชื้อคง,เพื่อไทย,#e0002b,2
election_data\อำเภอเดชอุดม (เฉพาะตำบลทุ่งเทิง)\หน่วยที่ 11,ล่วงหน้านอกเขต,ล่วงหน้านอกเขต,หน่วยที่ 11,advance_out,4,นางสาวมิลิณ กำเนิดสิงห์,พลังประชารัฐ,#1f56a3,4
election_data\อำเภอเดชอุดม (เฉพาะตำบลทุ่งเทิง)\หน่วยที่ 11,ล่วงหน้านอกเขต,ล่วงหน้านอกเขต,หน่วยที่ 11,advance_out,5,นายสิโรตม์ แสนทวีสุข,ประชาชน,#f47933,43
election_data\อำเภอเดชอุดม (เฉพาะตำบลทุ่งเทิง)\หน่วยที่ 11,ล่วงหน้านอกเขต,ล่วงหน้านอกเขต,หน่วยที่ 11,advance_out,6,นายยิ่ง ภูผา,ประชาธิปัตย์,#00a2e8,3
election_data\อำเภอเดชอุดม (เฉพาะตำบลทุ่งเทิง)\หน่วยที่ 12,ล่วงหน้านอกเขต,ล่วงหน้านอกเขต,หน่วยที่ 12,advance_out,1,นายเกษม ฉิมพลี,ภูมิใจไทย,#212b6b,10
election_data\อำเภอเดชอุดม (เฉพาะตำบลทุ่งเทิง)\หน่วยที่ 12,ล่วงหน้านอกเขต,ล่วงหน้านอกเขต,หน่วยที่ 12,advance_out,2,นายสมศักดิ์ บุญประชม,เพื่อไทรวมพลัง,#ff66cc,114
election_data\อำเภอเดชอุดม (เฉพาะตำบลทุ่งเทิง)\หน่วยที่ 12,ล่วงหน้านอกเขต,ล่วงหน้านอกเขต,หน่วยที่ 12,advance_out,3,นายวัชรพล เชื้อคง,เพื่อไทย,#e0002b,95
election_data\อำเภอเดชอุดม (เฉพาะตำบลทุ่งเทิง)\หน่วยที่ 12,ล่วงหน้านอกเขต,ล่วงหน้านอกเขต,หน่วยที่ 12,advance_out,4,นางสาวมิลิณ กำเนิดสิงห์,พลังประชารัฐ,#1f56a3,0
election_data\อำเภอเดชอุดม (เฉพาะตำบลทุ่งเทิง)\หน่วยที่ 12,ล่วงหน้านอกเขต,ล่วงหน้านอกเขต,หน่วยที่ 12,advance_out,5,นายสิโรตม์ แสนทวีสุข,ประชาชน,#f47933,1
election_data\อำเภอเดชอุดม (เฉพาะตำบลทุ่งเทิง)\หน่วยที่ 12,ล่วงหน้านอกเขต,ล่วงหน้านอกเขต,หน่วยที่ 12,advance_out,6,นายยิ่ง ภูผา,ประชาธิปัตย์,#00a2e8,2
election_data\อำเภอเดชอุดม (เฉพาะตำบลทุ่งเทิง)\หน่วยที่ 13,ล่วงหน้านอกเขต,ล่วงหน้านอกเขต,หน่วยที่ 13,advance_out,1,นายเกษม ฉิมพลี,ภูมิใจไทย,#212b6b,0
election_data\อำเภอเดชอุดม (เฉพาะตำบลทุ่งเทิง)\หน่วยที่ 13,ล่วงหน้านอกเขต,ล่วงหน้านอกเขต,หน่วยที่ 13,advance_out,2,นายสมศักดิ์ บุญประชม,เพื่อไทรวมพลัง,#ff66cc,91
election_data\อำเภอเดชอุดม (เฉพาะตำบลทุ่งเทิง)\หน่วยที่ 13,ล่วงหน้านอกเขต,ล่วงหน้านอกเขต,หน่วยที่ 13,advance_out,3,นายวัชรพล เชื้อคง,เพื่อไทย,#e0002b,30
election_data\อำเภอเดชอุดม (เฉพาะตำบลทุ่งเทิง)\หน่วยที่ 13,ล่วงหน้านอกเขต,ล่วงหน้านอกเขต,หน่วยที่ 13,advance_out,4,นางสาวมิลิณ กำเนิดสิงห์,พลังประชารัฐ,#1f56a3,1
election_data\อำเภอเดชอุดม (เฉพาะตำบลทุ่งเทิง)\หน่วยที่ 13,ล่วงหน้านอกเขต,ล่วงหน้านอกเขต,หน่วยที่ 13,advance_out,5,นายสิโรตม์ แสนทวีสุข,ประชาชน,#f47933,0
election_data\อำเภอเดชอุดม (เฉพาะตำบลทุ่งเทิง)\หน่วยที่ 13,ล่วงหน้านอกเขต,ล่วงหน้านอกเขต,หน่วยที่ 13,advance_out,6,นายยิ่ง ภูผา,ประชาธิปัตย์,#00a2e8,0
election_data\อำเภอเดชอุดม (เฉพาะตำบลทุ่งเทิง)\หน่วยที่ 14,ล่วงหน้านอกเขต,ล่วงหน้านอกเขต,หน่วยที่ 14,advance_out,1,นายเกษม ฉิมพลี,ภูมิใจไทย,#212b6b,7
election_data\อำเภอเดชอุดม (เฉพาะตำบลทุ่งเทิง)\หน่วยที่ 14,ล่วงหน้านอกเขต,ล่วงหน้านอกเขต,หน่วยที่ 14,advance_out,2,นายสมศักดิ์ บุญประชม,เพื่อไทรวมพลัง,#ff66cc,114
election_data\อำเภอเดชอุดม (เฉพาะตำบลทุ่งเทิง)\หน่วยที่ 14,ล่วงหน้านอกเขต,ล่วงหน้านอกเขต,หน่วยที่ 14,advance_out,3,นายวัชรพล เชื้อคง,เพื่อไทย,#e0002b,15
election_data\อำเภอเดชอุดม (เฉพาะตำบลทุ่งเทิง)\หน่วยที่ 14,ล่วงหน้านอกเขต,ล่วงหน้านอกเขต,หน่วยที่ 14,advance_out,4,นางสาวมิลิณ กำเนิดสิงห์,พลังประชารัฐ,#1f56a3,0
election_data\อำเภอเดชอุดม (เฉพาะตำบลทุ่งเทิง)\หน่วยที่ 14,ล่วงหน้านอกเขต,ล่วงหน้านอกเขต,หน่วยที่ 14,advance_out,5,นายสิโรตม์ แสนทวีสุข,ประชาชน,#f47933,1
election_data\อำเภอเดชอุดม (เฉพาะตำบลทุ่งเทิง)\หน่วยที่ 14,ล่วงหน้านอกเขต,ล่วงหน้านอกเขต,หน่วยที่ 14,advance_out,6,นายยิ่ง ภูผา,ประชาธิปัตย์,#00a2e8,3
election_data\อำเภอเดชอุดม (เฉพาะตำบลทุ่งเทิง)\หน่วยที่ 15,ล่วงหน้านอกเขต,ล่วงหน้านอกเขต,หน่วยที่ 15,advance_out,1,นายเกษม ฉิมพลี,ภูมิใจไทย,#212b6b,2
election_data\อำเภอเดชอุดม (เฉพาะตำบลทุ่งเทิง)\หน่วยที่ 15,ล่วงหน้านอกเขต,ล่วงหน้านอกเขต,หน่วยที่ 15,advance_out,2,นายสมศักดิ์ บุญประชม,เพื่อไทรวมพลัง,#ff66cc,196
election_data\อำเภอเดชอุดม (เฉพาะตำบลทุ่งเทิง)\หน่วยที่ 15,ล่วงหน้านอกเขต,ล่วงหน้านอกเขต,หน่วยที่ 15,advance_out,3,นายวัชรพล เชื้อคง,เพื่อไทย,#e0002b,38
election_data\อำเภอเดชอุดม (เฉพาะตำบลทุ่งเทิง)\หน่วยที่ 15,ล่วงหน้านอกเขต,ล่วงหน้านอกเขต,หน่วยที่ 15,advance_out,4,นางสาวมิลิณ กำเนิดสิงห์,พลังประชารัฐ,#1f56a3,0
election_data\อำเภอเดชอุดม (เฉพาะตำบลทุ่งเทิง)\หน่วยที่ 15,ล่วงหน้านอกเขต,ล่วงหน้านอกเขต,หน่วยที่ 15,advance_out,5,นายสิโรตม์ แสนทวีสุข,ประชาชน,#f47933,12
election_data\อำเภอเดชอุดม (เฉพาะตำบลทุ่งเทิง)\หน่วยที่ 15,ล่วงหน้านอกเขต,ล่วงหน้านอกเขต,หน่วยที่ 15,advance_out,6,นายยิ่ง ภูผา,ประชาธิปัตย์,#00a2e8,2
election_data\อำเภอเดชอุดม (เฉพาะตำบลทุ่งเทิง)\หน่วยที่ 2,ล่วงหน้านอกเขต,ล่วงหน้านอกเขต,หน่วยที่ 2,advance_out,1,นายเกษม ฉิมพลี,ภูมิใจไทย,#212b6b,192
election_data\อำเภอเดชอุดม (เฉพาะตำบลทุ่งเทิง)\หน่วยที่ 2,ล่วงหน้านอกเขต,ล่วงหน้านอกเขต,หน่วยที่ 2,advance_out,2,นายสมศักดิ์ บุญประชม,เพื่อไทรวมพลัง,#ff66cc,192
election_data\อำเภอเดชอุดม (เฉพาะตำบลทุ่งเทิง)\หน่วยที่ 2,ล่วงหน้านอกเขต,ล่วงหน้านอกเขต,หน่วยที่ 2,advance_out,3,นายวัชรพล เชื้อคง,เพื่อไทย,#e0002b,52
election_data\อำเภอเดชอุดม (เฉพาะตำบลทุ่งเทิง)\หน่วยที่ 2,ล่วงหน้านอกเขต,ล่วงหน้านอกเขต,หน่วยที่ 2,advance_out,4,นางสาวมิลิณ กำเนิดสิงห์,พลังประชารัฐ,#1f56a3,21
election_data\อำเภอเดชอุดม (เฉพาะตำบลทุ่งเทิง)\หน่วยที่ 2,ล่วงหน้านอกเขต,ล่วงหน้านอกเขต,หน่วยที่ 2,advance_out,5,นายสิโรตม์ แสนทวีสุข,ประชาชน,#f47933,2
election_data\อำเภอเดชอุดม (เฉพาะตำบลทุ่งเทิง)\หน่วยที่ 2,ล่วงหน้านอกเขต,ล่วงหน้านอกเขต,หน่วยที่ 2,advance_out,6,นายยิ่ง ภูผา,ประชาธิปัตย์,#00a2e8,0
election_data\อำเภอเดชอุดม (เฉพาะตำบลทุ่งเทิง)\หน่วยที่ 3,ล่วงหน้านอกเขต,ล่วงหน้านอกเขต,หน่วยที่ 3,advance_out,1,นายเกษม ฉิมพลี,ภูมิใจไทย,#212b6b,6
election_data\อำเภอเดชอุดม (เฉพาะตำบลทุ่งเทิง)\หน่วยที่ 3,ล่วงหน้านอกเขต,ล่วงหน้านอกเขต,หน่วยที่ 3,advance_out,2,นายสมศักดิ์ บุญประชม,เพื่อไทรวมพลัง,#ff66cc,257
election_data\อำเภอเดชอุดม (เฉพาะตำบลทุ่งเทิง)\หน่วยที่ 3,ล่วงหน้านอกเขต,ล่วงหน้านอกเขต,หน่วยที่ 3,advance_out,3,นายวัชรพล เชื้อคง,เพื่อไทย,#e0002b,44
election_data\อำเภอเดชอุดม (เฉพาะตำบลทุ่งเทิง)\หน่วยที่ 3,ล่วงหน้านอกเขต,ล่วงหน้านอกเขต,หน่วยที่ 3,advance_out,4,นางสาวมิลิณ กำเนิดสิงห์,พลังประชารัฐ,#1f56a3,3
election_data\อำเภอเดชอุดม (เฉพาะตำบลทุ่งเทิง)\หน่วยที่ 3,ล่วงหน้านอกเขต,ล่วงหน้านอกเขต,หน่วยที่ 3,advance_out,5,นายสิโรตม์ แสนทวีสุข,ประชาชน,#f47933,36
election_data\อำเภอเดชอุดม (เฉพาะตำบลทุ่งเทิง)\หน่วยที่ 3,ล่วงหน้านอกเขต,ล่วงหน้านอกเขต,หน่วยที่ 3,advance_out,6,นายยิ่ง ภูผา,ประชาธิปัตย์,#00a2e8,6
election_data\อำเภอเดชอุดม (เฉพาะตำบลทุ่งเทิง)\หน่วยที่ 4,ล่วงหน้านอกเขต,ล่วงหน้านอกเขต,หน่วยที่ 4,advance_out,1,นายเกษม ฉิมพลี,ภูมิใจไทย,#212b6b,17
election_data\อำเภอเดชอุดม (เฉพาะตำบลทุ่งเทิง)\หน่วยที่ 4,ล่วงหน้านอกเขต,ล่วงหน้านอกเขต,หน่วยที่ 4,advance_out,2,นายสมศักดิ์ บุญประชม,เพื่อไทรวมพลัง,#ff66cc,40
election_data\อำเภอเดชอุดม (เฉพาะตำบลทุ่งเทิง)\หน่วยที่ 4,ล่วงหน้านอกเขต,ล่วงหน้านอกเขต,หน่วยที่ 4,advance_out,3,นายวัชรพล เชื้อคง,เพื่อไทย,#e0002b,89
election_data\อำเภอเดชอุดม (เฉพาะตำบลทุ่งเทิง)\หน่วยที่ 4,ล่วงหน้านอกเขต,ล่วงหน้านอกเขต,หน่วยที่ 4,advance_out,4,นางสาวมิลิณ กำเนิดสิงห์,พลังประชารัฐ,#1f56a3,4
election_data\อำเภอเดชอุดม (เฉพาะตำบลทุ่งเทิง)\หน่วยที่ 4,ล่วงหน้านอกเขต,ล่วงหน้านอกเขต,หน่วยที่ 4,advance_out,5,นายสิโรตม์ แสนทวีสุข,ประชาชน,#f47933,1
election_data\อำเภอเดชอุดม (เฉพาะตำบลทุ่งเทิง)\หน่วยที่ 4,ล่วงหน้านอกเขต,ล่วงหน้านอกเขต,หน่วยที่ 4,advance_out,6,นายยิ่ง ภูผา,ประชาธิปัตย์,#00a2e8,0
election_data\อำเภอเดชอุดม (เฉพาะตำบลทุ่งเทิง)\หน่วยที่ 5,ล่วงหน้านอกเขต,ล่วงหน้านอกเขต,หน่วยที่ 5,advance_out,1,นายเกษม ฉิมพลี,ภูมิใจไทย,#212b6b,7
election_data\อำเภอเดชอุดม (เฉพาะตำบลทุ่งเทิง)\หน่วยที่ 5,ล่วงหน้านอกเขต,ล่วงหน้านอกเขต,หน่วยที่ 5,advance_out,2,นายสมศักดิ์ บุญประชม,เพื่อไทรวมพลัง,#ff66cc,196
election_data\อำเภอเดชอุดม (เฉพาะตำบลทุ่งเทิง)\หน่วยที่ 5,ล่วงหน้านอกเขต,ล่วงหน้านอกเขต,หน่วยที่ 5,advance_out,3,นายวัชรพล เชื้อคง,เพื่อไทย,#e0002b,30
election_data\อำเภอเดชอุดม (เฉพาะตำบลทุ่งเทิง)\หน่วยที่ 5,ล่วงหน้านอกเขต,ล่วงหน้านอกเขต,หน่วยที่ 5,advance_out,4,นางสาวมิลิณ กำเนิดสิงห์,พลังประชารัฐ,#1f56a3,14
election_data\อำเภอเดชอุดม (เฉพาะตำบลทุ่งเทิง)\หน่วยที่ 5,ล่วงหน้านอกเขต,ล่วงหน้านอกเขต,หน่วยที่ 5,advance_out,5,นายสิโรตม์ แสนทวีสุข,ประชาชน,#f47933,0
election_data\อำเภอเดชอุดม (เฉพาะตำบลทุ่งเทิง)\หน่วยที่ 5,ล่วงหน้านอกเขต,ล่วงหน้านอกเขต,หน่วยที่ 5,advance_out,6,นายยิ่ง ภูผา,ประชาธิปัตย์,#00a2e8,0
election_data\อำเภอเดชอุดม (เฉพาะตำบลทุ่งเทิง)\หน่วยที่ 6,ล่วงหน้านอกเขต,ล่วงหน้านอกเขต,หน่วยที่ 6,advance_out,1,นายเกษม ฉิมพลี,ภูมิใจไทย,#212b6b,0
election_data\อำเภอเดชอุดม (เฉพาะตำบลทุ่งเทิง)\หน่วยที่ 6,ล่วงหน้านอกเขต,ล่วงหน้านอกเขต,หน่วยที่ 6,advance_out,2,นายสมศักดิ์ บุญประชม,เพื่อไทรวมพลัง,#ff66cc,141
election_data\อำเภอเดชอุดม (เฉพาะตำบลทุ่งเทิง)\หน่วยที่ 6,ล่วงหน้านอกเขต,ล่วงหน้านอกเขต,หน่วยที่ 6,advance_out,3,นายวัชรพล เชื้อคง,เพื่อไทย,#e0002b,22
election_data\อำเภอเดชอุดม (เฉพาะตำบลทุ่งเทิง)\หน่วยที่ 6,ล่วงหน้านอกเขต,ล่วงหน้านอกเขต,หน่วยที่ 6,advance_out,4,นางสาวมิลิณ กำเนิดสิงห์,พลังประชารัฐ,#1f56a3,1
election_data\อำเภอเดชอุดม (เฉพาะตำบลทุ่งเทิง)\หน่วยที่ 6,ล่วงหน้านอกเขต,ล่วงหน้านอกเขต,หน่วยที่ 6,advance_out,5,นายสิโรตม์ แสนทวีสุข,ประชาชน,#f47933,5
election_data\อำเภอเดชอุดม (เฉพาะตำบลทุ่งเทิง)\หน่วยที่ 6,ล่วงหน้านอกเขต,ล่วงหน้านอกเขต,หน่วยที่ 6,advance_out,6,นายยิ่ง ภูผา,ประชาธิปัตย์,#00a2e8,0
election_data\อำเภอเดชอุดม (เฉพาะตำบลทุ่งเทิง)\หน่วยที่ 7,ล่วงหน้านอกเขต,ล่วงหน้านอกเขต,หน่วยที่ 7,advance_out,1,นายเกษม ฉิมพลี,ภูมิใจไทย,#212b6b,0
election_data\อำเภอเดชอุดม (เฉพาะตำบลทุ่งเทิง)\หน่วยที่ 7,ล่วงหน้านอกเขต,ล่วงหน้านอกเขต,หน่วยที่ 7,advance_out,2,นายสมศักดิ์ บุญประชม,เพื่อไทรวมพลัง,#ff66cc,53
election_data\อำเภอเดชอุดม (เฉพาะตำบลทุ่งเทิง)\หน่วยที่ 7,ล่วงหน้านอกเขต,ล่วงหน้านอกเขต,หน่วยที่ 7,advance_out,3,นายวัชรพล เชื้อคง,เพื่อไทย,#e0002b,6
election_data\อำเภอเดชอุดม (เฉพาะตำบลทุ่งเทิง)\หน่วยที่ 7,ล่วงหน้านอกเขต,ล่วงหน้านอกเขต,หน่วยที่ 7,advance_out,4,นางสาวมิลิณ กำเนิดสิงห์,พลังประชารัฐ,#1f56a3,2
election_data\อำเภอเดชอุดม (เฉพาะตำบลทุ่งเทิง)\หน่วยที่ 7,ล่วงหน้านอกเขต,ล่วงหน้านอกเขต,หน่วยที่ 7,advance_out,5,นายสิโรตม์ แสนทวีสุข,ประชาชน,#f47933,8
election_data\อำเภอเดชอุดม (เฉพาะตำบลทุ่งเทิง)\หน่วยที่ 7,ล่วงหน้านอกเขต,ล่วงหน้านอกเขต,หน่วยที่ 7,advance_out,6,นายยิ่ง ภูผา,ประชาธิปัตย์,#00a2e8,0
election_data\อำเภอเดชอุดม (เฉพาะตำบลทุ่งเทิง)\หน่วยที่ 8,ล่วงหน้านอกเขต,ล่วงหน้านอกเขต,หน่วยที่ 8,advance_out,1,นายเกษม ฉิมพลี,ภูมิใจไทย,#212b6b,4
election_data\อำเภอเดชอุดม (เฉพาะตำบลทุ่งเทิง)\หน่วยที่ 8,ล่วงหน้านอกเขต,ล่วงหน้านอกเขต,หน่วยที่ 8,advance_out,2,นายสมศักดิ์ บุญประชม,เพื่อไทรวมพลัง,#ff66cc,102
election_data\อำเภอเดชอุดม (เฉพาะตำบลทุ่งเทิง)\หน่วยที่ 8,ล่วงหน้านอกเขต,ล่วงหน้านอกเขต,หน่วยที่ 8,advance_out,3,นายวัชรพล เชื้อคง,เพื่อไทย,#e0002b,31
election_data\อำเภอเดชอุดม (เฉพาะตำบลทุ่งเทิง)\หน่วยที่ 8,ล่วงหน้านอกเขต,ล่วงหน้านอกเขต,หน่วยที่ 8,advance_out,4,นางสาวมิลิณ กำเนิดสิงห์,พลังประชารัฐ,#1f56a3,1
election_data\อำเภอเดชอุดม (เฉพาะตำบลทุ่งเทิง)\หน่วยที่ 8,ล่วงหน้านอกเขต,ล่วงหน้านอกเขต,หน่วยที่ 8,advance_out,5,นายสิโรตม์ แสนทวีสุข,ประชาชน,#f47933,12
election_data\อำเภอเดชอุดม (เฉพาะตำบลทุ่งเทิง)\หน่วยที่ 8,ล่วงหน้านอกเขต,ล่วงหน้านอกเขต,หน่วยที่ 8,advance_out,6,นายยิ่ง ภูผา,ประชาธิปัตย์,#00a2e8,2
election_data\อำเภอเดชอุดม (เฉพาะตำบลทุ่งเทิง)\หน่วยที่ 9,ล่วงหน้านอกเขต,ล่วงหน้านอกเขต,หน่วยที่ 9,advance_out,1,นายเกษม ฉิมพลี,ภูมิใจไทย,#212b6b,1
election_data\อำเภอเดชอุดม (เฉพาะตำบลทุ่งเทิง)\หน่วยที่ 9,ล่วงหน้านอกเขต,ล่วงหน้านอกเขต,หน่วยที่ 9,advance_out,2,นายสมศักดิ์ บุญประชม,เพื่อไทรวมพลัง,#ff66cc,213
election_data\อำเภอเดชอุดม (เฉพาะตำบลทุ่งเทิง)\หน่วยที่ 9,ล่วงหน้านอกเขต,ล่วงหน้านอกเขต,หน่วยที่ 9,advance_out,3,นายวัชรพล เชื้อคง,เพื่อไทย,#e0002b,2
election_data\อำเภอเดชอุดม (เฉพาะตำบลทุ่งเทิง)\หน่วยที่ 9,ล่วงหน้านอกเขต,ล่วงหน้านอกเขต,หน่วยที่ 9,advance_out,4,นางสาวมิลิณ กำเนิดสิงห์,พลังประชารัฐ,#1f56a3,4
election_data\อำเภอเดชอุดม (เฉพาะตำบลทุ่งเทิง)\หน่วยที่ 9,ล่วงหน้านอกเขต,ล่วงหน้านอกเขต,หน่วยที่ 9,advance_out,5,นายสิโรตม์ แสนทวีสุข,ประชาชน,#f47933,30
election_data\อำเภอเดชอุดม (เฉพาะตำบลทุ่งเทิง)\หน่วยที่ 9,ล่วงหน้านอกเขต,ล่วงหน้านอกเขต,หน่วยที่ 9,advance_out,6,นายยิ่ง ภูผา,ประชาธิปัตย์,#00a2e8,0
election_data\ล่วงหน้านอกเขตเลือกตั้งและนอกราชอาณาจักร\ส.ส.5-17 ชุดที่ 1,ล่วงหน้านอกเขต,ล่วงหน้านอกเขต,ส.ส.5-17 ชุดที่ 1,advance_out,1,นายเกษม ฉิมพลี,ภูมิใจไทย,#212b6b,0
election_data\ล่วงหน้านอกเขตเลือกตั้งและนอกราชอาณาจักร\ส.ส.5-17 ชุดที่ 1,ล่วงหน้านอกเขต,ล่วงหน้านอกเขต,ส.ส.5-17 ชุดที่ 1,advance_out,2,นายสมศักดิ์ บุญประชม,เพื่อไทรวมพลัง,#ff66cc,254
election_data\ล่วงหน้านอกเขตเลือกตั้งและนอกราชอาณาจักร\ส.ส.5-17 ชุดที่ 1,ล่วงหน้านอกเขต,ล่วงหน้านอกเขต,ส.ส.5-17 ชุดที่ 1,advance_out,3,นายวัชรพล เชื้อคง,เพื่อไทย,#e0002b,0
election_data\ล่วงหน้านอกเขตเลือกตั้งและนอกราชอาณาจักร\ส.ส.5-17 ชุดที่ 1,ล่วงหน้านอกเขต,ล่วงหน้านอกเขต,ส.ส.5-17 ชุดที่ 1,advance_out,4,นางสาวมิลิณ กำเนิดสิงห์,พลังประชารัฐ,#1f56a3,0
election_data\ล่วงหน้านอกเขตเลือกตั้งและนอกราชอาณาจักร\ส.ส.5-17 ชุดที่ 1,ล่วงหน้านอกเขต,ล่วงหน้านอกเขต,ส.ส.5-17 ชุดที่ 1,advance_out,5,นายสิโรตม์ แสนทวีสุข,ประชาชน,#f47933,224
election_data\ล่วงหน้านอกเขตเลือกตั้งและนอกราชอาณาจักร\ส.ส.5-17 ชุดที่ 1,ล่วงหน้านอกเขต,ล่วงหน้านอกเขต,ส.ส.5-17 ชุดที่ 1,advance_out,6,นายยิ่ง ภูผา,ประชาธิปัตย์,#00a2e8,0
election_data\ล่วงหน้านอกเขตเลือกตั้งและนอกราชอาณาจักร\ส.ส.5-17 ชุดที่ 2,ล่วงหน้านอกเขต,ล่วงหน้านอกเขต,ส.ส.5-17 ชุดที่ 2,advance_out,1,นายเกษม ฉิมพลี,ภูมิใจไทย,#212b6b,0
election_data\ล่วงหน้านอกเขตเลือกตั้งและนอกราชอาณาจักร\ส.ส.5-17 ชุดที่ 2,ล่วงหน้านอกเขต,ล่วงหน้านอกเขต,ส.ส.5-17 ชุดที่ 2,advance_out,2,นายสมศักดิ์ บุญประชม,เพื่อไทรวมพลัง,#ff66cc,240
election_data\ล่วงหน้านอกเขตเลือกตั้งและนอกราชอาณาจักร\ส.ส.5-17 ชุดที่ 2,ล่วงหน้านอกเขต,ล่วงหน้านอกเขต,ส.ส.5-17 ชุดที่ 2,advance_out,3,นายวัชรพล เชื้อคง,เพื่อไทย,#e0002b,0
election_data\ล่วงหน้านอกเขตเลือกตั้งและนอกราชอาณาจักร\ส.ส.5-17 ชุดที่ 2,ล่วงหน้านอกเขต,ล่วงหน้านอกเขต,ส.ส.5-17 ชุดที่ 2,advance_out,4,นางสาวมิลิณ กำเนิดสิงห์,พลังประชารัฐ,#1f56a3,0
election_data\ล่วงหน้านอกเขตเลือกตั้งและนอกราชอาณาจักร\ส.ส.5-17 ชุดที่ 2,ล่วงหน้านอกเขต,ล่วงหน้านอกเขต,ส.ส.5-17 ชุดที่ 2,advance_out,5,นายสิโรตม์ แสนทวีสุข,ประชาชน,#f47933,221
election_data\ล่วงหน้านอกเขตเลือกตั้งและนอกราชอาณาจักร\ส.ส.5-17 ชุดที่ 2,ล่วงหน้านอกเขต,ล่วงหน้านอกเขต,ส.ส.5-17 ชุดที่ 2,advance_out,6,นายยิ่ง ภูผา,ประชาธิปัตย์,#00a2e8,0
election_data\ล่วงหน้านอกเขตเลือกตั้งและนอกราชอาณาจักร\ส.ส.5-17 ชุดที่ 3,ล่วงหน้านอกเขต,ล่วงหน้านอกเขต,ส.ส.5-17 ชุดที่ 3,advance_out,1,นายเกษม ฉิมพลี,ภูมิใจไทย,#212b6b,0
election_data\ล่วงหน้านอกเขตเลือกตั้งและนอกราชอาณาจักร\ส.ส.5-17 ชุดที่ 3,ล่วงหน้านอกเขต,ล่วงหน้านอกเขต,ส.ส.5-17 ชุดที่ 3,advance_out,2,นายสมศักดิ์ บุญประชม,เพื่อไทรวมพลัง,#ff66cc,280
election_data\ล่วงหน้านอกเขตเลือกตั้งและนอกราชอาณาจักร\ส.ส.5-17 ชุดที่ 3,ล่วงหน้านอกเขต,ล่วงหน้านอกเขต,ส.ส.5-17 ชุดที่ 3,advance_out,3,นายวัชรพล เชื้อคง,เพื่อไทย,#e0002b,0
election_data\ล่วงหน้านอกเขตเลือกตั้งและนอกราชอาณาจักร\ส.ส.5-17 ชุดที่ 3,ล่วงหน้านอกเขต,ล่วงหน้านอกเขต,ส.ส.5-17 ชุดที่ 3,advance_out,4,นางสาวมิลิณ กำเนิดสิงห์,พลังประชารัฐ,#1f56a3,0
election_data\ล่วงหน้านอกเขตเลือกตั้งและนอกราชอาณาจักร\ส.ส.5-17 ชุดที่ 3,ล่วงหน้านอกเขต,ล่วงหน้านอกเขต,ส.ส.5-17 ชุดที่ 3,advance_out,5,นายสิโรตม์ แสนทวีสุข,ประชาชน,#f47933,222
election_data\ล่วงหน้านอกเขตเลือกตั้งและนอกราชอาณาจักร\ส.ส.5-17 ชุดที่ 3,ล่วงหน้านอกเขต,ล่วงหน้านอกเขต,ส.ส.5-17 ชุดที่ 3,advance_out,6,นายยิ่ง ภูผา,ประชาธิปัตย์,#00a2e8,0
election_data\ล่วงหน้านอกเขตเลือกตั้งและนอกราชอาณาจักร\ส.ส.5-17 ชุดที่ 4,ล่วงหน้านอกเขต,ล่วงหน้านอกเขต,ส.ส.5-17 ชุดที่ 4,advance_out,1,นายเกษม ฉิมพลี,ภูมิใจไทย,#212b6b,0
election_data\ล่วงหน้านอกเขตเลือกตั้งและนอกราชอาณาจักร\ส.ส.5-17 ชุดที่ 4,ล่วงหน้านอกเขต,ล่วงหน้านอกเขต,ส.ส.5-17 ชุดที่ 4,advance_out,2,นายสมศักดิ์ บุญประชม,เพื่อไทรวมพลัง,#ff66cc,250
election_data\ล่วงหน้านอกเขตเลือกตั้งและนอกราชอาณาจักร\ส.ส.5-17 ชุดที่ 4,ล่วงหน้านอกเขต,ล่วงหน้านอกเขต,ส.ส.5-17 ชุดที่ 4,advance_out,3,นายวัชรพล เชื้อคง,เพื่อไทย,#e0002b,0
election_data\ล่วงหน้านอกเขตเลือกตั้งและนอกราชอาณาจักร\ส.ส.5-17 ชุดที่ 4,ล่วงหน้านอกเขต,ล่วงหน้านอกเขต,ส.ส.5-17 ชุดที่ 4,advance_out,4,นางสาวมิลิณ กำเนิดสิงห์,พลังประชารัฐ,#1f56a3,0
election_data\ล่วงหน้านอกเขตเลือกตั้งและนอกราชอาณาจักร\ส.ส.5-17 ชุดที่ 4,ล่วงหน้านอกเขต,ล่วงหน้านอกเขต,ส.ส.5-17 ชุดที่ 4,advance_out,5,นายสิโรตม์ แสนทวีสุข,ประชาชน,#f47933,215
election_data\ล่วงหน้านอกเขตเลือกตั้งและนอกราชอาณาจักร\ส.ส.5-17 ชุดที่ 4,ล่วงหน้านอกเขต,ล่วงหน้านอกเขต,ส.ส.5-17 ชุดที่ 4,advance_out,6,นายยิ่ง ภูผา,ประชาธิปัตย์,#00a2e8,0
election_data\ล่วงหน้านอกเขตเลือกตั้งและนอกราชอาณาจักร\ส.ส.5-17 ชุดที่ 5,ล่วงหน้านอกเขต,ล่วงหน้านอกเขต,ส.ส.5-17 ชุดที่ 5,advance_out,1,นายเกษม ฉิมพลี,ภูมิใจไทย,#212b6b,0
election_data\ล่วงหน้านอกเขตเลือกตั้งและนอกราชอาณาจักร\ส.ส.5-17 ชุดที่ 5,ล่วงหน้านอกเขต,ล่วงหน้านอกเขต,ส.ส.5-17 ชุดที่ 5,advance_out,2,นายสมศักดิ์ บุญประชม,เพื่อไทรวมพลัง,#ff66cc,231
election_data\ล่วงหน้านอกเขตเลือกตั้งและนอกราชอาณาจักร\ส.ส.5-17 ชุดที่ 5,ล่วงหน้านอกเขต,ล่วงหน้านอกเขต,ส.ส.5-17 ชุดที่ 5,advance_out,3,นายวัชรพล เชื้อคง,เพื่อไทย,#e0002b,0
election_data\ล่วงหน้านอกเขตเลือกตั้งและนอกราชอาณาจักร\ส.ส.5-17 ชุดที่ 5,ล่วงหน้านอกเขต,ล่วงหน้านอกเขต,ส.ส.5-17 ชุดที่ 5,advance_out,4,นางสาวมิลิณ กำเนิดสิงห์,พลังประชารัฐ,#1f56a3,0
election_data\ล่วงหน้านอกเขตเลือกตั้งและนอกราชอาณาจักร\ส.ส.5-17 ชุดที่ 5,ล่วงหน้านอกเขต,ล่วงหน้านอกเขต,ส.ส.5-17 ชุดที่ 5,advance_out,5,นายสิโรตม์ แสนทวีสุข,ประชาชน,#f47933,228
election_data\ล่วงหน้านอกเขตเลือกตั้งและนอกราชอาณาจักร\ส.ส.5-17 ชุดที่ 5,ล่วงหน้านอกเขต,ล่วงหน้านอกเขต,ส.ส.5-17 ชุดที่ 5,advance_out,6,นายยิ่ง ภูผา,ประชาธิปัตย์,#00a2e8,0
election_data\ล่วงหน้านอกเขตเลือกตั้งและนอกราชอาณาจักร\ส.ส.5-17 ชุดที่6,ล่วงหน้านอกเขต,ล่วงหน้านอกเขต,ส.ส.5-17 ชุดที่6,advance_out,1,นายเกษม ฉิมพลี,ภูมิใจไทย,#212b6b,0
election_data\ล่วงหน้านอกเขตเลือกตั้งและนอกราชอาณาจักร\ส.ส.5-17 ชุดที่6,ล่วงหน้านอกเขต,ล่วงหน้านอกเขต,ส.ส.5-17 ชุดที่6,advance_out,2,นายสมศักดิ์ บุญประชม,เพื่อไทรวมพลัง,#ff66cc,249
election_data\ล่วงหน้านอกเขตเลือกตั้งและนอกราชอาณาจักร\ส.ส.5-17 ชุดที่6,ล่วงหน้านอกเขต,ล่วงหน้านอกเขต,ส.ส.5-17 ชุดที่6,advance_out,3,นายวัชรพล เชื้อคง,เพื่อไทย,#e0002b,0
election_data\ล่วงหน้านอกเขตเลือกตั้งและนอกราชอาณาจักร\ส.ส.5-17 ชุดที่6,ล่วงหน้านอกเขต,ล่วงหน้านอกเขต,ส.ส.5-17 ชุดที่6,advance_out,4,นางสาวมิลิณ กำเนิดสิงห์,พลังประชารัฐ,#1f56a3,0
election_data\ล่วงหน้านอกเขตเลือกตั้งและนอกราชอาณาจักร\ส.ส.5-17 ชุดที่6,ล่วงหน้านอกเขต,ล่วงหน้านอกเขต,ส.ส.5-17 ชุดที่6,advance_out,5,นายสิโรตม์ แสนทวีสุข,ประชาชน,#f47933,236
election_data\ล่วงหน้านอกเขตเลือกตั้งและนอกราชอาณาจักร\ส.ส.5-17 ชุดที่6,ล่วงหน้านอกเขต,ล่วงหน้านอกเขต,ส.ส.5-17 ชุดที่6,advance_out,6,นายยิ่ง ภูผา,ประชาธิปัตย์,#00a2e8,0
election_data\ล่วงหน้านอกเขตเลือกตั้งและนอกราชอาณาจักร\ส.ส.5-17 ชุดที่7,ล่วงหน้านอกเขต,ล่วงหน้านอกเขต,ส.ส.5-17 ชุดที่7,advance_out,1,นายเกษม ฉิมพลี,ภูมิใจไทย,#212b6b,0
election_data\ล่วงหน้านอกเขตเลือกตั้งและนอกราชอาณาจักร\ส.ส.5-17 ชุดที่7,ล่วงหน้านอกเขต,ล่วงหน้านอกเขต,ส.ส.5-17 ชุดที่7,advance_out,2,นายสมศักดิ์ บุญประชม,เพื่อไทรวมพลัง,#ff66cc,253
election_data\ล่วงหน้านอกเขตเลือกตั้งและนอกราชอาณาจักร\ส.ส.5-17 ชุดที่7,ล่วงหน้านอกเขต,ล่วงหน้านอกเขต,ส.ส.5-17 ชุดที่7,advance_out,3,นายวัชรพล เชื้อคง,เพื่อไทย,#e0002b,0
election_data\ล่วงหน้านอกเขตเลือกตั้งและนอกราชอาณาจักร\ส.ส.5-17 ชุดที่7,ล่วงหน้านอกเขต,ล่วงหน้านอกเขต,ส.ส.5-17 ชุดที่7,advance_out,4,นางสาวมิลิณ กำเนิดสิงห์,พลังประชารัฐ,#1f56a3,0
election_data\ล่วงหน้านอกเขตเลือกตั้งและนอกราชอาณาจักร\ส.ส.5-17 ชุดที่7,ล่วงหน้านอกเขต,ล่วงหน้านอกเขต,ส.ส.5-17 ชุดที่7,advance_out,5,นายสิโรตม์ แสนทวีสุข,ประชาชน,#f47933,207
election_data\ล่วงหน้านอกเขตเลือกตั้งและนอกราชอาณาจักร\ส.ส.5-17 ชุดที่7,ล่วงหน้านอกเขต,ล่วงหน้านอกเขต,ส.ส.5-17 ชุดที่7,advance_out,6,นายยิ่ง ภูผา,ประชาธิปัตย์,#00a2e8,0
election_data\ล่วงหน้านอกเขตเลือกตั้งและนอกราชอาณาจักร\ส.ส.5-17 ชุดที่ 8,ล่วงหน้านอกเขต,ล่วงหน้านอกเขต,ส.ส.5-17 ชุดที่ 8,advance_out,1,นายเกษม ฉิมพลี,ภูมิใจไทย,#212b6b,0
election_data\ล่วงหน้านอกเขตเลือกตั้งและนอกราชอาณาจักร\ส.ส.5-17 ชุดที่ 8,ล่วงหน้านอกเขต,ล่วงหน้านอกเขต,ส.ส.5-17 ชุดที่ 8,advance_out,2,นายสมศักดิ์ บุญประชม,เพื่อไทรวมพลัง,#ff66cc,277
election_data\ล่วงหน้านอกเขตเลือกตั้งและนอกราชอาณาจักร\ส.ส.5-17 ชุดที่ 8,ล่วงหน้านอกเขต,ล่วงหน้านอกเขต,ส.ส.5-17 ชุดที่ 8,advance_out,3,นายวัชรพล เชื้อคง,เพื่อไทย,#e0002b,0
election_data\ล่วงหน้านอกเขตเลือกตั้งและนอกราชอาณาจักร\ส.ส.5-17 ชุดที่ 8,ล่วงหน้านอกเขต,ล่วงหน้านอกเขต,ส.ส.5-17 ชุดที่ 8,advance_out,4,นางสาวมิลิณ กำเนิดสิงห์,พลังประชารัฐ,#1f56a3,0
election_data\ล่วงหน้านอกเขตเลือกตั้งและนอกราชอาณาจักร\ส.ส.5-17 ชุดที่ 8,ล่วงหน้านอกเขต,ล่วงหน้านอกเขต,ส.ส.5-17 ชุดที่ 8,advance_out,5,นายสิโรตม์ แสนทวีสุข,ประชาชน,#f47933,214
election_data\ล่วงหน้านอกเขตเลือกตั้งและนอกราชอาณาจักร\ส.ส.5-17 ชุดที่ 8,ล่วงหน้านอกเขต,ล่วงหน้านอกเขต,ส.ส.5-17 ชุดที่ 8,advance_out,6,นายยิ่ง ภูผา,ประชาธิปัตย์,#00a2e8,0
election_data\อำเภอน้ำขุ่น\ตำบลขี้เหล็ก\หน่วยที่ 2\สส.5-18,อำเภอน้ำขุ่น,ตำบลขี้เหล็ก,หน่วยที่ 2,election_day,1,นายเกษม ฉิมพลี,ภูมิใจไทย,#212b6b,0
election_data\อำเภอน้ำขุ่น\ตำบลขี้เหล็ก\หน่วยที่ 2\สส.5-18,อำเภอน้ำขุ่น,ตำบลขี้เหล็ก,หน่วยที่ 2,election_day,2,นายสมศักดิ์ บุญประชม,เพื่อไทรวมพลัง,#ff66cc,0
election_data\อำเภอน้ำขุ่น\ตำบลขี้เหล็ก\หน่วยที่ 2\สส.5-18,อำเภอน้ำขุ่น,ตำบลขี้เหล็ก,หน่วยที่ 2,election_day,3,นายวัชรพล เชื้อคง,เพื่อไทย,#e0002b,0
election_data\อำเภอน้ำขุ่น\ตำบลขี้เหล็ก\หน่วยที่ 2\สส.5-18,อำเภอน้ำขุ่น,ตำบลขี้เหล็ก,หน่วยที่ 2,election_day,4,นางสาวมิลิณ กำเนิดสิงห์,พลังประชารัฐ,#1f56a3,0
election_data\อำเภอน้ำขุ่น\ตำบลขี้เหล็ก\หน่วยที่ 2\สส.5-18,อำเภอน้ำขุ่น,ตำบลขี้เหล็ก,หน่วยที่ 2,election_day,5,นายสิโรตม์ แสนทวีสุข,ประชาชน,#f47933,0
election_data\อำเภอน้ำขุ่น\ตำบลขี้เหล็ก\หน่วยที่ 2\สส.5-18,อำเภอน้ำขุ่น,ตำบลขี้เหล็ก,หน่วยที่ 2,election_day,6,นายยิ่ง ภูผา,ประชาธิปัตย์,#00a2e8,0
election_data\อำเภอน้ำขุ่น\ตำบลตาเกา\หน่วยที่ 1\ส.ส.5-18,อำเภอน้ำขุ่น,ตำบลตาเกา,หน่วยที่ 1,election_day,1,นายเกษม ฉิมพลี,ภูมิใจไทย,#212b6b,0
election_data\อำเภอน้ำขุ่น\ตำบลตาเกา\หน่วยที่ 1\ส.ส.5-18,อำเภอน้ำขุ่น,ตำบลตาเกา,หน่วยที่ 1,election_day,2,นายสมศักดิ์ บุญประชม,เพื่อไทรวมพลัง,#ff66cc,256
election_data\อำเภอน้ำขุ่น\ตำบลตาเกา\หน่วยที่ 1\ส.ส.5-18,อำเภอน้ำขุ่น,ตำบลตาเกา,หน่วยที่ 1,election_day,3,นายวัชรพล เชื้อคง,เพื่อไทย,#e0002b,14
election_data\อำเภอน้ำขุ่น\ตำบลตาเกา\หน่วยที่ 1\ส.ส.5-18,อำเภอน้ำขุ่น,ตำบลตาเกา,หน่วยที่ 1,election_day,4,นางสาวมิลิณ กำเนิดสิงห์,พลังประชารัฐ,#1f56a3,0
election_data\อำเภอน้ำขุ่น\ตำบลตาเกา\หน่วยที่ 1\ส.ส.5-18,อำเภอน้ำขุ่น,ตำบลตาเกา,หน่วยที่ 1,election_day,5,นายสิโรตม์ แสนทวีสุข,ประชาชน,#f47933,0
election_data\อำเภอน้ำขุ่น\ตำบลตาเกา\หน่วยที่ 1\ส.ส.5-18,อำเภอน้ำขุ่น,ตำบลตาเกา,หน่วยที่ 1,election_day,6,นายยิ่ง ภูผา,ประชาธิปัตย์,#00a2e8,0
